event_id,app_version,protocol_id,measurement_type,chant_phrase,inspiration_phrase,transition_phrase,expiration_phrase,tap_phase,cycle_definition,date,time,datetime,timestamp_ms,timezone_offset_min,weekday,weekday_num,hour,minute,second,time_of_day,action,action_normalized,amount,is_respiratory_cycle,is_breath_chant_cycle,protocol_valid,voided,void_reason,daily_chant_total,grand_chant_total,rounds_21,position_21,global_cycle_index,day_cycle_index,session_id,session_number_today,session_cycle_index,session_start,gap_prev_marker_s,respiratory_cycle_s,respiratory_rate_bpm,cycle_change_s,abs_cycle_change_s,cycle_change_pct,rr_change_bpm,protocol_cycle_valid,cycle_qc,roll3_n,roll3_mean_cycle_s,roll3_sd_cycle_s,roll3_cv_cycle_pct,roll3_rmssd_cycle_s,roll3_mean_rr_bpm,roll5_n,roll5_mean_cycle_s,roll5_sd_cycle_s,roll5_cv_cycle_pct,roll5_rmssd_cycle_s,roll5_mean_rr_bpm,roll10_n,roll10_mean_cycle_s,roll10_sd_cycle_s,roll10_cv_cycle_pct,roll10_rmssd_cycle_s,roll10_mean_rr_bpm,roll21_n,roll21_mean_cycle_s,roll21_sd_cycle_s,roll21_cv_cycle_pct,roll21_rmssd_cycle_s,roll21_mean_rr_bpm,minute_bucket,hour_bucket,chant_cycles_in_clock_minute,chant_cycles_in_clock_hour,session_start_datetime,session_end_datetime,session_duration_s,session_duration_min,session_elapsed_s,session_total_cycles,session_mean_cycle_s,session_median_cycle_s,session_sd_cycle_s,session_cv_cycle_pct,session_rmssd_cycle_s,session_mean_abs_successive_diff_s,session_min_cycle_s,session_max_cycle_s,session_iqr_cycle_s,session_mean_rr_bpm,session_median_rr_bpm,session_sd_rr_bpm,session_cv_rr_pct,session_first_half_mean_rr_bpm,session_second_half_mean_rr_bpm,session_rr_change_first_to_second_bpm,session_rr_slope_bpm_per_min,session_chants_per_min,study_day,day_chant_cycles,day_respiratory_cycles,day_sessions,day_active_duration_min,day_first_cycle_datetime,day_last_cycle_datetime,day_mean_cycle_s,day_median_cycle_s,day_sd_cycle_s,day_cv_cycle_pct,day_rmssd_cycle_s,day_mean_abs_successive_diff_s,day_min_cycle_s,day_max_cycle_s,day_iqr_cycle_s,day_mean_rr_bpm,day_median_rr_bpm,day_sd_rr_bpm,day_cv_rr_pct,day_change_chant_cycles,day_change_mean_rr_bpm,rolling_3d_chant_mean,rolling_3d_rr_mean_bpm,rolling_3d_cycle_mean_s,rolling_7d_chant_mean,rolling_7d_rr_mean_bpm,rolling_7d_cycle_mean_s,rolling_14d_chant_mean,rolling_14d_rr_mean_bpm,rolling_14d_cycle_mean_s
legacy_1,legacy,nam_mo_a_mi_tuo_fo_phase_marker_v1,self_timed_phase_locked_respiration_chant,南無阿彌陀佛,南無,阿,彌陀佛,inspiration_to_expiration_transition,interval_between_two_consecutive_same_phase_taps,2026-09-22,17:10:05,2026-09-22 17:10:05,1790071805099,420,Tue,2,17,10,5,,chant,breath_chant_cycle,1,,1,,false,,,,7,2,1,1,2026-09-22_S01,1,1,1,,,,,,,,0,session_start,0,,,,,,0,,,,,,0,,,,,,0,,,,,,2026-09-22 17:10,2026-09-22 17,27,53,2026-09-22 17:10:05,2026-09-22 17:11:01,56.54,0.942333,0,29,2.019286,1.5985,2.024855,100.27582,2.918952,1.264148,0.832,11.709,0.52925,39.760731,37.538278,15.15736,38.121431,43.167097,36.354366,-6.812732,-22.424057,29.713477,1,155,155,5,5.751433,2026-09-22 17:10:05,2026-09-22 23:16:05,2.300573,1.494,3.630206,157.795689,3.963868,1.177248,0.432,38.034,1.05175,48.169163,40.16129,30.776793,63.893145,,,155,48.169163,2.300573,155,48.169163,2.300573,155,48.169163,2.300573
legacy_2,legacy,nam_mo_a_mi_tuo_fo_phase_marker_v1,self_timed_phase_locked_respiration_chant,南無阿彌陀佛,南無,阿,彌陀佛,inspiration_to_expiration_transition,interval_between_two_consecutive_same_phase_taps,2026-09-22,17:10:06,2026-09-22 17:10:06,1790071806479,420,Tue,2,17,10,6,,chant,breath_chant_cycle,1,,1,,false,,,,7,3,2,2,2026-09-22_S01,1,2,0,1.38,1.38,43.478261,,,,,1,protocol_valid,1,1.38,,,,43.478261,1,1.38,,,,43.478261,1,1.38,,,,43.478261,1,1.38,,,,43.478261,2026-09-22 17:10,2026-09-22 17,27,53,2026-09-22 17:10:05,2026-09-22 17:11:01,56.54,0.942333,1.38,29,2.019286,1.5985,2.024855,100.27582,2.918952,1.264148,0.832,11.709,0.52925,39.760731,37.538278,15.15736,38.121431,43.167097,36.354366,-6.812732,-22.424057,29.713477,1,155,155,5,5.751433,2026-09-22 17:10:05,2026-09-22 23:16:05,2.300573,1.494,3.630206,157.795689,3.963868,1.177248,0.432,38.034,1.05175,48.169163,40.16129,30.776793,63.893145,,,155,48.169163,2.300573,155,48.169163,2.300573,155,48.169163,2.300573
legacy_3,legacy,nam_mo_a_mi_tuo_fo_phase_marker_v1,self_timed_phase_locked_respiration_chant,南無阿彌陀佛,南無,阿,彌陀佛,inspiration_to_expiration_transition,interval_between_two_consecutive_same_phase_taps,2026-09-22,17:10:07,2026-09-22 17:10:07,1790071807377,420,Tue,2,17,10,7,,chant,breath_chant_cycle,1,,1,,false,,,,7,4,3,3,2026-09-22_S01,1,3,0,0.898,0.898,66.815145,-0.482,0.482,-34.927536,23.336884,1,protocol_valid,2,1.139,0.340825,29.923219,0.482,55.146703,2,1.139,0.340825,29.923219,0.482,55.146703,2,1.139,0.340825,29.923219,0.482,55.146703,2,1.139,0.340825,29.923219,0.482,55.146703,2026-09-22 17:10,2026-09-22 17,27,53,2026-09-22 17:10:05,2026-09-22 17:11:01,56.54,0.942333,2.278,29,2.019286,1.5985,2.024855,100.27582,2.918952,1.264148,0.832,11.709,0.52925,39.760731,37.538278,15.15736,38.121431,43.167097,36.354366,-6.812732,-22.424057,29.713477,1,155,155,5,5.751433,2026-09-22 17:10:05,2026-09-22 23:16:05,2.300573,1.494,3.630206,157.795689,3.963868,1.177248,0.432,38.034,1.05175,48.169163,40.16129,30.776793,63.893145,,,155,48.169163,2.300573,155,48.169163,2.300573,155,48.169163,2.300573
legacy_4,legacy,nam_mo_a_mi_tuo_fo_phase_marker_v1,self_timed_phase_locked_respiration_chant,南無阿彌陀佛,南無,阿,彌陀佛,inspiration_to_expiration_transition,interval_between_two_consecutive_same_phase_taps,2026-09-22,17:10:08,2026-09-22 17:10:08,1790071808545,420,Tue,2,17,10,8,,chant,breath_chant_cycle,1,,1,,false,,,,7,5,4,4,2026-09-22_S01,1,4,0,1.168,1.168,51.369863,0.27,0.27,30.066815,-15.445282,1,protocol_valid,3,1.148667,0.241581,21.031419,0.390656,53.887756,3,1.148667,0.241581,21.031419,0.390656,53.887756,3,1.148667,0.241581,21.031419,0.390656,53.887756,3,1.148667,0.241581,21.031419,0.390656,53.887756,2026-09-22 17:10,2026-09-22 17,27,53,2026-09-22 17:10:05,2026-09-22 17:11:01,56.54,0.942333,3.446,29,2.019286,1.5985,2.024855,100.27582,2.918952,1.264148,0.832,11.709,0.52925,39.760731,37.538278,15.15736,38.121431,43.167097,36.354366,-6.812732,-22.424057,29.713477,1,155,155,5,5.751433,2026-09-22 17:10:05,2026-09-22 23:16:05,2.300573,1.494,3.630206,157.795689,3.963868,1.177248,0.432,38.034,1.05175,48.169163,40.16129,30.776793,63.893145,,,155,48.169163,2.300573,155,48.169163,2.300573,155,48.169163,2.300573
legacy_5,legacy,nam_mo_a_mi_tuo_fo_phase_marker_v1,self_timed_phase_locked_respiration_chant,南無阿彌陀佛,南無,阿,彌陀佛,inspiration_to_expiration_transition,interval_between_two_consecutive_same_phase_taps,2026-09-22,17:10:09,2026-09-22 17:10:09,1790071809794,420,Tue,2,17,10,9,,chant,breath_chant_cycle,1,,1,,false,,,,7,6,5,5,2026-09-22_S01,1,5,0,1.249,1.249,48.038431,0.081,0.081,6.934932,-3.331432,1,protocol_valid,3,1.105,0.183785,16.632145,0.199325,55.407813,4,1.17375,0.203529,17.340105,0.322379,52.425425,4,1.17375,0.203529,17.340105,0.322379,52.425425,4,1.17375,0.203529,17.340105,0.322379,52.425425,2026-09-22 17:10,2026-09-22 17,27,53,2026-09-22 17:10:05,2026-09-22 17:11:01,56.54,0.942333,4.695,29,2.019286,1.5985,2.024855,100.27582,2.918952,1.264148,0.832,11.709,0.52925,39.760731,37.538278,15.15736,38.121431,43.167097,36.354366,-6.812732,-22.424057,29.713477,1,155,155,5,5.751433,2026-09-22 17:10:05,2026-09-22 23:16:05,2.300573,1.494,3.630206,157.795689,3.963868,1.177248,0.432,38.034,1.05175,48.169163,40.16129,30.776793,63.893145,,,155,48.169163,2.300573,155,48.169163,2.300573,155,48.169163,2.300573
legacy_6,legacy,nam_mo_a_mi_tuo_fo_phase_marker_v1,self_timed_phase_locked_respiration_chant,南無阿彌陀佛,南無,阿,彌陀佛,inspiration_to_expiration_transition,interval_between_two_consecutive_same_phase_taps,2026-09-22,17:10:10,2026-09-22 17:10:10,1790071810980,420,Tue,2,17,10,10,,chant,breath_chant_cycle,1,,1,,false,,,,7,7,6,6,2026-09-22_S01,1,6,0,1.186,1.186,50.590219,-0.063,0.063,-5.044035,2.551788,1,protocol_valid,3,1.201,0.042532,3.541411,0.07256,49.999504,5,1.1762,0.176347,14.992928,0.28096,52.058384,5,1.1762,0.176347,14.992928,0.28096,52.058384,5,1.1762,0.176347,14.992928,0.28096,52.058384,2026-09-22 17:10,2026-09-22 17,27,53,2026-09-22 17:10:05,2026-09-22 17:11:01,56.54,0.942333,5.881,29,2.019286,1.5985,2.024855,100.27582,2.918952,1.264148,0.832,11.709,0.52925,39.760731,37.538278,15.15736,38.121431,43.167097,36.354366,-6.812732,-22.424057,29.713477,1,155,155,5,5.751433,2026-09-22 17:10:05,2026-09-22 23:16:05,2.300573,1.494,3.630206,157.795689,3.963868,1.177248,0.432,38.034,1.05175,48.169163,40.16129,30.776793,63.893145,,,155,48.169163,2.300573,155,48.169163,2.300573,155,48.169163,2.300573
legacy_7,legacy,nam_mo_a_mi_tuo_fo_phase_marker_v1,self_timed_phase_locked_respiration_chant,南無阿彌陀佛,南無,阿,彌陀佛,inspiration_to_expiration_transition,interval_between_two_consecutive_same_phase_taps,2026-09-22,17:10:11,2026-09-22 17:10:11,1790071811829,420,Tue,2,17,10,11,,chant,breath_chant_cycle,1,,1,,false,,,,7,8,7,7,2026-09-22_S01,1,7,0,0.849,0.849,70.671378,-0.337,0.337,-28.41484,20.081159,1,protocol_valid,3,1.094667,0.215073,19.647338,0.242423,56.433343,5,1.07,0.182706,17.075332,0.221923,57.497007,6,1.121667,0.206693,18.427283,0.293027,55.160549,6,1.121667,0.206693,18.427283,0.293027,55.160549,2026-09-22 17:10,2026-09-22 17,27,53,2026-09-22 17:10:05,2026-09-22 17:11:01,56.54,0.942333,6.73,29,2.019286,1.5985,2.024855,100.27582,2.918952,1.264148,0.832,11.709,0.52925,39.760731,37.538278,15.15736,38.121431,43.167097,36.354366,-6.812732,-22.424057,29.713477,1,155,155,5,5.751433,2026-09-22 17:10:05,2026-09-22 23:16:05,2.300573,1.494,3.630206,157.795689,3.963868,1.177248,0.432,38.034,1.05175,48.169163,40.16129,30.776793,63.893145,,,155,48.169163,2.300573,155,48.169163,2.300573,155,48.169163,2.300573
legacy_8,legacy,nam_mo_a_mi_tuo_fo_phase_marker_v1,self_timed_phase_locked_respiration_chant,南無阿彌陀佛,南無,阿,彌陀佛,inspiration_to_expiration_transition,interval_between_two_consecutive_same_phase_taps,2026-09-22,17:10:12,2026-09-22 17:10:12,1790071812661,420,Tue,2,17,10,12,,chant,breath_chant_cycle,1,,1,,false,,,,7,9,8,8,2026-09-22_S01,1,8,0,0.832,0.832,72.115385,-0.017,0.017,-2.002356,1.444007,1,protocol_valid,3,0.955667,0.199656,20.891755,0.238598,64.458994,5,1.0568,0.199822,18.908182,0.176343,58.557055,7,1.080286,0.218147,20.193481,0.267586,57.582669,7,1.080286,0.218147,20.193481,0.267586,57.582669,2026-09-22 17:10,2026-09-22 17,27,53,2026-09-22 17:10:05,2026-09-22 17:11:01,56.54,0.942333,7.562,29,2.019286,1.5985,2.024855,100.27582,2.918952,1.264148,0.832,11.709,0.52925,39.760731,37.538278,15.15736,38.121431,43.167097,36.354366,-6.812732,-22.424057,29.713477,1,155,155,5,5.751433,2026-09-22 17:10:05,2026-09-22 23:16:05,2.300573,1.494,3.630206,157.795689,3.963868,1.177248,0.432,38.034,1.05175,48.169163,40.16129,30.776793,63.893145,,,155,48.169163,2.300573,155,48.169163,2.300573,155,48.169163,2.300573
legacy_9,legacy,nam_mo_a_mi_tuo_fo_phase_marker_v1,self_timed_phase_locked_respiration_chant,南無阿彌陀佛,南無,阿,彌陀佛,inspiration_to_expiration_transition,interval_between_two_consecutive_same_phase_taps,2026-09-22,17:10:18,2026-09-22 17:10:18,1790071818641,420,Tue,2,17,10,18,,reset,reset,-156,,0,,false,,,,0,0,,,,,,,,,,,,,,,,,,,,,,,,,,,,,,,,,,,,,,,,,,,,,,,,,,,,,,,,,,,,,,,,,,,,,,,,,,,,,,,,,,,,,,,,,,,,,,,,,,
legacy_10,legacy,nam_mo_a_mi_tuo_fo_phase_marker_v1,self_timed_phase_locked_respiration_chant,南無阿彌陀佛,南無,阿,彌陀佛,inspiration_to_expiration_transition,interval_between_two_consecutive_same_phase_taps,2026-09-22,17:10:24,2026-09-22 17:10:24,1790071824370,420,Tue,2,17,10,24,,chant,breath_chant_cycle,1,,1,,false,,,,0,1,9,9,2026-09-22_S01,1,9,0,11.709,11.709,5.124263,10.877,10.877,1307.331731,-66.991121,1,protocol_valid,3,4.463333,6.274937,140.588585,7.69121,49.303675,5,3.165,4.780015,151.027334,5.441207,49.307935,8,2.408875,3.763241,156.224022,4.118577,51.025368,8,2.408875,3.763241,156.224022,4.118577,51.025368,2026-09-22 17:10,2026-09-22 17,27,53,2026-09-22 17:10:05,2026-09-22 17:11:01,56.54,0.942333,19.271,29,2.019286,1.5985,2.024855,100.27582,2.918952,1.264148,0.832,11.709,0.52925,39.760731,37.538278,15.15736,38.121431,43.167097,36.354366,-6.812732,-22.424057,29.713477,1,155,155,5,5.751433,2026-09-22 17:10:05,2026-09-22 23:16:05,2.300573,1.494,3.630206,157.795689,3.963868,1.177248,0.432,38.034,1.05175,48.169163,40.16129,30.776793,63.893145,,,155,48.169163,2.300573,155,48.169163,2.300573,155,48.169163,2.300573
legacy_11,legacy,nam_mo_a_mi_tuo_fo_phase_marker_v1,self_timed_phase_locked_respiration_chant,南無阿彌陀佛,南無,阿,彌陀佛,inspiration_to_expiration_transition,interval_between_two_consecutive_same_phase_taps,2026-09-22,17:10:26,2026-09-22 17:10:26,1790071826721,420,Tue,2,17,10,26,,chant,breath_chant_cycle,1,,1,,false,,,,0,2,10,10,2026-09-22_S01,1,10,0,2.351,2.351,25.521055,-9.358,9.358,-79.921428,20.396791,1,protocol_valid,3,4.964,5.89051,118.664587,10.145967,34.253568,5,3.3854,4.694221,138.660744,7.176266,44.80446,9,2.402444,3.520243,146.527545,5.078274,48.191556,9,2.402444,3.520243,146.527545,5.078274,48.191556,2026-09-22 17:10,2026-09-22 17,27,53,2026-09-22 17:10:05,2026-09-22 17:11:01,56.54,0.942333,21.622,29,2.019286,1.5985,2.024855,100.27582,2.918952,1.264148,0.832,11.709,0.52925,39.760731,37.538278,15.15736,38.121431,43.167097,36.354366,-6.812732,-22.424057,29.713477,1,155,155,5,5.751433,2026-09-22 17:10:05,2026-09-22 23:16:05,2.300573,1.494,3.630206,157.795689,3.963868,1.177248,0.432,38.034,1.05175,48.169163,40.16129,30.776793,63.893145,,,155,48.169163,2.300573,155,48.169163,2.300573,155,48.169163,2.300573
legacy_12,legacy,nam_mo_a_mi_tuo_fo_phase_marker_v1,self_timed_phase_locked_respiration_chant,南無阿彌陀佛,南無,阿,彌陀佛,inspiration_to_expiration_transition,interval_between_two_consecutive_same_phase_taps,2026-09-22,17:10:28,2026-09-22 17:10:28,1790071828750,420,Tue,2,17,10,28,,chant,breath_chant_cycle,1,,1,,false,,,,0,3,11,11,2026-09-22_S01,1,11,0,2.029,2.029,29.571217,-0.322,0.322,-13.696299,4.050162,1,protocol_valid,3,5.363,5.498155,102.520137,6.621021,20.072179,5,3.554,4.609858,129.709008,7.176093,40.60066,10,2.3651,3.321017,140.41762,4.789045,46.329522,10,2.3651,3.321017,140.41762,4.789045,46.329522,2026-09-22 17:10,2026-09-22 17,27,53,2026-09-22 17:10:05,2026-09-22 17:11:01,56.54,0.942333,23.651,29,2.019286,1.5985,2.024855,100.27582,2.918952,1.264148,0.832,11.709,0.52925,39.760731,37.538278,15.15736,38.121431,43.167097,36.354366,-6.812732,-22.424057,29.713477,1,155,155,5,5.751433,2026-09-22 17:10:05,2026-09-22 23:16:05,2.300573,1.494,3.630206,157.795689,3.963868,1.177248,0.432,38.034,1.05175,48.169163,40.16129,30.776793,63.893145,,,155,48.169163,2.300573,155,48.169163,2.300573,155,48.169163,2.300573
legacy_13,legacy,nam_mo_a_mi_tuo_fo_phase_marker_v1,self_timed_phase_locked_respiration_chant,南無阿彌陀佛,南無,阿,彌陀佛,inspiration_to_expiration_transition,interval_between_two_consecutive_same_phase_taps,2026-09-22,17:10:30,2026-09-22 17:10:30,1790071830645,420,Tue,2,17,10,30,,chant,breath_chant_cycle,1,,1,,false,,,,0,4,12,12,2026-09-22_S01,1,12,0,1.895,1.895,31.662269,-0.134,0.134,-6.604239,2.091052,1,protocol_valid,3,2.091667,0.23437,11.204944,0.246617,28.91818,5,3.7632,4.47827,119.001642,7.176401,32.798838,10,2.4166,3.308011,136.886998,4.786558,45.147923,11,2.322364,3.15378,135.800448,4.543485,44.996135,2026-09-22 17:10,2026-09-22 17,27,53,2026-09-22 17:10:05,2026-09-22 17:11:01,56.54,0.942333,25.546,29,2.019286,1.5985,2.024855,100.27582,2.918952,1.264148,0.832,11.709,0.52925,39.760731,37.538278,15.15736,38.121431,43.167097,36.354366,-6.812732,-22.424057,29.713477,1,155,155,5,5.751433,2026-09-22 17:10:05,2026-09-22 23:16:05,2.300573,1.494,3.630206,157.795689,3.963868,1.177248,0.432,38.034,1.05175,48.169163,40.16129,30.776793,63.893145,,,155,48.169163,2.300573,155,48.169163,2.300573,155,48.169163,2.300573
legacy_14,legacy,nam_mo_a_mi_tuo_fo_phase_marker_v1,self_timed_phase_locked_respiration_chant,南無阿彌陀佛,南無,阿,彌陀佛,inspiration_to_expiration_transition,interval_between_two_consecutive_same_phase_taps,2026-09-22,17:10:32,2026-09-22 17:10:32,1790071832258,420,Tue,2,17,10,32,,chant,breath_chant_cycle,1,,1,,false,,,,0,5,13,13,2026-09-22_S01,1,13,0,1.613,1.613,37.197768,-0.282,0.282,-14.881266,5.535499,1,protocol_valid,3,1.845667,0.212342,11.504921,0.220771,32.810418,5,3.9194,4.362598,111.307795,4.684371,25.815315,10,2.4881,3.279142,131.793012,4.786635,42.186185,12,2.26325,3.013976,133.170261,4.332877,44.346271,2026-09-22 17:10,2026-09-22 17,27,53,2026-09-22 17:10:05,2026-09-22 17:11:01,56.54,0.942333,27.159,29,2.019286,1.5985,2.024855,100.27582,2.918952,1.264148,0.832,11.709,0.52925,39.760731,37.538278,15.15736,38.121431,43.167097,36.354366,-6.812732,-22.424057,29.713477,1,155,155,5,5.751433,2026-09-22 17:10:05,2026-09-22 23:16:05,2.300573,1.494,3.630206,157.795689,3.963868,1.177248,0.432,38.034,1.05175,48.169163,40.16129,30.776793,63.893145,,,155,48.169163,2.300573,155,48.169163,2.300573,155,48.169163,2.300573
legacy_15,legacy,nam_mo_a_mi_tuo_fo_phase_marker_v1,self_timed_phase_locked_respiration_chant,南無阿彌陀佛,南無,阿,彌陀佛,inspiration_to_expiration_transition,interval_between_two_consecutive_same_phase_taps,2026-09-22,17:10:34,2026-09-22 17:10:34,1790071834007,420,Tue,2,17,10,34,,chant,breath_chant_cycle,1,,1,,false,,,,0,6,14,14,2026-09-22_S01,1,14,0,1.749,1.749,34.305317,0.136,0.136,8.431494,-2.892451,1,protocol_valid,3,1.752333,0.14103,8.0481,0.221382,34.388452,5,1.9274,0.283497,14.708802,0.234339,31.651525,10,2.5462,3.258234,127.964572,4.786773,40.47973,13,2.223692,2.889185,129.927367,4.1486,43.57389,2026-09-22 17:10,2026-09-22 17,27,53,2026-09-22 17:10:05,2026-09-22 17:11:01,56.54,0.942333,28.908,29,2.019286,1.5985,2.024855,100.27582,2.918952,1.264148,0.832,11.709,0.52925,39.760731,37.538278,15.15736,38.121431,43.167097,36.354366,-6.812732,-22.424057,29.713477,1,155,155,5,5.751433,2026-09-22 17:10:05,2026-09-22 23:16:05,2.300573,1.494,3.630206,157.795689,3.963868,1.177248,0.432,38.034,1.05175,48.169163,40.16129,30.776793,63.893145,,,155,48.169163,2.300573,155,48.169163,2.300573,155,48.169163,2.300573
legacy_16,legacy,nam_mo_a_mi_tuo_fo_phase_marker_v1,self_timed_phase_locked_respiration_chant,南無阿彌陀佛,南無,阿,彌陀佛,inspiration_to_expiration_transition,interval_between_two_consecutive_same_phase_taps,2026-09-22,17:10:35,2026-09-22 17:10:35,1790071835591,420,Tue,2,17,10,35,,chant,breath_chant_cycle,1,,1,,false,,,,0,7,15,15,2026-09-22_S01,1,15,0,1.584,1.584,37.878788,-0.165,0.165,-9.433962,3.573471,1,protocol_valid,3,1.648667,0.088093,5.343273,0.151197,36.460624,5,1.774,0.188621,10.632543,0.18921,34.123072,10,2.5797,3.24511,125.7941,4.787043,39.463766,14,2.178,2.781099,127.690494,3.986108,43.167097,2026-09-22 17:10,2026-09-22 17,27,53,2026-09-22 17:10:05,2026-09-22 17:11:01,56.54,0.942333,30.492,29,2.019286,1.5985,2.024855,100.27582,2.918952,1.264148,0.832,11.709,0.52925,39.760731,37.538278,15.15736,38.121431,43.167097,36.354366,-6.812732,-22.424057,29.713477,1,155,155,5,5.751433,2026-09-22 17:10:05,2026-09-22 23:16:05,2.300573,1.494,3.630206,157.795689,3.963868,1.177248,0.432,38.034,1.05175,48.169163,40.16129,30.776793,63.893145,,,155,48.169163,2.300573,155,48.169163,2.300573,155,48.169163,2.300573
legacy_17,legacy,nam_mo_a_mi_tuo_fo_phase_marker_v1,self_timed_phase_locked_respiration_chant,南無阿彌陀佛,南無,阿,彌陀佛,inspiration_to_expiration_transition,interval_between_two_consecutive_same_phase_taps,2026-09-22,17:10:36,2026-09-22 17:10:36,1790071836759,420,Tue,2,17,10,36,,chant,breath_chant_cycle,1,,1,,false,,,,0,8,16,16,2026-09-22_S01,1,16,0,1.168,1.168,51.369863,-0.416,0.416,-26.262626,13.491075,1,protocol_valid,3,1.500333,0.2994,19.955562,0.31645,41.184656,5,1.6018,0.272148,16.990155,0.273085,38.482801,10,2.5779,3.245974,125.915444,4.787733,39.54173,15,2.110667,2.692592,127.5707,3.842719,43.713948,2026-09-22 17:10,2026-09-22 17,27,53,2026-09-22 17:10:05,2026-09-22 17:11:01,56.54,0.942333,31.66,29,2.019286,1.5985,2.024855,100.27582,2.918952,1.264148,0.832,11.709,0.52925,39.760731,37.538278,15.15736,38.121431,43.167097,36.354366,-6.812732,-22.424057,29.713477,1,155,155,5,5.751433,2026-09-22 17:10:05,2026-09-22 23:16:05,2.300573,1.494,3.630206,157.795689,3.963868,1.177248,0.432,38.034,1.05175,48.169163,40.16129,30.776793,63.893145,,,155,48.169163,2.300573,155,48.169163,2.300573,155,48.169163,2.300573
legacy_18,legacy,nam_mo_a_mi_tuo_fo_phase_marker_v1,self_timed_phase_locked_respiration_chant,南無阿彌陀佛,南無,阿,彌陀佛,inspiration_to_expiration_transition,interval_between_two_consecutive_same_phase_taps,2026-09-22,17:10:40,2026-09-22 17:10:40,1790071840194,420,Tue,2,17,10,40,,chant,breath_chant_cycle,1,,1,,false,,,,0,9,17,17,2026-09-22_S01,1,17,0,3.435,3.435,17.467249,2.267,2.267,194.092466,-33.902614,1,protocol_valid,3,2.062333,1.206824,58.517411,1.629777,35.571967,5,1.9098,0.879857,46.070646,1.157375,35.643797,10,2.8365,3.195551,112.658246,4.846998,34.221317,16,2.193438,2.622276,119.550986,3.758281,42.073529,2026-09-22 17:10,2026-09-22 17,27,53,2026-09-22 17:10:05,2026-09-22 17:11:01,56.54,0.942333,35.095,29,2.019286,1.5985,2.024855,100.27582,2.918952,1.264148,0.832,11.709,0.52925,39.760731,37.538278,15.15736,38.121431,43.167097,36.354366,-6.812732,-22.424057,29.713477,1,155,155,5,5.751433,2026-09-22 17:10:05,2026-09-22 23:16:05,2.300573,1.494,3.630206,157.795689,3.963868,1.177248,0.432,38.034,1.05175,48.169163,40.16129,30.776793,63.893145,,,155,48.169163,2.300573,155,48.169163,2.300573,155,48.169163,2.300573
legacy_19,legacy,nam_mo_a_mi_tuo_fo_phase_marker_v1,self_timed_phase_locked_respiration_chant,南無阿彌陀佛,南無,阿,彌陀佛,inspiration_to_expiration_transition,interval_between_two_consecutive_same_phase_taps,2026-09-22,17:10:41,2026-09-22 17:10:41,1790071841634,420,Tue,2,17,10,41,,chant,breath_chant_cycle,1,,1,,false,,,,0,10,18,18,2026-09-22_S01,1,18,0,1.44,1.44,41.666667,-1.995,1.995,-58.078603,24.199418,1,protocol_valid,3,2.014333,1.237827,61.450965,2.135335,36.834593,5,1.8752,0.897668,47.870516,1.526401,36.537577,10,2.8973,3.158747,109.023819,3.284838,31.176446,17,2.149118,2.545575,118.447463,3.67296,42.049596,2026-09-22 17:10,2026-09-22 17,27,53,2026-09-22 17:10:05,2026-09-22 17:11:01,56.54,0.942333,36.535,29,2.019286,1.5985,2.024855,100.27582,2.918952,1.264148,0.832,11.709,0.52925,39.760731,37.538278,15.15736,38.121431,43.167097,36.354366,-6.812732,-22.424057,29.713477,1,155,155,5,5.751433,2026-09-22 17:10:05,2026-09-22 23:16:05,2.300573,1.494,3.630206,157.795689,3.963868,1.177248,0.432,38.034,1.05175,48.169163,40.16129,30.776793,63.893145,,,155,48.169163,2.300573,155,48.169163,2.300573,155,48.169163,2.300573
legacy_20,legacy,nam_mo_a_mi_tuo_fo_phase_marker_v1,self_timed_phase_locked_respiration_chant,南無阿彌陀佛,南無,阿,彌陀佛,inspiration_to_expiration_transition,interval_between_two_consecutive_same_phase_taps,2026-09-22,17:10:42,2026-09-22 17:10:42,1790071842917,420,Tue,2,17,10,42,,chant,breath_chant_cycle,1,,1,,false,,,,0,11,19,19,2026-09-22_S01,1,19,0,1.283,1.283,46.765394,-0.157,0.157,-10.902778,5.098727,1,protocol_valid,3,2.052667,1.199707,58.446254,1.41504,35.29977,5,1.782,0.93736,52.601563,1.52619,39.029592,10,1.8547,0.657344,35.442066,1.030852,35.340559,18,2.101,2.477994,117.943563,3.563498,42.311585,2026-09-22 17:10,2026-09-22 17,27,53,2026-09-22 17:10:05,2026-09-22 17:11:01,56.54,0.942333,37.818,29,2.019286,1.5985,2.024855,100.27582,2.918952,1.264148,0.832,11.709,0.52925,39.760731,37.538278,15.15736,38.121431,43.167097,36.354366,-6.812732,-22.424057,29.713477,1,155,155,5,5.751433,2026-09-22 17:10:05,2026-09-22 23:16:05,2.300573,1.494,3.630206,157.795689,3.963868,1.177248,0.432,38.034,1.05175,48.169163,40.16129,30.776793,63.893145,,,155,48.169163,2.300573,155,48.169163,2.300573,155,48.169163,2.300573
legacy_21,legacy,nam_mo_a_mi_tuo_fo_phase_marker_v1,self_timed_phase_locked_respiration_chant,南無阿彌陀佛,南無,阿,彌陀佛,inspiration_to_expiration_transition,interval_between_two_consecutive_same_phase_taps,2026-09-22,17:10:44,2026-09-22 17:10:44,1790071844654,420,Tue,2,17,10,44,,chant,breath_chant_cycle,1,,1,,false,,,,0,12,20,20,2026-09-22_S01,1,20,0,1.737,1.737,34.542314,0.454,0.454,35.385814,-12.223079,1,protocol_valid,3,1.486667,0.23057,15.509165,0.33968,40.991458,5,1.8126,0.931761,51.40466,1.528895,38.362297,10,1.7933,0.6341,35.359417,1.036358,36.242685,19,2.081842,2.409625,115.744848,3.46475,41.902676,2026-09-22 17:10,2026-09-22 17,27,53,2026-09-22 17:10:05,2026-09-22 17:11:01,56.54,0.942333,39.555,29,2.019286,1.5985,2.024855,100.27582,2.918952,1.264148,0.832,11.709,0.52925,39.760731,37.538278,15.15736,38.121431,43.167097,36.354366,-6.812732,-22.424057,29.713477,1,155,155,5,5.751433,2026-09-22 17:10:05,2026-09-22 23:16:05,2.300573,1.494,3.630206,157.795689,3.963868,1.177248,0.432,38.034,1.05175,48.169163,40.16129,30.776793,63.893145,,,155,48.169163,2.300573,155,48.169163,2.300573,155,48.169163,2.300573
legacy_22,legacy,nam_mo_a_mi_tuo_fo_phase_marker_v1,self_timed_phase_locked_respiration_chant,南無阿彌陀佛,南無,阿,彌陀佛,inspiration_to_expiration_transition,interval_between_two_consecutive_same_phase_taps,2026-09-22,17:10:46,2026-09-22 17:10:46,1790071846355,420,Tue,2,17,10,46,,chant,breath_chant_cycle,1,,1,,false,,,,0,13,21,21,2026-09-22_S01,1,21,0,1.701,1.701,35.273369,-0.036,0.036,-2.072539,0.731054,1,protocol_valid,3,1.573667,0.252367,16.036907,0.322034,38.860359,5,1.9192,0.867877,45.22076,1.026168,35.142998,10,1.7605,0.629017,35.729427,1.035464,36.8129,20,2.0628,2.346902,113.772652,3.372351,41.571211,2026-09-22 17:10,2026-09-22 17,27,53,2026-09-22 17:10:05,2026-09-22 17:11:01,56.54,0.942333,41.256,29,2.019286,1.5985,2.024855,100.27582,2.918952,1.264148,0.832,11.709,0.52925,39.760731,37.538278,15.15736,38.121431,43.167097,36.354366,-6.812732,-22.424057,29.713477,1,155,155,5,5.751433,2026-09-22 17:10:05,2026-09-22 23:16:05,2.300573,1.494,3.630206,157.795689,3.963868,1.177248,0.432,38.034,1.05175,48.169163,40.16129,30.776793,63.893145,,,155,48.169163,2.300573,155,48.169163,2.300573,155,48.169163,2.300573
legacy_23,legacy,nam_mo_a_mi_tuo_fo_phase_marker_v1,self_timed_phase_locked_respiration_chant,南無阿彌陀佛,南無,阿,彌陀佛,inspiration_to_expiration_transition,interval_between_two_consecutive_same_phase_taps,2026-09-22,17:10:47,2026-09-22 17:10:47,1790071847754,420,Tue,2,17,10,47,,chant,breath_chant_cycle,1,,1,,false,,,,0,14,22,22,2026-09-22_S01,1,22,0,1.399,1.399,42.887777,-0.302,0.302,-17.754262,7.614408,1,protocol_valid,3,1.612333,0.185627,11.512934,0.215058,37.56782,5,1.512,0.197952,13.092064,0.284282,40.227104,10,1.7109,0.636741,37.216702,1.036091,37.935451,21,2.03119,2.292059,112.843142,3.287654,41.633904,2026-09-22 17:10,2026-09-22 17,27,53,2026-09-22 17:10:05,2026-09-22 17:11:01,56.54,0.942333,42.655,29,2.019286,1.5985,2.024855,100.27582,2.918952,1.264148,0.832,11.709,0.52925,39.760731,37.538278,15.15736,38.121431,43.167097,36.354366,-6.812732,-22.424057,29.713477,1,155,155,5,5.751433,2026-09-22 17:10:05,2026-09-22 23:16:05,2.300573,1.494,3.630206,157.795689,3.963868,1.177248,0.432,38.034,1.05175,48.169163,40.16129,30.776793,63.893145,,,155,48.169163,2.300573,155,48.169163,2.300573,155,48.169163,2.300573
legacy_24,legacy,nam_mo_a_mi_tuo_fo_phase_marker_v1,self_timed_phase_locked_respiration_chant,南無阿彌陀佛,南無,阿,彌陀佛,inspiration_to_expiration_transition,interval_between_two_consecutive_same_phase_taps,2026-09-22,17:10:51,2026-09-22 17:10:51,1790071851893,420,Tue,2,17,10,51,,chant,breath_chant_cycle,1,,1,,false,,,,0,15,23,23,2026-09-22_S01,1,23,0,4.139,4.139,14.496255,2.74,2.74,195.854182,-28.391522,1,protocol_valid,3,2.413,1.502367,62.261395,1.949205,30.8858,5,2.0518,1.182768,57.645406,1.39698,34.793022,10,1.9635,0.994259,50.637093,1.380437,35.665299,21,2.162571,2.331599,107.816024,3.342519,40.253809,2026-09-22 17:10,2026-09-22 17,27,53,2026-09-22 17:10:05,2026-09-22 17:11:01,56.54,0.942333,46.794,29,2.019286,1.5985,2.024855,100.27582,2.918952,1.264148,0.832,11.709,0.52925,39.760731,37.538278,15.15736,38.121431,43.167097,36.354366,-6.812732,-22.424057,29.713477,1,155,155,5,5.751433,2026-09-22 17:10:05,2026-09-22 23:16:05,2.300573,1.494,3.630206,157.795689,3.963868,1.177248,0.432,38.034,1.05175,48.169163,40.16129,30.776793,63.893145,,,155,48.169163,2.300573,155,48.169163,2.300573,155,48.169163,2.300573
legacy_25,legacy,nam_mo_a_mi_tuo_fo_phase_marker_v1,self_timed_phase_locked_respiration_chant,南無阿彌陀佛,南無,阿,彌陀佛,inspiration_to_expiration_transition,interval_between_two_consecutive_same_phase_taps,2026-09-22,17:10:53,2026-09-22 17:10:53,1790071853552,420,Tue,2,17,10,53,,chant,breath_chant_cycle,1,,1,,false,,,,0,16,24,24,2026-09-22_S01,1,24,0,1.659,1.659,36.166365,-2.48,2.48,-59.917855,21.67011,1,protocol_valid,3,2.399,1.512481,63.046328,2.613236,31.183466,5,2.127,1.132556,53.246616,1.854083,32.673216,10,1.9545,0.996821,51.001318,1.608092,35.851404,21,2.19881,2.316829,105.367411,3.38767,38.794343,2026-09-22 17:10,2026-09-22 17,27,53,2026-09-22 17:10:05,2026-09-22 17:11:01,56.54,0.942333,48.453,29,2.019286,1.5985,2.024855,100.27582,2.918952,1.264148,0.832,11.709,0.52925,39.760731,37.538278,15.15736,38.121431,43.167097,36.354366,-6.812732,-22.424057,29.713477,1,155,155,5,5.751433,2026-09-22 17:10:05,2026-09-22 23:16:05,2.300573,1.494,3.630206,157.795689,3.963868,1.177248,0.432,38.034,1.05175,48.169163,40.16129,30.776793,63.893145,,,155,48.169163,2.300573,155,48.169163,2.300573,155,48.169163,2.300573
legacy_26,legacy,nam_mo_a_mi_tuo_fo_phase_marker_v1,self_timed_phase_locked_respiration_chant,南無阿彌陀佛,南無,阿,彌陀佛,inspiration_to_expiration_transition,interval_between_two_consecutive_same_phase_taps,2026-09-22,17:10:55,2026-09-22 17:10:55,1790071855190,420,Tue,2,17,10,55,,chant,breath_chant_cycle,1,,1,,false,,,,0,17,25,25,2026-09-22_S01,1,25,0,1.638,1.638,36.630037,-0.021,0.021,-1.265823,0.463671,1,protocol_valid,3,2.478667,1.437929,58.012205,1.753688,29.097552,5,2.1072,1.141905,54.190636,1.854026,33.090761,10,1.9599,0.994735,50.754362,1.602117,35.726529,21,2.22119,2.308629,103.936544,3.387625,38.092447,2026-09-22 17:10,2026-09-22 17,27,53,2026-09-22 17:10:05,2026-09-22 17:11:01,56.54,0.942333,50.091,29,2.019286,1.5985,2.024855,100.27582,2.918952,1.264148,0.832,11.709,0.52925,39.760731,37.538278,15.15736,38.121431,43.167097,36.354366,-6.812732,-22.424057,29.713477,1,155,155,5,5.751433,2026-09-22 17:10:05,2026-09-22 23:16:05,2.300573,1.494,3.630206,157.795689,3.963868,1.177248,0.432,38.034,1.05175,48.169163,40.16129,30.776793,63.893145,,,155,48.169163,2.300573,155,48.169163,2.300573,155,48.169163,2.300573
legacy_27,legacy,nam_mo_a_mi_tuo_fo_phase_marker_v1,self_timed_phase_locked_respiration_chant,南無阿彌陀佛,南無,阿,彌陀佛,inspiration_to_expiration_transition,interval_between_two_consecutive_same_phase_taps,2026-09-22,17:10:57,2026-09-22 17:10:57,1790071857074,420,Tue,2,17,10,57,,chant,breath_chant_cycle,1,,1,,false,,,,0,18,26,26,2026-09-22_S01,1,26,0,1.884,1.884,31.847134,0.246,0.246,15.018315,-4.782903,1,protocol_valid,3,1.727,0.136371,7.896399,0.174581,34.881179,5,2.1438,1.128485,52.639458,1.851956,32.405514,10,2.0315,0.956432,47.080103,1.415087,33.774256,21,2.251429,2.299398,102.130641,3.388042,37.321433,2026-09-22 17:10,2026-09-22 17,27,53,2026-09-22 17:10:05,2026-09-22 17:11:01,56.54,0.942333,51.975,29,2.019286,1.5985,2.024855,100.27582,2.918952,1.264148,0.832,11.709,0.52925,39.760731,37.538278,15.15736,38.121431,43.167097,36.354366,-6.812732,-22.424057,29.713477,1,155,155,5,5.751433,2026-09-22 17:10:05,2026-09-22 23:16:05,2.300573,1.494,3.630206,157.795689,3.963868,1.177248,0.432,38.034,1.05175,48.169163,40.16129,30.776793,63.893145,,,155,48.169163,2.300573,155,48.169163,2.300573,155,48.169163,2.300573
legacy_28,legacy,nam_mo_a_mi_tuo_fo_phase_marker_v1,self_timed_phase_locked_respiration_chant,南無阿彌陀佛,南無,阿,彌陀佛,inspiration_to_expiration_transition,interval_between_two_consecutive_same_phase_taps,2026-09-22,17:10:58,2026-09-22 17:10:58,1790071858851,420,Tue,2,17,10,58,,chant,breath_chant_cycle,1,,1,,false,,,,0,19,27,27,2026-09-22_S01,1,27,0,1.777,1.777,33.764772,-0.107,0.107,-5.679406,1.917638,1,protocol_valid,3,1.766333,0.123346,6.983189,0.189691,34.080647,5,2.2194,1.07763,48.555033,1.247278,30.580913,10,1.8657,0.82009,43.956147,1.249608,35.404008,21,2.279571,2.289301,100.426813,3.387289,36.520221,2026-09-22 17:10,2026-09-22 17,27,53,2026-09-22 17:10:05,2026-09-22 17:11:01,56.54,0.942333,53.752,29,2.019286,1.5985,2.024855,100.27582,2.918952,1.264148,0.832,11.709,0.52925,39.760731,37.538278,15.15736,38.121431,43.167097,36.354366,-6.812732,-22.424057,29.713477,1,155,155,5,5.751433,2026-09-22 17:10:05,2026-09-22 23:16:05,2.300573,1.494,3.630206,157.795689,3.963868,1.177248,0.432,38.034,1.05175,48.169163,40.16129,30.776793,63.893145,,,155,48.169163,2.300573,155,48.169163,2.300573,155,48.169163,2.300573
legacy_29,legacy,nam_mo_a_mi_tuo_fo_phase_marker_v1,self_timed_phase_locked_respiration_chant,南無阿彌陀佛,南無,阿,彌陀佛,inspiration_to_expiration_transition,interval_between_two_consecutive_same_phase_taps,2026-09-22,17:11:00,2026-09-22 17:11:00,1790071860249,420,Tue,2,17,11,0,,chant,breath_chant_cycle,1,,1,,false,,,,0,20,28,28,2026-09-22_S01,1,28,0,1.398,1.398,42.918455,-0.379,0.379,-21.328081,9.153683,1,protocol_valid,3,1.686333,0.255371,15.143564,0.278469,36.176787,5,1.6712,0.181911,10.885067,0.232404,36.265353,10,1.8615,0.822616,44.191024,1.254887,35.529187,21,2.305714,2.275239,98.678274,3.388347,35.198653,2026-09-22 17:11,2026-09-22 17,2,53,2026-09-22 17:10:05,2026-09-22 17:11:01,56.54,0.942333,55.15,29,2.019286,1.5985,2.024855,100.27582,2.918952,1.264148,0.832,11.709,0.52925,39.760731,37.538278,15.15736,38.121431,43.167097,36.354366,-6.812732,-22.424057,29.713477,1,155,155,5,5.751433,2026-09-22 17:10:05,2026-09-22 23:16:05,2.300573,1.494,3.630206,157.795689,3.963868,1.177248,0.432,38.034,1.05175,48.169163,40.16129,30.776793,63.893145,,,155,48.169163,2.300573,155,48.169163,2.300573,155,48.169163,2.300573
legacy_30,legacy,nam_mo_a_mi_tuo_fo_phase_marker_v1,self_timed_phase_locked_respiration_chant,南無阿彌陀佛,南無,阿,彌陀佛,inspiration_to_expiration_transition,interval_between_two_consecutive_same_phase_taps,2026-09-22,17:11:01,2026-09-22 17:11:01,1790071861639,420,Tue,2,17,11,1,,chant,breath_chant_cycle,1,,1,,false,,,,1,0,29,29,2026-09-22_S01,1,29,0,1.39,1.39,43.165468,-0.008,0.008,-0.572246,0.247013,1,protocol_valid,3,1.521667,0.221161,14.534151,0.268053,39.949565,5,1.6174,0.221822,13.7147,0.232201,37.665173,10,1.8722,0.814915,43.527132,1.245731,35.169195,21,2.332286,2.260377,96.916835,2.359118,33.820086,2026-09-22 17:11,2026-09-22 17,2,53,2026-09-22 17:10:05,2026-09-22 17:11:01,56.54,0.942333,56.54,29,2.019286,1.5985,2.024855,100.27582,2.918952,1.264148,0.832,11.709,0.52925,39.760731,37.538278,15.15736,38.121431,43.167097,36.354366,-6.812732,-22.424057,29.713477,1,155,155,5,5.751433,2026-09-22 17:10:05,2026-09-22 23:16:05,2.300573,1.494,3.630206,157.795689,3.963868,1.177248,0.432,38.034,1.05175,48.169163,40.16129,30.776793,63.893145,,,155,48.169163,2.300573,155,48.169163,2.300573,155,48.169163,2.300573
legacy_31,legacy,nam_mo_a_mi_tuo_fo_phase_marker_v1,self_timed_phase_locked_respiration_chant,南無阿彌陀佛,南無,阿,彌陀佛,inspiration_to_expiration_transition,interval_between_two_consecutive_same_phase_taps,2026-09-22,17:21:41,2026-09-22 17:21:41,1790072501630,420,Tue,2,17,21,41,,chant,breath_chant_cycle,1,,1,,false,,,,1,1,30,30,2026-09-22_S02,2,1,1,639.991,,,,,,,0,session_start,0,,,,,,0,,,,,,0,,,,,,0,,,,,,2026-09-22 17:21,2026-09-22 17,18,53,2026-09-22 17:21:41,2026-09-22 17:22:55,74.108,1.235133,0,24,3.222087,1.063,8.086116,250.958958,5.804277,1.836955,0.787,38.034,0.2795,54.55537,56.444026,18.384941,33.699599,54.858039,54.277924,-0.580115,-49.012296,18.621471,1,155,155,5,5.751433,2026-09-22 17:10:05,2026-09-22 23:16:05,2.300573,1.494,3.630206,157.795689,3.963868,1.177248,0.432,38.034,1.05175,48.169163,40.16129,30.776793,63.893145,,,155,48.169163,2.300573,155,48.169163,2.300573,155,48.169163,2.300573
legacy_32,legacy,nam_mo_a_mi_tuo_fo_phase_marker_v1,self_timed_phase_locked_respiration_chant,南無阿彌陀佛,南無,阿,彌陀佛,inspiration_to_expiration_transition,interval_between_two_consecutive_same_phase_taps,2026-09-22,17:21:42,2026-09-22 17:21:42,1790072502801,420,Tue,2,17,21,42,,chant,breath_chant_cycle,1,,1,,false,,,,1,2,31,31,2026-09-22_S02,2,2,0,1.171,1.171,51.238258,,,,,1,protocol_valid,1,1.171,,,,51.238258,1,1.171,,,,51.238258,1,1.171,,,,51.238258,1,1.171,,,,51.238258,2026-09-22 17:21,2026-09-22 17,18,53,2026-09-22 17:21:41,2026-09-22 17:22:55,74.108,1.235133,1.171,24,3.222087,1.063,8.086116,250.958958,5.804277,1.836955,0.787,38.034,0.2795,54.55537,56.444026,18.384941,33.699599,54.858039,54.277924,-0.580115,-49.012296,18.621471,1,155,155,5,5.751433,2026-09-22 17:10:05,2026-09-22 23:16:05,2.300573,1.494,3.630206,157.795689,3.963868,1.177248,0.432,38.034,1.05175,48.169163,40.16129,30.776793,63.893145,,,155,48.169163,2.300573,155,48.169163,2.300573,155,48.169163,2.300573
legacy_33,legacy,nam_mo_a_mi_tuo_fo_phase_marker_v1,self_timed_phase_locked_respiration_chant,南無阿彌陀佛,南無,阿,彌陀佛,inspiration_to_expiration_transition,interval_between_two_consecutive_same_phase_taps,2026-09-22,17:21:44,2026-09-22 17:21:44,1790072504032,420,Tue,2,17,21,44,,chant,breath_chant_cycle,1,,1,,false,,,,1,3,32,32,2026-09-22_S02,2,3,0,1.231,1.231,48.740861,0.06,0.06,5.123826,-2.497397,1,protocol_valid,2,1.201,0.042426,3.53259,0.06,49.989559,2,1.201,0.042426,3.53259,0.06,49.989559,2,1.201,0.042426,3.53259,0.06,49.989559,2,1.201,0.042426,3.53259,0.06,49.989559,2026-09-22 17:21,2026-09-22 17,18,53,2026-09-22 17:21:41,2026-09-22 17:22:55,74.108,1.235133,2.402,24,3.222087,1.063,8.086116,250.958958,5.804277,1.836955,0.787,38.034,0.2795,54.55537,56.444026,18.384941,33.699599,54.858039,54.277924,-0.580115,-49.012296,18.621471,1,155,155,5,5.751433,2026-09-22 17:10:05,2026-09-22 23:16:05,2.300573,1.494,3.630206,157.795689,3.963868,1.177248,0.432,38.034,1.05175,48.169163,40.16129,30.776793,63.893145,,,155,48.169163,2.300573,155,48.169163,2.300573,155,48.169163,2.300573
legacy_34,legacy,nam_mo_a_mi_tuo_fo_phase_marker_v1,self_timed_phase_locked_respiration_chant,南無阿彌陀佛,南無,阿,彌陀佛,inspiration_to_expiration_transition,interval_between_two_consecutive_same_phase_taps,2026-09-22,17:21:45,2026-09-22 17:21:45,1790072505141,420,Tue,2,17,21,45,,chant,breath_chant_cycle,1,,1,,false,,,,1,4,33,33,2026-09-22_S02,2,4,0,1.109,1.109,54.102795,-0.122,0.122,-9.910642,5.361934,1,protocol_valid,3,1.170333,0.061003,5.212424,0.096135,51.360638,3,1.170333,0.061003,5.212424,0.096135,51.360638,3,1.170333,0.061003,5.212424,0.096135,51.360638,3,1.170333,0.061003,5.212424,0.096135,51.360638,2026-09-22 17:21,2026-09-22 17,18,53,2026-09-22 17:21:41,2026-09-22 17:22:55,74.108,1.235133,3.511,24,3.222087,1.063,8.086116,250.958958,5.804277,1.836955,0.787,38.034,0.2795,54.55537,56.444026,18.384941,33.699599,54.858039,54.277924,-0.580115,-49.012296,18.621471,1,155,155,5,5.751433,2026-09-22 17:10:05,2026-09-22 23:16:05,2.300573,1.494,3.630206,157.795689,3.963868,1.177248,0.432,38.034,1.05175,48.169163,40.16129,30.776793,63.893145,,,155,48.169163,2.300573,155,48.169163,2.300573,155,48.169163,2.300573
legacy_35,legacy,nam_mo_a_mi_tuo_fo_phase_marker_v1,self_timed_phase_locked_respiration_chant,南無阿彌陀佛,南無,阿,彌陀佛,inspiration_to_expiration_transition,interval_between_two_consecutive_same_phase_taps,2026-09-22,17:21:46,2026-09-22 17:21:46,1790072506137,420,Tue,2,17,21,46,,chant,breath_chant_cycle,1,,1,,false,,,,1,5,34,34,2026-09-22_S02,2,5,0,0.996,0.996,60.240964,-0.113,0.113,-10.18936,6.138169,1,protocol_valid,3,1.112,0.117529,10.569129,0.117586,54.36154,4,1.12675,0.100394,8.910034,0.102067,53.58072,4,1.12675,0.100394,8.910034,0.102067,53.58072,4,1.12675,0.100394,8.910034,0.102067,53.58072,2026-09-22 17:21,2026-09-22 17,18,53,2026-09-22 17:21:41,2026-09-22 17:22:55,74.108,1.235133,4.507,24,3.222087,1.063,8.086116,250.958958,5.804277,1.836955,0.787,38.034,0.2795,54.55537,56.444026,18.384941,33.699599,54.858039,54.277924,-0.580115,-49.012296,18.621471,1,155,155,5,5.751433,2026-09-22 17:10:05,2026-09-22 23:16:05,2.300573,1.494,3.630206,157.795689,3.963868,1.177248,0.432,38.034,1.05175,48.169163,40.16129,30.776793,63.893145,,,155,48.169163,2.300573,155,48.169163,2.300573,155,48.169163,2.300573
legacy_36,legacy,nam_mo_a_mi_tuo_fo_phase_marker_v1,self_timed_phase_locked_respiration_chant,南無阿彌陀佛,南無,阿,彌陀佛,inspiration_to_expiration_transition,interval_between_two_consecutive_same_phase_taps,2026-09-22,17:21:47,2026-09-22 17:21:47,1790072507256,420,Tue,2,17,21,47,,chant,breath_chant_cycle,1,,1,,false,,,,1,6,35,35,2026-09-22_S02,2,6,0,1.119,1.119,53.619303,0.123,0.123,12.349398,-6.621661,1,protocol_valid,3,1.074667,0.068311,6.356442,0.118106,55.987687,5,1.1252,0.087013,7.733082,0.107682,53.588436,5,1.1252,0.087013,7.733082,0.107682,53.588436,5,1.1252,0.087013,7.733082,0.107682,53.588436,2026-09-22 17:21,2026-09-22 17,18,53,2026-09-22 17:21:41,2026-09-22 17:22:55,74.108,1.235133,5.626,24,3.222087,1.063,8.086116,250.958958,5.804277,1.836955,0.787,38.034,0.2795,54.55537,56.444026,18.384941,33.699599,54.858039,54.277924,-0.580115,-49.012296,18.621471,1,155,155,5,5.751433,2026-09-22 17:10:05,2026-09-22 23:16:05,2.300573,1.494,3.630206,157.795689,3.963868,1.177248,0.432,38.034,1.05175,48.169163,40.16129,30.776793,63.893145,,,155,48.169163,2.300573,155,48.169163,2.300573,155,48.169163,2.300573
legacy_37,legacy,nam_mo_a_mi_tuo_fo_phase_marker_v1,self_timed_phase_locked_respiration_chant,南無阿彌陀佛,南無,阿,彌陀佛,inspiration_to_expiration_transition,interval_between_two_consecutive_same_phase_taps,2026-09-22,17:21:48,2026-09-22 17:21:48,1790072508088,420,Tue,2,17,21,48,,chant,breath_chant_cycle,1,,1,,false,,,,1,7,36,36,2026-09-22_S02,2,7,0,0.832,0.832,72.115385,-0.287,0.287,-25.6479,18.496082,1,protocol_valid,3,0.982333,0.143987,14.657679,0.220792,61.991884,5,1.0574,0.150971,14.277586,0.176883,57.763862,6,1.076333,0.142775,13.264932,0.160469,56.676261,6,1.076333,0.142775,13.264932,0.160469,56.676261,2026-09-22 17:21,2026-09-22 17,18,53,2026-09-22 17:21:41,2026-09-22 17:22:55,74.108,1.235133,6.458,24,3.222087,1.063,8.086116,250.958958,5.804277,1.836955,0.787,38.034,0.2795,54.55537,56.444026,18.384941,33.699599,54.858039,54.277924,-0.580115,-49.012296,18.621471,1,155,155,5,5.751433,2026-09-22 17:10:05,2026-09-22 23:16:05,2.300573,1.494,3.630206,157.795689,3.963868,1.177248,0.432,38.034,1.05175,48.169163,40.16129,30.776793,63.893145,,,155,48.169163,2.300573,155,48.169163,2.300573,155,48.169163,2.300573
legacy_38,legacy,nam_mo_a_mi_tuo_fo_phase_marker_v1,self_timed_phase_locked_respiration_chant,南無阿彌陀佛,南無,阿,彌陀佛,inspiration_to_expiration_transition,interval_between_two_consecutive_same_phase_taps,2026-09-22,17:21:49,2026-09-22 17:21:49,1790072509197,420,Tue,2,17,21,49,,chant,breath_chant_cycle,1,,1,,false,,,,1,8,37,37,2026-09-22_S02,2,8,0,1.109,1.109,54.102795,0.277,0.277,33.293269,-18.012589,1,protocol_valid,3,1.02,0.16289,15.969562,0.282044,59.945828,5,1.033,0.123205,11.926923,0.216215,58.836248,7,1.081,0.130919,12.110874,0.185059,56.308623,7,1.081,0.130919,12.110874,0.185059,56.308623,2026-09-22 17:21,2026-09-22 17,18,53,2026-09-22 17:21:41,2026-09-22 17:22:55,74.108,1.235133,7.567,24,3.222087,1.063,8.086116,250.958958,5.804277,1.836955,0.787,38.034,0.2795,54.55537,56.444026,18.384941,33.699599,54.858039,54.277924,-0.580115,-49.012296,18.621471,1,155,155,5,5.751433,2026-09-22 17:10:05,2026-09-22 23:16:05,2.300573,1.494,3.630206,157.795689,3.963868,1.177248,0.432,38.034,1.05175,48.169163,40.16129,30.776793,63.893145,,,155,48.169163,2.300573,155,48.169163,2.300573,155,48.169163,2.300573
legacy_39,legacy,nam_mo_a_mi_tuo_fo_phase_marker_v1,self_timed_phase_locked_respiration_chant,南無阿彌陀佛,南無,阿,彌陀佛,inspiration_to_expiration_transition,interval_between_two_consecutive_same_phase_taps,2026-09-22,17:21:50,2026-09-22 17:21:50,1790072510081,420,Tue,2,17,21,50,,chant,breath_chant_cycle,1,,1,,false,,,,1,9,38,38,2026-09-22_S02,2,9,0,0.884,0.884,67.873303,-0.225,0.225,-20.288548,13.770508,1,protocol_valid,3,0.941667,0.147229,15.634922,0.252343,64.697161,5,0.988,0.129439,13.101131,0.237093,61.59035,8,1.056375,0.139794,13.233337,0.191276,57.754208,8,1.056375,0.139794,13.233337,0.191276,57.754208,2026-09-22 17:21,2026-09-22 17,18,53,2026-09-22 17:21:41,2026-09-22 17:22:55,74.108,1.235133,8.451,24,3.222087,1.063,8.086116,250.958958,5.804277,1.836955,0.787,38.034,0.2795,54.55537,56.444026,18.384941,33.699599,54.858039,54.277924,-0.580115,-49.012296,18.621471,1,155,155,5,5.751433,2026-09-22 17:10:05,2026-09-22 23:16:05,2.300573,1.494,3.630206,157.795689,3.963868,1.177248,0.432,38.034,1.05175,48.169163,40.16129,30.776793,63.893145,,,155,48.169163,2.300573,155,48.169163,2.300573,155,48.169163,2.300573
legacy_40,legacy,nam_mo_a_mi_tuo_fo_phase_marker_v1,self_timed_phase_locked_respiration_chant,南無阿彌陀佛,南無,阿,彌陀佛,inspiration_to_expiration_transition,interval_between_two_consecutive_same_phase_taps,2026-09-22,17:21:51,2026-09-22 17:21:51,1790072511271,420,Tue,2,17,21,51,,chant,breath_chant_cycle,1,,1,,false,,,,1,10,39,39,2026-09-22_S02,2,10,0,1.19,1.19,50.420168,0.306,0.306,34.615385,-17.453135,1,protocol_valid,3,1.061,0.158547,14.943122,0.268571,57.465422,5,1.0268,0.158296,15.416463,0.27539,59.626191,9,1.071222,0.138143,12.895815,0.209088,56.939315,9,1.071222,0.138143,12.895815,0.209088,56.939315,2026-09-22 17:21,2026-09-22 17,18,53,2026-09-22 17:21:41,2026-09-22 17:22:55,74.108,1.235133,9.641,24,3.222087,1.063,8.086116,250.958958,5.804277,1.836955,0.787,38.034,0.2795,54.55537,56.444026,18.384941,33.699599,54.858039,54.277924,-0.580115,-49.012296,18.621471,1,155,155,5,5.751433,2026-09-22 17:10:05,2026-09-22 23:16:05,2.300573,1.494,3.630206,157.795689,3.963868,1.177248,0.432,38.034,1.05175,48.169163,40.16129,30.776793,63.893145,,,155,48.169163,2.300573,155,48.169163,2.300573,155,48.169163,2.300573
legacy_41,legacy,nam_mo_a_mi_tuo_fo_phase_marker_v1,self_timed_phase_locked_respiration_chant,南無阿彌陀佛,南無,阿,彌陀佛,inspiration_to_expiration_transition,interval_between_two_consecutive_same_phase_taps,2026-09-22,17:21:52,2026-09-22 17:21:52,1790072512503,420,Tue,2,17,21,52,,chant,breath_chant_cycle,1,,1,,false,,,,1,11,40,40,2026-09-22_S02,2,11,0,1.232,1.232,48.701299,0.042,0.042,3.529412,-1.718869,1,protocol_valid,3,1.102,0.189958,17.237558,0.218403,55.664923,5,1.0494,0.181165,17.263686,0.235984,58.64259,10,1.0873,0.139814,12.858843,0.197626,56.115513,10,1.0873,0.139814,12.858843,0.197626,56.115513,2026-09-22 17:21,2026-09-22 17,18,53,2026-09-22 17:21:41,2026-09-22 17:22:55,74.108,1.235133,10.873,24,3.222087,1.063,8.086116,250.958958,5.804277,1.836955,0.787,38.034,0.2795,54.55537,56.444026,18.384941,33.699599,54.858039,54.277924,-0.580115,-49.012296,18.621471,1,155,155,5,5.751433,2026-09-22 17:10:05,2026-09-22 23:16:05,2.300573,1.494,3.630206,157.795689,3.963868,1.177248,0.432,38.034,1.05175,48.169163,40.16129,30.776793,63.893145,,,155,48.169163,2.300573,155,48.169163,2.300573,155,48.169163,2.300573
legacy_42,legacy,nam_mo_a_mi_tuo_fo_phase_marker_v1,self_timed_phase_locked_respiration_chant,南無阿彌陀佛,南無,阿,彌陀佛,inspiration_to_expiration_transition,interval_between_two_consecutive_same_phase_taps,2026-09-22,17:21:53,2026-09-22 17:21:53,1790072513922,420,Tue,2,17,21,53,,chant,breath_chant_cycle,1,,1,,false,,,,1,12,41,41,2026-09-22_S02,2,12,0,1.419,1.419,42.283298,0.187,0.187,15.178571,-6.418001,1,protocol_valid,3,1.280333,0.121911,9.521831,0.135523,47.134922,5,1.1668,0.19475,16.69098,0.212717,52.676173,10,1.1121,0.174101,15.655171,0.206256,55.220017,11,1.117455,0.166119,14.865826,0.196589,54.858039,2026-09-22 17:21,2026-09-22 17,18,53,2026-09-22 17:21:41,2026-09-22 17:22:55,74.108,1.235133,12.292,24,3.222087,1.063,8.086116,250.958958,5.804277,1.836955,0.787,38.034,0.2795,54.55537,56.444026,18.384941,33.699599,54.858039,54.277924,-0.580115,-49.012296,18.621471,1,155,155,5,5.751433,2026-09-22 17:10:05,2026-09-22 23:16:05,2.300573,1.494,3.630206,157.795689,3.963868,1.177248,0.432,38.034,1.05175,48.169163,40.16129,30.776793,63.893145,,,155,48.169163,2.300573,155,48.169163,2.300573,155,48.169163,2.300573
legacy_43,legacy,nam_mo_a_mi_tuo_fo_phase_marker_v1,self_timed_phase_locked_respiration_chant,南無阿彌陀佛,南無,阿,彌陀佛,inspiration_to_expiration_transition,interval_between_two_consecutive_same_phase_taps,2026-09-22,17:21:54,2026-09-22 17:21:54,1790072514819,420,Tue,2,17,21,54,,chant,breath_chant_cycle,1,,1,,false,,,,1,13,42,42,2026-09-22_S02,2,13,0,0.897,0.897,66.889632,-0.522,0.522,-36.786469,24.606334,1,protocol_valid,3,1.182667,0.264474,22.362488,0.39208,52.624743,5,1.1244,0.230311,20.483041,0.317354,55.23354,10,1.0787,0.18067,16.7489,0.266765,57.034894,12,1.099083,0.170695,15.530677,0.244756,55.860672,2026-09-22 17:21,2026-09-22 17,18,53,2026-09-22 17:21:41,2026-09-22 17:22:55,74.108,1.235133,13.189,24,3.222087,1.063,8.086116,250.958958,5.804277,1.836955,0.787,38.034,0.2795,54.55537,56.444026,18.384941,33.699599,54.858039,54.277924,-0.580115,-49.012296,18.621471,1,155,155,5,5.751433,2026-09-22 17:10:05,2026-09-22 23:16:05,2.300573,1.494,3.630206,157.795689,3.963868,1.177248,0.432,38.034,1.05175,48.169163,40.16129,30.776793,63.893145,,,155,48.169163,2.300573,155,48.169163,2.300573,155,48.169163,2.300573
legacy_44,legacy,nam_mo_a_mi_tuo_fo_phase_marker_v1,self_timed_phase_locked_respiration_chant,南無阿彌陀佛,南無,阿,彌陀佛,inspiration_to_expiration_transition,interval_between_two_consecutive_same_phase_taps,2026-09-22,17:21:55,2026-09-22 17:21:55,1790072515782,420,Tue,2,17,21,55,,chant,breath_chant_cycle,1,,1,,false,,,,1,14,43,43,2026-09-22_S02,2,14,0,0.963,0.963,62.305296,0.066,0.066,7.35786,-4.584336,1,protocol_valid,3,1.093,0.284246,26.006072,0.372048,57.159409,5,1.1402,0.21165,18.562528,0.279988,54.119939,10,1.0641,0.183821,17.274828,0.265008,57.855144,13,1.088615,0.16773,15.407619,0.235109,56.356412,2026-09-22 17:21,2026-09-22 17,18,53,2026-09-22 17:21:41,2026-09-22 17:22:55,74.108,1.235133,14.152,24,3.222087,1.063,8.086116,250.958958,5.804277,1.836955,0.787,38.034,0.2795,54.55537,56.444026,18.384941,33.699599,54.858039,54.277924,-0.580115,-49.012296,18.621471,1,155,155,5,5.751433,2026-09-22 17:10:05,2026-09-22 23:16:05,2.300573,1.494,3.630206,157.795689,3.963868,1.177248,0.432,38.034,1.05175,48.169163,40.16129,30.776793,63.893145,,,155,48.169163,2.300573,155,48.169163,2.300573,155,48.169163,2.300573
legacy_45,legacy,nam_mo_a_mi_tuo_fo_phase_marker_v1,self_timed_phase_locked_respiration_chant,南無阿彌陀佛,南無,阿,彌陀佛,inspiration_to_expiration_transition,interval_between_two_consecutive_same_phase_taps,2026-09-22,17:21:56,2026-09-22 17:21:56,1790072516750,420,Tue,2,17,21,56,,chant,breath_chant_cycle,1,,1,,false,,,,1,15,44,44,2026-09-22_S02,2,15,0,0.968,0.968,61.983471,0.005,0.005,0.519211,-0.321825,1,protocol_valid,3,0.942667,0.039627,4.203759,0.046803,63.726133,5,1.0958,0.221641,20.226403,0.27921,56.432599,10,1.0613,0.185182,17.448622,0.261822,58.029395,14,1.08,0.164342,15.216856,0.22589,56.758345,2026-09-22 17:21,2026-09-22 17,18,53,2026-09-22 17:21:41,2026-09-22 17:22:55,74.108,1.235133,15.12,24,3.222087,1.063,8.086116,250.958958,5.804277,1.836955,0.787,38.034,0.2795,54.55537,56.444026,18.384941,33.699599,54.858039,54.277924,-0.580115,-49.012296,18.621471,1,155,155,5,5.751433,2026-09-22 17:10:05,2026-09-22 23:16:05,2.300573,1.494,3.630206,157.795689,3.963868,1.177248,0.432,38.034,1.05175,48.169163,40.16129,30.776793,63.893145,,,155,48.169163,2.300573,155,48.169163,2.300573,155,48.169163,2.300573
legacy_46,legacy,nam_mo_a_mi_tuo_fo_phase_marker_v1,self_timed_phase_locked_respiration_chant,南無阿彌陀佛,南無,阿,彌陀佛,inspiration_to_expiration_transition,interval_between_two_consecutive_same_phase_taps,2026-09-22,17:21:57,2026-09-22 17:21:57,1790072517537,420,Tue,2,17,21,57,,chant,breath_chant_cycle,1,,1,,false,,,,1,16,45,45,2026-09-22_S02,2,16,0,0.787,0.787,76.238882,-0.181,0.181,-18.698347,14.255411,1,protocol_valid,3,0.906,0.103087,11.378294,0.128035,66.84255,5,1.0068,0.241713,24.008051,0.27822,61.940116,10,1.0281,0.202627,19.708923,0.251075,60.291353,15,1.060467,0.175506,16.549898,0.222983,58.057047,2026-09-22 17:21,2026-09-22 17,18,53,2026-09-22 17:21:41,2026-09-22 17:22:55,74.108,1.235133,15.907,24,3.222087,1.063,8.086116,250.958958,5.804277,1.836955,0.787,38.034,0.2795,54.55537,56.444026,18.384941,33.699599,54.858039,54.277924,-0.580115,-49.012296,18.621471,1,155,155,5,5.751433,2026-09-22 17:10:05,2026-09-22 23:16:05,2.300573,1.494,3.630206,157.795689,3.963868,1.177248,0.432,38.034,1.05175,48.169163,40.16129,30.776793,63.893145,,,155,48.169163,2.300573,155,48.169163,2.300573,155,48.169163,2.300573
legacy_47,legacy,nam_mo_a_mi_tuo_fo_phase_marker_v1,self_timed_phase_locked_respiration_chant,南無阿彌陀佛,南無,阿,彌陀佛,inspiration_to_expiration_transition,interval_between_two_consecutive_same_phase_taps,2026-09-22,17:21:58,2026-09-22 17:21:58,1790072518422,420,Tue,2,17,21,58,,chant,breath_chant_cycle,1,,1,,false,,,,1,17,46,46,2026-09-22_S02,2,17,0,0.885,0.885,67.79661,0.098,0.098,12.452351,-8.442272,1,protocol_valid,3,0.88,0.090604,10.295856,0.145542,68.672988,5,0.9,0.073478,8.16421,0.108104,67.042778,10,1.0334,0.197558,19.117281,0.235755,59.859475,16,1.0495,0.175138,16.687724,0.216903,58.66577,2026-09-22 17:21,2026-09-22 17,18,53,2026-09-22 17:21:41,2026-09-22 17:22:55,74.108,1.235133,16.792,24,3.222087,1.063,8.086116,250.958958,5.804277,1.836955,0.787,38.034,0.2795,54.55537,56.444026,18.384941,33.699599,54.858039,54.277924,-0.580115,-49.012296,18.621471,1,155,155,5,5.751433,2026-09-22 17:10:05,2026-09-22 23:16:05,2.300573,1.494,3.630206,157.795689,3.963868,1.177248,0.432,38.034,1.05175,48.169163,40.16129,30.776793,63.893145,,,155,48.169163,2.300573,155,48.169163,2.300573,155,48.169163,2.300573
legacy_48,legacy,nam_mo_a_mi_tuo_fo_phase_marker_v1,self_timed_phase_locked_respiration_chant,南無阿彌陀佛,南無,阿,彌陀佛,inspiration_to_expiration_transition,interval_between_two_consecutive_same_phase_taps,2026-09-22,17:21:59,2026-09-22 17:21:59,1790072519485,420,Tue,2,17,21,59,,chant,breath_chant_cycle,1,,1,,false,,,,1,18,47,47,2026-09-22_S02,2,18,0,1.063,1.063,56.444026,0.178,0.178,20.112994,-11.352584,1,protocol_valid,3,0.911667,0.139919,15.347608,0.14368,66.826506,5,0.9332,0.103253,11.064411,0.136083,64.953657,10,1.0288,0.196132,19.064201,0.231249,60.093599,17,1.050294,0.169608,16.148612,0.214678,58.535079,2026-09-22 17:21,2026-09-22 17,18,53,2026-09-22 17:21:41,2026-09-22 17:22:55,74.108,1.235133,17.855,24,3.222087,1.063,8.086116,250.958958,5.804277,1.836955,0.787,38.034,0.2795,54.55537,56.444026,18.384941,33.699599,54.858039,54.277924,-0.580115,-49.012296,18.621471,1,155,155,5,5.751433,2026-09-22 17:10:05,2026-09-22 23:16:05,2.300573,1.494,3.630206,157.795689,3.963868,1.177248,0.432,38.034,1.05175,48.169163,40.16129,30.776793,63.893145,,,155,48.169163,2.300573,155,48.169163,2.300573,155,48.169163,2.300573
legacy_49,legacy,nam_mo_a_mi_tuo_fo_phase_marker_v1,self_timed_phase_locked_respiration_chant,南無阿彌陀佛,南無,阿,彌陀佛,inspiration_to_expiration_transition,interval_between_two_consecutive_same_phase_taps,2026-09-22,17:22:00,2026-09-22 17:22:00,1790072520415,420,Tue,2,17,22,0,,chant,breath_chant_cycle,1,,1,,false,,,,1,19,48,48,2026-09-22_S02,2,19,0,0.93,0.93,64.516129,-0.133,0.133,-12.511759,8.072103,1,protocol_valid,3,0.959333,0.092554,9.647792,0.157119,62.918922,5,0.9266,0.101918,10.999148,0.151441,65.395824,10,1.0334,0.192871,18.66377,0.21222,59.757881,18,1.043611,0.166969,15.999147,0.210752,58.86736,2026-09-22 17:22,2026-09-22 17,6,53,2026-09-22 17:21:41,2026-09-22 17:22:55,74.108,1.235133,18.785,24,3.222087,1.063,8.086116,250.958958,5.804277,1.836955,0.787,38.034,0.2795,54.55537,56.444026,18.384941,33.699599,54.858039,54.277924,-0.580115,-49.012296,18.621471,1,155,155,5,5.751433,2026-09-22 17:10:05,2026-09-22 23:16:05,2.300573,1.494,3.630206,157.795689,3.963868,1.177248,0.432,38.034,1.05175,48.169163,40.16129,30.776793,63.893145,,,155,48.169163,2.300573,155,48.169163,2.300573,155,48.169163,2.300573
legacy_50,legacy,nam_mo_a_mi_tuo_fo_phase_marker_v1,self_timed_phase_locked_respiration_chant,南無阿彌陀佛,南無,阿,彌陀佛,inspiration_to_expiration_transition,interval_between_two_consecutive_same_phase_taps,2026-09-22,17:22:01,2026-09-22 17:22:01,1790072521495,420,Tue,2,17,22,1,,chant,breath_chant_cycle,1,,1,,false,,,,1,20,49,49,2026-09-22_S02,2,20,0,1.08,1.08,55.555556,0.15,0.15,16.129032,-8.960573,1,protocol_valid,3,1.024333,0.082136,8.01849,0.141755,58.83857,5,0.949,0.123347,12.997584,0.142721,64.110241,10,1.0224,0.185961,18.188643,0.217581,60.27142,19,1.045526,0.162479,15.54042,0.207843,58.693054,2026-09-22 17:22,2026-09-22 17,6,53,2026-09-22 17:21:41,2026-09-22 17:22:55,74.108,1.235133,19.865,24,3.222087,1.063,8.086116,250.958958,5.804277,1.836955,0.787,38.034,0.2795,54.55537,56.444026,18.384941,33.699599,54.858039,54.277924,-0.580115,-49.012296,18.621471,1,155,155,5,5.751433,2026-09-22 17:10:05,2026-09-22 23:16:05,2.300573,1.494,3.630206,157.795689,3.963868,1.177248,0.432,38.034,1.05175,48.169163,40.16129,30.776793,63.893145,,,155,48.169163,2.300573,155,48.169163,2.300573,155,48.169163,2.300573
legacy_51,legacy,nam_mo_a_mi_tuo_fo_phase_marker_v1,self_timed_phase_locked_respiration_chant,南無阿彌陀佛,南無,阿,彌陀佛,inspiration_to_expiration_transition,interval_between_two_consecutive_same_phase_taps,2026-09-22,17:22:02,2026-09-22 17:22:02,1790072522383,420,Tue,2,17,22,2,,chant,breath_chant_cycle,1,,1,,false,,,,2,0,50,50,2026-09-22_S02,2,21,0,0.888,0.888,67.567568,-0.192,0.192,-17.777778,12.012012,1,protocol_valid,3,0.966,0.100936,10.448822,0.172285,62.546417,5,0.9692,0.095256,9.828309,0.164876,62.375978,10,0.988,0.174334,17.645106,0.218064,62.158047,20,1.03765,0.162021,15.614213,0.207039,59.13678,2026-09-22 17:22,2026-09-22 17,6,53,2026-09-22 17:21:41,2026-09-22 17:22:55,74.108,1.235133,20.753,24,3.222087,1.063,8.086116,250.958958,5.804277,1.836955,0.787,38.034,0.2795,54.55537,56.444026,18.384941,33.699599,54.858039,54.277924,-0.580115,-49.012296,18.621471,1,155,155,5,5.751433,2026-09-22 17:10:05,2026-09-22 23:16:05,2.300573,1.494,3.630206,157.795689,3.963868,1.177248,0.432,38.034,1.05175,48.169163,40.16129,30.776793,63.893145,,,155,48.169163,2.300573,155,48.169163,2.300573,155,48.169163,2.300573
legacy_52,legacy,nam_mo_a_mi_tuo_fo_phase_marker_v1,self_timed_phase_locked_respiration_chant,南無阿彌陀佛,南無,阿,彌陀佛,inspiration_to_expiration_transition,interval_between_two_consecutive_same_phase_taps,2026-09-22,17:22:03,2026-09-22 17:22:03,1790072523288,420,Tue,2,17,22,3,,chant,breath_chant_cycle,1,,1,,false,,,,2,1,51,51,2026-09-22_S02,2,22,0,0.905,0.905,66.298343,0.017,0.017,1.914414,-1.269225,1,protocol_valid,3,0.957667,0.106284,11.098247,0.136296,63.140489,5,0.9732,0.091169,9.367913,0.139052,62.076324,10,0.9366,0.087075,9.296918,0.13156,64.559551,21,1.031333,0.160549,15.567176,0.201833,59.477807,2026-09-22 17:22,2026-09-22 17,6,53,2026-09-22 17:21:41,2026-09-22 17:22:55,74.108,1.235133,21.658,24,3.222087,1.063,8.086116,250.958958,5.804277,1.836955,0.787,38.034,0.2795,54.55537,56.444026,18.384941,33.699599,54.858039,54.277924,-0.580115,-49.012296,18.621471,1,155,155,5,5.751433,2026-09-22 17:10:05,2026-09-22 23:16:05,2.300573,1.494,3.630206,157.795689,3.963868,1.177248,0.432,38.034,1.05175,48.169163,40.16129,30.776793,63.893145,,,155,48.169163,2.300573,155,48.169163,2.300573,155,48.169163,2.300573
legacy_53,legacy,nam_mo_a_mi_tuo_fo_phase_marker_v1,self_timed_phase_locked_respiration_chant,南無阿彌陀佛,南無,阿,彌陀佛,inspiration_to_expiration_transition,interval_between_two_consecutive_same_phase_taps,2026-09-22,17:22:17,2026-09-22 17:22:17,1790072537704,420,Tue,2,17,22,17,,chant,breath_chant_cycle,1,,1,,false,,,,2,2,52,52,2026-09-22_S02,2,23,0,14.416,14.416,4.162042,13.511,13.511,1492.928177,-62.1363,1,protocol_valid,3,5.403,7.805492,144.465882,9.553727,46.009317,5,3.6438,6.022324,165.275914,6.756604,51.619927,10,2.2885,4.262036,186.237099,4.505534,58.286792,21,1.662048,2.92653,176.079767,3.027856,57.236082,2026-09-22 17:22,2026-09-22 17,6,53,2026-09-22 17:21:41,2026-09-22 17:22:55,74.108,1.235133,36.074,24,3.222087,1.063,8.086116,250.958958,5.804277,1.836955,0.787,38.034,0.2795,54.55537,56.444026,18.384941,33.699599,54.858039,54.277924,-0.580115,-49.012296,18.621471,1,155,155,5,5.751433,2026-09-22 17:10:05,2026-09-22 23:16:05,2.300573,1.494,3.630206,157.795689,3.963868,1.177248,0.432,38.034,1.05175,48.169163,40.16129,30.776793,63.893145,,,155,48.169163,2.300573,155,48.169163,2.300573,155,48.169163,2.300573
legacy_54,legacy,nam_mo_a_mi_tuo_fo_phase_marker_v1,self_timed_phase_locked_respiration_chant,南無阿彌陀佛,南無,阿,彌陀佛,inspiration_to_expiration_transition,interval_between_two_consecutive_same_phase_taps,2026-09-22,17:22:55,2026-09-22 17:22:55,1790072575738,420,Tue,2,17,22,55,,chant,breath_chant_cycle,1,,1,,false,,,,2,3,53,53,2026-09-22_S02,2,24,0,38.034,38.034,1.577536,23.618,23.618,163.831853,-2.584506,1,protocol_valid,3,17.785,18.792373,105.664172,19.240024,24.01264,5,11.0646,16.163642,146.084289,13.605093,39.032209,10,5.9956,12.027942,200.612814,9.070762,52.214016,21,3.414571,8.454367,247.59673,6.087501,54.99021,2026-09-22 17:22,2026-09-22 17,6,53,2026-09-22 17:21:41,2026-09-22 17:22:55,74.108,1.235133,74.108,24,3.222087,1.063,8.086116,250.958958,5.804277,1.836955,0.787,38.034,0.2795,54.55537,56.444026,18.384941,33.699599,54.858039,54.277924,-0.580115,-49.012296,18.621471,1,155,155,5,5.751433,2026-09-22 17:10:05,2026-09-22 23:16:05,2.300573,1.494,3.630206,157.795689,3.963868,1.177248,0.432,38.034,1.05175,48.169163,40.16129,30.776793,63.893145,,,155,48.169163,2.300573,155,48.169163,2.300573,155,48.169163,2.300573
legacy_55,legacy,nam_mo_a_mi_tuo_fo_phase_marker_v1,self_timed_phase_locked_respiration_chant,南無阿彌陀佛,南無,阿,彌陀佛,inspiration_to_expiration_transition,interval_between_two_consecutive_same_phase_taps,2026-09-22,19:29:01,2026-09-22 19:29:01,1790080141393,420,Tue,2,19,29,1,,chant,breath_chant_cycle,1,,1,,false,,,,2,4,54,54,2026-09-22_S03,3,1,1,7565.655,,,,,,,0,session_start,0,,,,,,0,,,,,,0,,,,,,0,,,,,,2026-09-22 19:29,2026-09-22 19,10,13,2026-09-22 19:29:01,2026-09-22 19:30:11,70.384,1.173067,0,13,5.865333,5.0885,2.322007,39.58867,3.512397,2.500091,4.247,10.754,1.19075,11.260493,11.794173,2.911098,25.852311,12.039954,10.481031,-1.558923,-0.95504,10.229598,1,155,155,5,5.751433,2026-09-22 17:10:05,2026-09-22 23:16:05,2.300573,1.494,3.630206,157.795689,3.963868,1.177248,0.432,38.034,1.05175,48.169163,40.16129,30.776793,63.893145,,,155,48.169163,2.300573,155,48.169163,2.300573,155,48.169163,2.300573
legacy_56,legacy,nam_mo_a_mi_tuo_fo_phase_marker_v1,self_timed_phase_locked_respiration_chant,南無阿彌陀佛,南無,阿,彌陀佛,inspiration_to_expiration_transition,interval_between_two_consecutive_same_phase_taps,2026-09-22,19:29:06,2026-09-22 19:29:06,1790080146402,420,Tue,2,19,29,6,,chant,breath_chant_cycle,1,,1,,false,,,,2,5,55,55,2026-09-22_S03,3,2,0,5.009,5.009,11.978439,,,,,1,protocol_valid,1,5.009,,,,11.978439,1,5.009,,,,11.978439,1,5.009,,,,11.978439,1,5.009,,,,11.978439,2026-09-22 19:29,2026-09-22 19,10,13,2026-09-22 19:29:01,2026-09-22 19:30:11,70.384,1.173067,5.009,13,5.865333,5.0885,2.322007,39.58867,3.512397,2.500091,4.247,10.754,1.19075,11.260493,11.794173,2.911098,25.852311,12.039954,10.481031,-1.558923,-0.95504,10.229598,1,155,155,5,5.751433,2026-09-22 17:10:05,2026-09-22 23:16:05,2.300573,1.494,3.630206,157.795689,3.963868,1.177248,0.432,38.034,1.05175,48.169163,40.16129,30.776793,63.893145,,,155,48.169163,2.300573,155,48.169163,2.300573,155,48.169163,2.300573
legacy_57,legacy,nam_mo_a_mi_tuo_fo_phase_marker_v1,self_timed_phase_locked_respiration_chant,南無阿彌陀佛,南無,阿,彌陀佛,inspiration_to_expiration_transition,interval_between_two_consecutive_same_phase_taps,2026-09-22,19:29:10,2026-09-22 19:29:10,1790080150649,420,Tue,2,19,29,10,,chant,breath_chant_cycle,1,,1,,false,,,,2,6,56,56,2026-09-22_S03,3,3,0,4.247,4.247,14.127619,-0.762,0.762,-15.212617,2.149181,1,protocol_valid,2,4.628,0.538815,11.64251,0.762,13.053029,2,4.628,0.538815,11.64251,0.762,13.053029,2,4.628,0.538815,11.64251,0.762,13.053029,2,4.628,0.538815,11.64251,0.762,13.053029,2026-09-22 19:29,2026-09-22 19,10,13,2026-09-22 19:29:01,2026-09-22 19:30:11,70.384,1.173067,9.256,13,5.865333,5.0885,2.322007,39.58867,3.512397,2.500091,4.247,10.754,1.19075,11.260493,11.794173,2.911098,25.852311,12.039954,10.481031,-1.558923,-0.95504,10.229598,1,155,155,5,5.751433,2026-09-22 17:10:05,2026-09-22 23:16:05,2.300573,1.494,3.630206,157.795689,3.963868,1.177248,0.432,38.034,1.05175,48.169163,40.16129,30.776793,63.893145,,,155,48.169163,2.300573,155,48.169163,2.300573,155,48.169163,2.300573
legacy_58,legacy,nam_mo_a_mi_tuo_fo_phase_marker_v1,self_timed_phase_locked_respiration_chant,南無阿彌陀佛,南無,阿,彌陀佛,inspiration_to_expiration_transition,interval_between_two_consecutive_same_phase_taps,2026-09-22,19:29:15,2026-09-22 19:29:15,1790080155817,420,Tue,2,19,29,15,,chant,breath_chant_cycle,1,,1,,false,,,,2,7,57,57,2026-09-22_S03,3,4,0,5.168,5.168,11.609907,0.921,0.921,21.685896,-2.517712,1,protocol_valid,3,4.808,0.492302,10.239221,0.845247,12.571988,3,4.808,0.492302,10.239221,0.845247,12.571988,3,4.808,0.492302,10.239221,0.845247,12.571988,3,4.808,0.492302,10.239221,0.845247,12.571988,2026-09-22 19:29,2026-09-22 19,10,13,2026-09-22 19:29:01,2026-09-22 19:30:11,70.384,1.173067,14.424,13,5.865333,5.0885,2.322007,39.58867,3.512397,2.500091,4.247,10.754,1.19075,11.260493,11.794173,2.911098,25.852311,12.039954,10.481031,-1.558923,-0.95504,10.229598,1,155,155,5,5.751433,2026-09-22 17:10:05,2026-09-22 23:16:05,2.300573,1.494,3.630206,157.795689,3.963868,1.177248,0.432,38.034,1.05175,48.169163,40.16129,30.776793,63.893145,,,155,48.169163,2.300573,155,48.169163,2.300573,155,48.169163,2.300573
legacy_59,legacy,nam_mo_a_mi_tuo_fo_phase_marker_v1,self_timed_phase_locked_respiration_chant,南無阿彌陀佛,南無,阿,彌陀佛,inspiration_to_expiration_transition,interval_between_two_consecutive_same_phase_taps,2026-09-22,19:29:21,2026-09-22 19:29:21,1790080161193,420,Tue,2,19,29,21,,chant,breath_chant_cycle,1,,1,,false,,,,2,8,58,58,2026-09-22_S03,3,5,0,5.376,5.376,11.160714,0.208,0.208,4.024768,-0.449193,1,protocol_valid,3,4.930333,0.600853,12.186864,0.667647,12.299414,4,4.95,0.492169,9.942801,0.700511,12.21917,4,4.95,0.492169,9.942801,0.700511,12.21917,4,4.95,0.492169,9.942801,0.700511,12.21917,2026-09-22 19:29,2026-09-22 19,10,13,2026-09-22 19:29:01,2026-09-22 19:30:11,70.384,1.173067,19.8,13,5.865333,5.0885,2.322007,39.58867,3.512397,2.500091,4.247,10.754,1.19075,11.260493,11.794173,2.911098,25.852311,12.039954,10.481031,-1.558923,-0.95504,10.229598,1,155,155,5,5.751433,2026-09-22 17:10:05,2026-09-22 23:16:05,2.300573,1.494,3.630206,157.795689,3.963868,1.177248,0.432,38.034,1.05175,48.169163,40.16129,30.776793,63.893145,,,155,48.169163,2.300573,155,48.169163,2.300573,155,48.169163,2.300573
legacy_60,legacy,nam_mo_a_mi_tuo_fo_phase_marker_v1,self_timed_phase_locked_respiration_chant,南無阿彌陀佛,南無,阿,彌陀佛,inspiration_to_expiration_transition,interval_between_two_consecutive_same_phase_taps,2026-09-22,19:29:25,2026-09-22 19:29:25,1790080165923,420,Tue,2,19,29,25,,chant,breath_chant_cycle,1,,1,,false,,,,2,9,59,59,2026-09-22_S03,3,6,0,4.73,4.73,12.684989,-0.646,0.646,-12.016369,1.524275,1,protocol_valid,3,5.091333,0.329753,6.47676,0.479885,11.818537,5,4.906,0.437439,8.9164,0.687289,12.312334,5,4.906,0.437439,8.9164,0.687289,12.312334,5,4.906,0.437439,8.9164,0.687289,12.312334,2026-09-22 19:29,2026-09-22 19,10,13,2026-09-22 19:29:01,2026-09-22 19:30:11,70.384,1.173067,24.53,13,5.865333,5.0885,2.322007,39.58867,3.512397,2.500091,4.247,10.754,1.19075,11.260493,11.794173,2.911098,25.852311,12.039954,10.481031,-1.558923,-0.95504,10.229598,1,155,155,5,5.751433,2026-09-22 17:10:05,2026-09-22 23:16:05,2.300573,1.494,3.630206,157.795689,3.963868,1.177248,0.432,38.034,1.05175,48.169163,40.16129,30.776793,63.893145,,,155,48.169163,2.300573,155,48.169163,2.300573,155,48.169163,2.300573
legacy_61,legacy,nam_mo_a_mi_tuo_fo_phase_marker_v1,self_timed_phase_locked_respiration_chant,南無阿彌陀佛,南無,阿,彌陀佛,inspiration_to_expiration_transition,interval_between_two_consecutive_same_phase_taps,2026-09-22,19:29:31,2026-09-22 19:29:31,1790080171542,420,Tue,2,19,29,31,,chant,breath_chant_cycle,1,,1,,false,,,,2,10,60,60,2026-09-22_S03,3,7,0,5.619,5.619,10.678057,0.889,0.889,18.794926,-2.006933,1,protocol_valid,3,5.241667,0.459472,8.765758,0.777058,11.50792,5,5.028,0.545149,10.842265,0.724421,12.052257,6,5.024833,0.487658,9.704955,0.732091,12.039954,6,5.024833,0.487658,9.704955,0.732091,12.039954,2026-09-22 19:29,2026-09-22 19,10,13,2026-09-22 19:29:01,2026-09-22 19:30:11,70.384,1.173067,30.149,13,5.865333,5.0885,2.322007,39.58867,3.512397,2.500091,4.247,10.754,1.19075,11.260493,11.794173,2.911098,25.852311,12.039954,10.481031,-1.558923,-0.95504,10.229598,1,155,155,5,5.751433,2026-09-22 17:10:05,2026-09-22 23:16:05,2.300573,1.494,3.630206,157.795689,3.963868,1.177248,0.432,38.034,1.05175,48.169163,40.16129,30.776793,63.893145,,,155,48.169163,2.300573,155,48.169163,2.300573,155,48.169163,2.300573
legacy_62,legacy,nam_mo_a_mi_tuo_fo_phase_marker_v1,self_timed_phase_locked_respiration_chant,南無阿彌陀佛,南無,阿,彌陀佛,inspiration_to_expiration_transition,interval_between_two_consecutive_same_phase_taps,2026-09-22,19:29:42,2026-09-22 19:29:42,1790080182296,420,Tue,2,19,29,42,,chant,breath_chant_cycle,1,,1,,false,,,,2,11,61,61,2026-09-22_S03,3,8,0,10.754,10.754,5.579319,5.135,5.135,91.386368,-5.098737,1,protocol_valid,3,7.034333,3.251849,46.228244,3.685007,9.647455,5,6.3294,2.494878,39.417283,2.627695,10.342597,7,5.843286,2.210707,37.833285,2.200303,11.117006,7,5.843286,2.210707,37.833285,2.200303,11.117006,2026-09-22 19:29,2026-09-22 19,10,13,2026-09-22 19:29:01,2026-09-22 19:30:11,70.384,1.173067,40.903,13,5.865333,5.0885,2.322007,39.58867,3.512397,2.500091,4.247,10.754,1.19075,11.260493,11.794173,2.911098,25.852311,12.039954,10.481031,-1.558923,-0.95504,10.229598,1,155,155,5,5.751433,2026-09-22 17:10:05,2026-09-22 23:16:05,2.300573,1.494,3.630206,157.795689,3.963868,1.177248,0.432,38.034,1.05175,48.169163,40.16129,30.776793,63.893145,,,155,48.169163,2.300573,155,48.169163,2.300573,155,48.169163,2.300573
legacy_63,legacy,nam_mo_a_mi_tuo_fo_phase_marker_v1,self_timed_phase_locked_respiration_chant,南無阿彌陀佛,南無,阿,彌陀佛,inspiration_to_expiration_transition,interval_between_two_consecutive_same_phase_taps,2026-09-22,19:29:46,2026-09-22 19:29:46,1790080186729,420,Tue,2,19,29,46,,chant,breath_chant_cycle,1,,1,,false,,,,2,12,62,62,2026-09-22_S03,3,9,0,4.433,4.433,13.534852,-6.321,6.321,-58.778129,7.955533,1,protocol_valid,3,6.935333,3.359808,48.444796,5.758614,9.930743,5,6.1824,2.59986,42.052605,4.108859,10.727586,8,5.667,2.106576,37.172688,3.139678,11.419237,8,5.667,2.106576,37.172688,3.139678,11.419237,2026-09-22 19:29,2026-09-22 19,10,13,2026-09-22 19:29:01,2026-09-22 19:30:11,70.384,1.173067,45.336,13,5.865333,5.0885,2.322007,39.58867,3.512397,2.500091,4.247,10.754,1.19075,11.260493,11.794173,2.911098,25.852311,12.039954,10.481031,-1.558923,-0.95504,10.229598,1,155,155,5,5.751433,2026-09-22 17:10:05,2026-09-22 23:16:05,2.300573,1.494,3.630206,157.795689,3.963868,1.177248,0.432,38.034,1.05175,48.169163,40.16129,30.776793,63.893145,,,155,48.169163,2.300573,155,48.169163,2.300573,155,48.169163,2.300573
legacy_64,legacy,nam_mo_a_mi_tuo_fo_phase_marker_v1,self_timed_phase_locked_respiration_chant,南無阿彌陀佛,南無,阿,彌陀佛,inspiration_to_expiration_transition,interval_between_two_consecutive_same_phase_taps,2026-09-22,19:29:57,2026-09-22 19:29:57,1790080197430,420,Tue,2,19,29,57,,chant,breath_chant_cycle,1,,1,,false,,,,2,13,63,63,2026-09-22_S03,3,10,0,10.701,10.701,5.606953,6.268,6.268,141.39409,-7.9279,1,protocol_valid,3,8.629333,3.634228,42.114816,6.294556,8.240375,5,7.2474,3.206768,44.247145,5.157553,9.616834,9,6.226333,2.588173,41.568173,3.679179,10.773428,9,6.226333,2.588173,41.568173,3.679179,10.773428,2026-09-22 19:29,2026-09-22 19,10,13,2026-09-22 19:29:01,2026-09-22 19:30:11,70.384,1.173067,56.037,13,5.865333,5.0885,2.322007,39.58867,3.512397,2.500091,4.247,10.754,1.19075,11.260493,11.794173,2.911098,25.852311,12.039954,10.481031,-1.558923,-0.95504,10.229598,1,155,155,5,5.751433,2026-09-22 17:10:05,2026-09-22 23:16:05,2.300573,1.494,3.630206,157.795689,3.963868,1.177248,0.432,38.034,1.05175,48.169163,40.16129,30.776793,63.893145,,,155,48.169163,2.300573,155,48.169163,2.300573,155,48.169163,2.300573
legacy_65,legacy,nam_mo_a_mi_tuo_fo_phase_marker_v1,self_timed_phase_locked_respiration_chant,南無阿彌陀佛,南無,阿,彌陀佛,inspiration_to_expiration_transition,interval_between_two_consecutive_same_phase_taps,2026-09-22,19:30:03,2026-09-22 19:30:03,1790080203040,420,Tue,2,19,30,3,,chant,breath_chant_cycle,1,,1,,false,,,,2,14,64,64,2026-09-22_S03,3,11,0,5.61,5.61,10.695187,-5.091,5.091,-47.574993,5.088235,1,protocol_valid,3,6.914667,3.331452,48.179502,5.709908,9.945664,5,7.4234,3.0546,41.148263,5.734313,9.218874,10,6.1647,2.447924,39.708732,3.861623,10.765604,10,6.1647,2.447924,39.708732,3.861623,10.765604,2026-09-22 19:30,2026-09-22 19,3,13,2026-09-22 19:29:01,2026-09-22 19:30:11,70.384,1.173067,61.647,13,5.865333,5.0885,2.322007,39.58867,3.512397,2.500091,4.247,10.754,1.19075,11.260493,11.794173,2.911098,25.852311,12.039954,10.481031,-1.558923,-0.95504,10.229598,1,155,155,5,5.751433,2026-09-22 17:10:05,2026-09-22 23:16:05,2.300573,1.494,3.630206,157.795689,3.963868,1.177248,0.432,38.034,1.05175,48.169163,40.16129,30.776793,63.893145,,,155,48.169163,2.300573,155,48.169163,2.300573,155,48.169163,2.300573
legacy_66,legacy,nam_mo_a_mi_tuo_fo_phase_marker_v1,self_timed_phase_locked_respiration_chant,南無阿彌陀佛,南無,阿,彌陀佛,inspiration_to_expiration_transition,interval_between_two_consecutive_same_phase_taps,2026-09-22,19:30:07,2026-09-22 19:30:07,1790080207427,420,Tue,2,19,30,7,,chant,breath_chant_cycle,1,,1,,false,,,,2,15,65,65,2026-09-22_S03,3,12,0,4.387,4.387,13.676772,-1.223,1.223,-21.800357,2.981585,1,protocol_valid,3,6.899333,3.348647,48.5358,3.702297,9.992971,5,7.177,3.278057,45.674474,5.163741,9.818617,10,6.1025,2.488125,40.77222,3.874765,10.935437,11,6.003091,2.383357,39.702169,3.683814,11.030255,2026-09-22 19:30,2026-09-22 19,3,13,2026-09-22 19:29:01,2026-09-22 19:30:11,70.384,1.173067,66.034,13,5.865333,5.0885,2.322007,39.58867,3.512397,2.500091,4.247,10.754,1.19075,11.260493,11.794173,2.911098,25.852311,12.039954,10.481031,-1.558923,-0.95504,10.229598,1,155,155,5,5.751433,2026-09-22 17:10:05,2026-09-22 23:16:05,2.300573,1.494,3.630206,157.795689,3.963868,1.177248,0.432,38.034,1.05175,48.169163,40.16129,30.776793,63.893145,,,155,48.169163,2.300573,155,48.169163,2.300573,155,48.169163,2.300573
legacy_67,legacy,nam_mo_a_mi_tuo_fo_phase_marker_v1,self_timed_phase_locked_respiration_chant,南無阿彌陀佛,南無,阿,彌陀佛,inspiration_to_expiration_transition,interval_between_two_consecutive_same_phase_taps,2026-09-22,19:30:11,2026-09-22 19:30:11,1790080211777,420,Tue,2,19,30,11,,chant,breath_chant_cycle,1,,1,,false,,,,2,16,66,66,2026-09-22_S03,3,13,0,4.35,4.35,13.793103,-0.037,0.037,-0.843401,0.116331,1,protocol_valid,3,4.782333,0.717019,14.99308,0.865187,12.721688,5,5.8962,2.73758,46.429572,4.083601,11.461374,10,6.1128,2.479789,40.56716,3.862604,10.901985,12,5.865333,2.322007,39.58867,3.512397,11.260493,2026-09-22 19:30,2026-09-22 19,3,13,2026-09-22 19:29:01,2026-09-22 19:30:11,70.384,1.173067,70.384,13,5.865333,5.0885,2.322007,39.58867,3.512397,2.500091,4.247,10.754,1.19075,11.260493,11.794173,2.911098,25.852311,12.039954,10.481031,-1.558923,-0.95504,10.229598,1,155,155,5,5.751433,2026-09-22 17:10:05,2026-09-22 23:16:05,2.300573,1.494,3.630206,157.795689,3.963868,1.177248,0.432,38.034,1.05175,48.169163,40.16129,30.776793,63.893145,,,155,48.169163,2.300573,155,48.169163,2.300573,155,48.169163,2.300573
legacy_68,legacy,nam_mo_a_mi_tuo_fo_phase_marker_v1,self_timed_phase_locked_respiration_chant,南無阿彌陀佛,南無,阿,彌陀佛,inspiration_to_expiration_transition,interval_between_two_consecutive_same_phase_taps,2026-09-22,20:13:52,2026-09-22 20:13:52,1790082832167,420,Tue,2,20,13,52,,chant,breath_chant_cycle,1,,1,,false,,,,2,17,67,67,2026-09-22_S04,4,1,1,2620.39,,,,,,,0,session_start,0,,,,,,0,,,,,,0,,,,,,0,,,,,,2026-09-22 20:13,2026-09-22 20,12,62,2026-09-22 20:13:52,2026-09-22 20:15:32,100.415,1.673583,0,62,1.646148,1.366,1.53945,93.518364,1.4595,0.500133,0.432,10.105,1.566,61.768595,43.923865,39.291679,63.611095,92.901871,31.639618,-61.262253,-57.821141,36.448738,1,155,155,5,5.751433,2026-09-22 17:10:05,2026-09-22 23:16:05,2.300573,1.494,3.630206,157.795689,3.963868,1.177248,0.432,38.034,1.05175,48.169163,40.16129,30.776793,63.893145,,,155,48.169163,2.300573,155,48.169163,2.300573,155,48.169163,2.300573
legacy_69,legacy,nam_mo_a_mi_tuo_fo_phase_marker_v1,self_timed_phase_locked_respiration_chant,南無阿彌陀佛,南無,阿,彌陀佛,inspiration_to_expiration_transition,interval_between_two_consecutive_same_phase_taps,2026-09-22,20:13:53,2026-09-22 20:13:53,1790082833168,420,Tue,2,20,13,53,,chant,breath_chant_cycle,1,,1,,false,,,,2,18,68,68,2026-09-22_S04,4,2,0,1.001,1.001,59.94006,,,,,1,protocol_valid,1,1.001,,,,59.94006,1,1.001,,,,59.94006,1,1.001,,,,59.94006,1,1.001,,,,59.94006,2026-09-22 20:13,2026-09-22 20,12,62,2026-09-22 20:13:52,2026-09-22 20:15:32,100.415,1.673583,1.001,62,1.646148,1.366,1.53945,93.518364,1.4595,0.500133,0.432,10.105,1.566,61.768595,43.923865,39.291679,63.611095,92.901871,31.639618,-61.262253,-57.821141,36.448738,1,155,155,5,5.751433,2026-09-22 17:10:05,2026-09-22 23:16:05,2.300573,1.494,3.630206,157.795689,3.963868,1.177248,0.432,38.034,1.05175,48.169163,40.16129,30.776793,63.893145,,,155,48.169163,2.300573,155,48.169163,2.300573,155,48.169163,2.300573
legacy_70,legacy,nam_mo_a_mi_tuo_fo_phase_marker_v1,self_timed_phase_locked_respiration_chant,南無阿彌陀佛,南無,阿,彌陀佛,inspiration_to_expiration_transition,interval_between_two_consecutive_same_phase_taps,2026-09-22,20:13:53,2026-09-22 20:13:53,1790082833834,420,Tue,2,20,13,53,,chant,breath_chant_cycle,1,,1,,false,,,,2,19,69,69,2026-09-22_S04,4,3,0,0.666,0.666,90.09009,-0.335,0.335,-33.466533,30.15003,1,protocol_valid,2,0.8335,0.236881,28.420009,0.335,75.015075,2,0.8335,0.236881,28.420009,0.335,75.015075,2,0.8335,0.236881,28.420009,0.335,75.015075,2,0.8335,0.236881,28.420009,0.335,75.015075,2026-09-22 20:13,2026-09-22 20,12,62,2026-09-22 20:13:52,2026-09-22 20:15:32,100.415,1.673583,1.667,62,1.646148,1.366,1.53945,93.518364,1.4595,0.500133,0.432,10.105,1.566,61.768595,43.923865,39.291679,63.611095,92.901871,31.639618,-61.262253,-57.821141,36.448738,1,155,155,5,5.751433,2026-09-22 17:10:05,2026-09-22 23:16:05,2.300573,1.494,3.630206,157.795689,3.963868,1.177248,0.432,38.034,1.05175,48.169163,40.16129,30.776793,63.893145,,,155,48.169163,2.300573,155,48.169163,2.300573,155,48.169163,2.300573
legacy_71,legacy,nam_mo_a_mi_tuo_fo_phase_marker_v1,self_timed_phase_locked_respiration_chant,南無阿彌陀佛,南無,阿,彌陀佛,inspiration_to_expiration_transition,interval_between_two_consecutive_same_phase_taps,2026-09-22,20:13:54,2026-09-22 20:13:54,1790082834467,420,Tue,2,20,13,54,,chant,breath_chant_cycle,1,,1,,false,,,,2,20,70,70,2026-09-22_S04,4,4,0,0.633,0.633,94.78673,-0.033,0.033,-4.954955,4.69664,1,protocol_valid,3,0.766667,0.203608,26.557602,0.238027,81.605627,3,0.766667,0.203608,26.557602,0.238027,81.605627,3,0.766667,0.203608,26.557602,0.238027,81.605627,3,0.766667,0.203608,26.557602,0.238027,81.605627,2026-09-22 20:13,2026-09-22 20,12,62,2026-09-22 20:13:52,2026-09-22 20:15:32,100.415,1.673583,2.3,62,1.646148,1.366,1.53945,93.518364,1.4595,0.500133,0.432,10.105,1.566,61.768595,43.923865,39.291679,63.611095,92.901871,31.639618,-61.262253,-57.821141,36.448738,1,155,155,5,5.751433,2026-09-22 17:10:05,2026-09-22 23:16:05,2.300573,1.494,3.630206,157.795689,3.963868,1.177248,0.432,38.034,1.05175,48.169163,40.16129,30.776793,63.893145,,,155,48.169163,2.300573,155,48.169163,2.300573,155,48.169163,2.300573
legacy_72,legacy,nam_mo_a_mi_tuo_fo_phase_marker_v1,self_timed_phase_locked_respiration_chant,南無阿彌陀佛,南無,阿,彌陀佛,inspiration_to_expiration_transition,interval_between_two_consecutive_same_phase_taps,2026-09-22,20:13:55,2026-09-22 20:13:55,1790082835068,420,Tue,2,20,13,55,,chant,breath_chant_cycle,1,,1,,false,,,,3,0,71,71,2026-09-22_S04,4,5,0,0.601,0.601,99.833611,-0.032,0.032,-5.055292,5.046881,1,protocol_valid,3,0.633333,0.032501,5.131781,0.032504,94.903477,4,0.72525,0.185739,25.610319,0.195225,86.162623,4,0.72525,0.185739,25.610319,0.195225,86.162623,4,0.72525,0.185739,25.610319,0.195225,86.162623,2026-09-22 20:13,2026-09-22 20,12,62,2026-09-22 20:13:52,2026-09-22 20:15:32,100.415,1.673583,2.901,62,1.646148,1.366,1.53945,93.518364,1.4595,0.500133,0.432,10.105,1.566,61.768595,43.923865,39.291679,63.611095,92.901871,31.639618,-61.262253,-57.821141,36.448738,1,155,155,5,5.751433,2026-09-22 17:10:05,2026-09-22 23:16:05,2.300573,1.494,3.630206,157.795689,3.963868,1.177248,0.432,38.034,1.05175,48.169163,40.16129,30.776793,63.893145,,,155,48.169163,2.300573,155,48.169163,2.300573,155,48.169163,2.300573
legacy_73,legacy,nam_mo_a_mi_tuo_fo_phase_marker_v1,self_timed_phase_locked_respiration_chant,南無阿彌陀佛,南無,阿,彌陀佛,inspiration_to_expiration_transition,interval_between_two_consecutive_same_phase_taps,2026-09-22,20:13:55,2026-09-22 20:13:55,1790082835687,420,Tue,2,20,13,55,,chant,breath_chant_cycle,1,,1,,false,,,,3,1,72,72,2026-09-22_S04,4,6,0,0.619,0.619,96.930533,0.018,0.018,2.995008,-2.903078,1,protocol_valid,3,0.617667,0.016042,2.597131,0.025962,97.183625,5,0.704,0.167726,23.824711,0.169309,88.316205,5,0.704,0.167726,23.824711,0.169309,88.316205,5,0.704,0.167726,23.824711,0.169309,88.316205,2026-09-22 20:13,2026-09-22 20,12,62,2026-09-22 20:13:52,2026-09-22 20:15:32,100.415,1.673583,3.52,62,1.646148,1.366,1.53945,93.518364,1.4595,0.500133,0.432,10.105,1.566,61.768595,43.923865,39.291679,63.611095,92.901871,31.639618,-61.262253,-57.821141,36.448738,1,155,155,5,5.751433,2026-09-22 17:10:05,2026-09-22 23:16:05,2.300573,1.494,3.630206,157.795689,3.963868,1.177248,0.432,38.034,1.05175,48.169163,40.16129,30.776793,63.893145,,,155,48.169163,2.300573,155,48.169163,2.300573,155,48.169163,2.300573
legacy_74,legacy,nam_mo_a_mi_tuo_fo_phase_marker_v1,self_timed_phase_locked_respiration_chant,南無阿彌陀佛,南無,阿,彌陀佛,inspiration_to_expiration_transition,interval_between_two_consecutive_same_phase_taps,2026-09-22,20:13:56,2026-09-22 20:13:56,1790082836403,420,Tue,2,20,13,56,,chant,breath_chant_cycle,1,,1,,false,,,,3,2,73,73,2026-09-22_S04,4,7,0,0.716,0.716,83.798883,0.097,0.097,15.670436,-13.13165,1,protocol_valid,3,0.645333,0.061857,9.585335,0.06976,93.521009,5,0.647,0.045327,7.005656,0.05442,93.087969,6,0.706,0.150099,21.26043,0.157525,87.563318,6,0.706,0.150099,21.26043,0.157525,87.563318,2026-09-22 20:13,2026-09-22 20,12,62,2026-09-22 20:13:52,2026-09-22 20:15:32,100.415,1.673583,4.236,62,1.646148,1.366,1.53945,93.518364,1.4595,0.500133,0.432,10.105,1.566,61.768595,43.923865,39.291679,63.611095,92.901871,31.639618,-61.262253,-57.821141,36.448738,1,155,155,5,5.751433,2026-09-22 17:10:05,2026-09-22 23:16:05,2.300573,1.494,3.630206,157.795689,3.963868,1.177248,0.432,38.034,1.05175,48.169163,40.16129,30.776793,63.893145,,,155,48.169163,2.300573,155,48.169163,2.300573,155,48.169163,2.300573
legacy_75,legacy,nam_mo_a_mi_tuo_fo_phase_marker_v1,self_timed_phase_locked_respiration_chant,南無阿彌陀佛,南無,阿,彌陀佛,inspiration_to_expiration_transition,interval_between_two_consecutive_same_phase_taps,2026-09-22,20:13:57,2026-09-22 20:13:57,1790082837134,420,Tue,2,20,13,57,,chant,breath_chant_cycle,1,,1,,false,,,,3,3,74,74,2026-09-22_S04,4,8,0,0.731,0.731,82.079343,0.015,0.015,2.094972,-1.719539,1,protocol_valid,3,0.688667,0.060797,8.828288,0.069405,87.60292,5,0.66,0.059304,8.9855,0.052398,91.48582,7,0.709571,0.137346,19.356206,0.143931,86.779893,7,0.709571,0.137346,19.356206,0.143931,86.779893,2026-09-22 20:13,2026-09-22 20,12,62,2026-09-22 20:13:52,2026-09-22 20:15:32,100.415,1.673583,4.967,62,1.646148,1.366,1.53945,93.518364,1.4595,0.500133,0.432,10.105,1.566,61.768595,43.923865,39.291679,63.611095,92.901871,31.639618,-61.262253,-57.821141,36.448738,1,155,155,5,5.751433,2026-09-22 17:10:05,2026-09-22 23:16:05,2.300573,1.494,3.630206,157.795689,3.963868,1.177248,0.432,38.034,1.05175,48.169163,40.16129,30.776793,63.893145,,,155,48.169163,2.300573,155,48.169163,2.300573,155,48.169163,2.300573
legacy_76,legacy,nam_mo_a_mi_tuo_fo_phase_marker_v1,self_timed_phase_locked_respiration_chant,南無阿彌陀佛,南無,阿,彌陀佛,inspiration_to_expiration_transition,interval_between_two_consecutive_same_phase_taps,2026-09-22,20:13:57,2026-09-22 20:13:57,1790082837886,420,Tue,2,20,13,57,,chant,breath_chant_cycle,1,,1,,false,,,,3,4,75,75,2026-09-22_S04,4,9,0,0.752,0.752,79.787234,0.021,0.021,2.872777,-2.292109,1,protocol_valid,3,0.733,0.018083,2.467004,0.018248,81.888487,5,0.6838,0.068867,10.071258,0.050988,88.485921,8,0.714875,0.12804,17.91076,0.13349,85.90581,8,0.714875,0.12804,17.91076,0.13349,85.90581,2026-09-22 20:13,2026-09-22 20,12,62,2026-09-22 20:13:52,2026-09-22 20:15:32,100.415,1.673583,5.719,62,1.646148,1.366,1.53945,93.518364,1.4595,0.500133,0.432,10.105,1.566,61.768595,43.923865,39.291679,63.611095,92.901871,31.639618,-61.262253,-57.821141,36.448738,1,155,155,5,5.751433,2026-09-22 17:10:05,2026-09-22 23:16:05,2.300573,1.494,3.630206,157.795689,3.963868,1.177248,0.432,38.034,1.05175,48.169163,40.16129,30.776793,63.893145,,,155,48.169163,2.300573,155,48.169163,2.300573,155,48.169163,2.300573
legacy_77,legacy,nam_mo_a_mi_tuo_fo_phase_marker_v1,self_timed_phase_locked_respiration_chant,南無阿彌陀佛,南無,阿,彌陀佛,inspiration_to_expiration_transition,interval_between_two_consecutive_same_phase_taps,2026-09-22,20:13:58,2026-09-22 20:13:58,1790082838516,420,Tue,2,20,13,58,,chant,breath_chant_cycle,1,,1,,false,,,,3,5,76,76,2026-09-22_S04,4,10,0,0.63,0.63,95.238095,-0.122,0.122,-16.223404,15.450861,1,protocol_valid,3,0.704333,0.065225,9.260566,0.087536,85.701558,5,0.6896,0.060912,8.83298,0.078992,87.566818,9,0.705444,0.123066,17.445194,0.132108,86.942731,9,0.705444,0.123066,17.445194,0.132108,86.942731,2026-09-22 20:13,2026-09-22 20,12,62,2026-09-22 20:13:52,2026-09-22 20:15:32,100.415,1.673583,6.349,62,1.646148,1.366,1.53945,93.518364,1.4595,0.500133,0.432,10.105,1.566,61.768595,43.923865,39.291679,63.611095,92.901871,31.639618,-61.262253,-57.821141,36.448738,1,155,155,5,5.751433,2026-09-22 17:10:05,2026-09-22 23:16:05,2.300573,1.494,3.630206,157.795689,3.963868,1.177248,0.432,38.034,1.05175,48.169163,40.16129,30.776793,63.893145,,,155,48.169163,2.300573,155,48.169163,2.300573,155,48.169163,2.300573
legacy_78,legacy,nam_mo_a_mi_tuo_fo_phase_marker_v1,self_timed_phase_locked_respiration_chant,南無阿彌陀佛,南無,阿,彌陀佛,inspiration_to_expiration_transition,interval_between_two_consecutive_same_phase_taps,2026-09-22,20:13:59,2026-09-22 20:13:59,1790082839230,420,Tue,2,20,13,59,,chant,breath_chant_cycle,1,,1,,false,,,,3,6,77,77,2026-09-22_S04,4,11,0,0.714,0.714,84.033613,0.084,0.084,13.333333,-11.204482,1,protocol_valid,3,0.698667,0.062429,8.935395,0.104738,86.352981,5,0.7086,0.046495,6.561553,0.075176,84.987434,10,0.7063,0.116059,16.432029,0.127661,86.651819,10,0.7063,0.116059,16.432029,0.127661,86.651819,2026-09-22 20:13,2026-09-22 20,12,62,2026-09-22 20:13:52,2026-09-22 20:15:32,100.415,1.673583,7.063,62,1.646148,1.366,1.53945,93.518364,1.4595,0.500133,0.432,10.105,1.566,61.768595,43.923865,39.291679,63.611095,92.901871,31.639618,-61.262253,-57.821141,36.448738,1,155,155,5,5.751433,2026-09-22 17:10:05,2026-09-22 23:16:05,2.300573,1.494,3.630206,157.795689,3.963868,1.177248,0.432,38.034,1.05175,48.169163,40.16129,30.776793,63.893145,,,155,48.169163,2.300573,155,48.169163,2.300573,155,48.169163,2.300573
legacy_79,legacy,nam_mo_a_mi_tuo_fo_phase_marker_v1,self_timed_phase_locked_respiration_chant,南無阿彌陀佛,南無,阿,彌陀佛,inspiration_to_expiration_transition,interval_between_two_consecutive_same_phase_taps,2026-09-22,20:13:59,2026-09-22 20:13:59,1790082839917,420,Tue,2,20,13,59,,chant,breath_chant_cycle,1,,1,,false,,,,3,7,78,78,2026-09-22_S04,4,12,0,0.687,0.687,87.336245,-0.027,0.027,-3.781513,3.302631,1,protocol_valid,3,0.677,0.042884,6.334352,0.06239,88.869318,5,0.7028,0.047146,6.708241,0.07601,85.694906,10,0.6749,0.052592,7.792505,0.062522,89.391438,11,0.704545,0.110257,15.649424,0.121411,86.71404,2026-09-22 20:13,2026-09-22 20,12,62,2026-09-22 20:13:52,2026-09-22 20:15:32,100.415,1.673583,7.75,62,1.646148,1.366,1.53945,93.518364,1.4595,0.500133,0.432,10.105,1.566,61.768595,43.923865,39.291679,63.611095,92.901871,31.639618,-61.262253,-57.821141,36.448738,1,155,155,5,5.751433,2026-09-22 17:10:05,2026-09-22 23:16:05,2.300573,1.494,3.630206,157.795689,3.963868,1.177248,0.432,38.034,1.05175,48.169163,40.16129,30.776793,63.893145,,,155,48.169163,2.300573,155,48.169163,2.300573,155,48.169163,2.300573
legacy_80,legacy,nam_mo_a_mi_tuo_fo_phase_marker_v1,self_timed_phase_locked_respiration_chant,南無阿彌陀佛,南無,阿,彌陀佛,inspiration_to_expiration_transition,interval_between_two_consecutive_same_phase_taps,2026-09-22,20:14:00,2026-09-22 20:14:00,1790082840639,420,Tue,2,20,14,0,,chant,breath_chant_cycle,1,,1,,false,,,,3,8,79,79,2026-09-22_S04,4,13,0,0.722,0.722,83.102493,0.035,0.035,5.094614,-4.233751,1,protocol_valid,3,0.707667,0.018339,2.59153,0.031257,84.824117,5,0.701,0.045957,6.555849,0.077288,85.899536,10,0.6805,0.054486,8.006757,0.062643,88.692678,12,0.706,0.105247,14.907492,0.116241,86.413078,2026-09-22 20:14,2026-09-22 20,36,62,2026-09-22 20:13:52,2026-09-22 20:15:32,100.415,1.673583,8.472,62,1.646148,1.366,1.53945,93.518364,1.4595,0.500133,0.432,10.105,1.566,61.768595,43.923865,39.291679,63.611095,92.901871,31.639618,-61.262253,-57.821141,36.448738,1,155,155,5,5.751433,2026-09-22 17:10:05,2026-09-22 23:16:05,2.300573,1.494,3.630206,157.795689,3.963868,1.177248,0.432,38.034,1.05175,48.169163,40.16129,30.776793,63.893145,,,155,48.169163,2.300573,155,48.169163,2.300573,155,48.169163,2.300573
legacy_81,legacy,nam_mo_a_mi_tuo_fo_phase_marker_v1,self_timed_phase_locked_respiration_chant,南無阿彌陀佛,南無,阿,彌陀佛,inspiration_to_expiration_transition,interval_between_two_consecutive_same_phase_taps,2026-09-22,20:14:01,2026-09-22 20:14:01,1790082841165,420,Tue,2,20,14,1,,chant,breath_chant_cycle,1,,1,,false,,,,3,9,80,80,2026-09-22_S04,4,14,0,0.526,0.526,114.068441,-0.196,0.196,-27.146814,30.965948,1,protocol_valid,3,0.645,0.104532,16.206557,0.140785,94.835726,5,0.6558,0.08102,12.354338,0.108888,92.755777,10,0.6698,0.072409,10.810544,0.089882,90.620849,13,0.692154,0.112455,16.247119,0.124849,88.540413,2026-09-22 20:14,2026-09-22 20,36,62,2026-09-22 20:13:52,2026-09-22 20:15:32,100.415,1.673583,8.998,62,1.646148,1.366,1.53945,93.518364,1.4595,0.500133,0.432,10.105,1.566,61.768595,43.923865,39.291679,63.611095,92.901871,31.639618,-61.262253,-57.821141,36.448738,1,155,155,5,5.751433,2026-09-22 17:10:05,2026-09-22 23:16:05,2.300573,1.494,3.630206,157.795689,3.963868,1.177248,0.432,38.034,1.05175,48.169163,40.16129,30.776793,63.893145,,,155,48.169163,2.300573,155,48.169163,2.300573,155,48.169163,2.300573
legacy_82,legacy,nam_mo_a_mi_tuo_fo_phase_marker_v1,self_timed_phase_locked_respiration_chant,南無阿彌陀佛,南無,阿,彌陀佛,inspiration_to_expiration_transition,interval_between_two_consecutive_same_phase_taps,2026-09-22,20:14:01,2026-09-22 20:14:01,1790082841651,420,Tue,2,20,14,1,,chant,breath_chant_cycle,1,,1,,false,,,,3,10,81,81,2026-09-22_S04,4,15,0,0.486,0.486,123.45679,-0.04,0.04,-7.604563,9.388349,1,protocol_valid,3,0.578,0.126301,21.851423,0.14145,106.875908,5,0.627,0.112112,17.88063,0.102433,98.399516,10,0.6583,0.091235,13.859152,0.090667,92.983167,14,0.677429,0.121281,17.903113,0.120463,91.03444,2026-09-22 20:14,2026-09-22 20,36,62,2026-09-22 20:13:52,2026-09-22 20:15:32,100.415,1.673583,9.484,62,1.646148,1.366,1.53945,93.518364,1.4595,0.500133,0.432,10.105,1.566,61.768595,43.923865,39.291679,63.611095,92.901871,31.639618,-61.262253,-57.821141,36.448738,1,155,155,5,5.751433,2026-09-22 17:10:05,2026-09-22 23:16:05,2.300573,1.494,3.630206,157.795689,3.963868,1.177248,0.432,38.034,1.05175,48.169163,40.16129,30.776793,63.893145,,,155,48.169163,2.300573,155,48.169163,2.300573,155,48.169163,2.300573
legacy_83,legacy,nam_mo_a_mi_tuo_fo_phase_marker_v1,self_timed_phase_locked_respiration_chant,南無阿彌陀佛,南無,阿,彌陀佛,inspiration_to_expiration_transition,interval_between_two_consecutive_same_phase_taps,2026-09-22,20:14:02,2026-09-22 20:14:02,1790082842099,420,Tue,2,20,14,2,,chant,breath_chant_cycle,1,,1,,false,,,,3,11,82,82,2026-09-22_S04,4,16,0,0.448,0.448,133.928571,-0.038,0.038,-7.81893,10.471781,1,protocol_valid,3,0.486667,0.039004,8.014577,0.039013,123.817934,5,0.5738,0.123082,21.450346,0.103302,108.378508,10,0.6412,0.112877,17.604073,0.085648,96.682971,15,0.662133,0.131025,19.788312,0.116524,93.894049,2026-09-22 20:14,2026-09-22 20,36,62,2026-09-22 20:13:52,2026-09-22 20:15:32,100.415,1.673583,9.932,62,1.646148,1.366,1.53945,93.518364,1.4595,0.500133,0.432,10.105,1.566,61.768595,43.923865,39.291679,63.611095,92.901871,31.639618,-61.262253,-57.821141,36.448738,1,155,155,5,5.751433,2026-09-22 17:10:05,2026-09-22 23:16:05,2.300573,1.494,3.630206,157.795689,3.963868,1.177248,0.432,38.034,1.05175,48.169163,40.16129,30.776793,63.893145,,,155,48.169163,2.300573,155,48.169163,2.300573,155,48.169163,2.300573
legacy_84,legacy,nam_mo_a_mi_tuo_fo_phase_marker_v1,self_timed_phase_locked_respiration_chant,南無阿彌陀佛,南無,阿,彌陀佛,inspiration_to_expiration_transition,interval_between_two_consecutive_same_phase_taps,2026-09-22,20:14:02,2026-09-22 20:14:02,1790082842614,420,Tue,2,20,14,2,,chant,breath_chant_cycle,1,,1,,false,,,,3,12,83,83,2026-09-22_S04,4,17,0,0.515,0.515,116.504854,0.067,0.067,14.955357,-17.423717,1,protocol_valid,3,0.483,0.033601,6.956645,0.054466,124.630072,5,0.5394,0.106446,19.734192,0.107179,114.21223,10,0.6211,0.115932,18.665658,0.08837,99.953568,16,0.652938,0.131818,20.188501,0.113895,95.307224,2026-09-22 20:14,2026-09-22 20,36,62,2026-09-22 20:13:52,2026-09-22 20:15:32,100.415,1.673583,10.447,62,1.646148,1.366,1.53945,93.518364,1.4595,0.500133,0.432,10.105,1.566,61.768595,43.923865,39.291679,63.611095,92.901871,31.639618,-61.262253,-57.821141,36.448738,1,155,155,5,5.751433,2026-09-22 17:10:05,2026-09-22 23:16:05,2.300573,1.494,3.630206,157.795689,3.963868,1.177248,0.432,38.034,1.05175,48.169163,40.16129,30.776793,63.893145,,,155,48.169163,2.300573,155,48.169163,2.300573,155,48.169163,2.300573
legacy_85,legacy,nam_mo_a_mi_tuo_fo_phase_marker_v1,self_timed_phase_locked_respiration_chant,南無阿彌陀佛,南無,阿,彌陀佛,inspiration_to_expiration_transition,interval_between_two_consecutive_same_phase_taps,2026-09-22,20:14:03,2026-09-22 20:14:03,1790082843164,420,Tue,2,20,14,3,,chant,breath_chant_cycle,1,,1,,false,,,,3,13,84,84,2026-09-22_S04,4,18,0,0.55,0.55,109.090909,0.035,0.035,6.796117,-7.413945,1,protocol_valid,3,0.504333,0.05183,10.276903,0.053451,119.841445,5,0.505,0.039294,7.780944,0.046792,119.409913,10,0.603,0.110887,18.389275,0.088862,102.654725,17,0.646882,0.130051,20.104332,0.110625,96.118029,2026-09-22 20:14,2026-09-22 20,36,62,2026-09-22 20:13:52,2026-09-22 20:15:32,100.415,1.673583,10.997,62,1.646148,1.366,1.53945,93.518364,1.4595,0.500133,0.432,10.105,1.566,61.768595,43.923865,39.291679,63.611095,92.901871,31.639618,-61.262253,-57.821141,36.448738,1,155,155,5,5.751433,2026-09-22 17:10:05,2026-09-22 23:16:05,2.300573,1.494,3.630206,157.795689,3.963868,1.177248,0.432,38.034,1.05175,48.169163,40.16129,30.776793,63.893145,,,155,48.169163,2.300573,155,48.169163,2.300573,155,48.169163,2.300573
legacy_86,legacy,nam_mo_a_mi_tuo_fo_phase_marker_v1,self_timed_phase_locked_respiration_chant,南無阿彌陀佛,南無,阿,彌陀佛,inspiration_to_expiration_transition,interval_between_two_consecutive_same_phase_taps,2026-09-22,20:14:03,2026-09-22 20:14:03,1790082843652,420,Tue,2,20,14,3,,chant,breath_chant_cycle,1,,1,,false,,,,3,14,85,85,2026-09-22_S04,4,19,0,0.488,0.488,122.95082,-0.062,0.062,-11.272727,13.859911,1,protocol_valid,3,0.517667,0.031086,6.005004,0.050344,116.182194,5,0.4974,0.037866,7.612696,0.052445,121.186389,10,0.5766,0.102588,17.791857,0.081669,106.971083,18,0.638056,0.131609,20.626544,0.10837,97.60874,2026-09-22 20:14,2026-09-22 20,36,62,2026-09-22 20:13:52,2026-09-22 20:15:32,100.415,1.673583,11.485,62,1.646148,1.366,1.53945,93.518364,1.4595,0.500133,0.432,10.105,1.566,61.768595,43.923865,39.291679,63.611095,92.901871,31.639618,-61.262253,-57.821141,36.448738,1,155,155,5,5.751433,2026-09-22 17:10:05,2026-09-22 23:16:05,2.300573,1.494,3.630206,157.795689,3.963868,1.177248,0.432,38.034,1.05175,48.169163,40.16129,30.776793,63.893145,,,155,48.169163,2.300573,155,48.169163,2.300573,155,48.169163,2.300573
legacy_87,legacy,nam_mo_a_mi_tuo_fo_phase_marker_v1,self_timed_phase_locked_respiration_chant,南無阿彌陀佛,南無,阿,彌陀佛,inspiration_to_expiration_transition,interval_between_two_consecutive_same_phase_taps,2026-09-22,20:14:04,2026-09-22 20:14:04,1790082844097,420,Tue,2,20,14,4,,chant,breath_chant_cycle,1,,1,,false,,,,3,15,86,86,2026-09-22_S04,4,20,0,0.445,0.445,134.831461,-0.043,0.043,-8.811475,11.880641,1,protocol_valid,3,0.494333,0.052786,10.678165,0.053353,122.291063,5,0.4892,0.044763,9.150186,0.053402,123.461323,10,0.5581,0.108404,19.423764,0.078046,110.93042,19,0.627895,0.135352,21.556507,0.105803,99.56783,2026-09-22 20:14,2026-09-22 20,36,62,2026-09-22 20:13:52,2026-09-22 20:15:32,100.415,1.673583,11.93,62,1.646148,1.366,1.53945,93.518364,1.4595,0.500133,0.432,10.105,1.566,61.768595,43.923865,39.291679,63.611095,92.901871,31.639618,-61.262253,-57.821141,36.448738,1,155,155,5,5.751433,2026-09-22 17:10:05,2026-09-22 23:16:05,2.300573,1.494,3.630206,157.795689,3.963868,1.177248,0.432,38.034,1.05175,48.169163,40.16129,30.776793,63.893145,,,155,48.169163,2.300573,155,48.169163,2.300573,155,48.169163,2.300573
legacy_88,legacy,nam_mo_a_mi_tuo_fo_phase_marker_v1,self_timed_phase_locked_respiration_chant,南無阿彌陀佛,南無,阿,彌陀佛,inspiration_to_expiration_transition,interval_between_two_consecutive_same_phase_taps,2026-09-22,20:14:04,2026-09-22 20:14:04,1790082844585,420,Tue,2,20,14,4,,chant,breath_chant_cycle,1,,1,,false,,,,3,16,87,87,2026-09-22_S04,4,21,0,0.488,0.488,122.95082,0.043,0.043,9.662921,-11.880641,1,protocol_valid,3,0.473667,0.024826,5.241252,0.043,126.911033,5,0.4972,0.038726,7.788809,0.046816,121.265773,10,0.5355,0.095023,17.744743,0.078839,114.82214,20,0.6209,0.135405,21.807861,0.103453,100.73698,2026-09-22 20:14,2026-09-22 20,36,62,2026-09-22 20:13:52,2026-09-22 20:15:32,100.415,1.673583,12.418,62,1.646148,1.366,1.53945,93.518364,1.4595,0.500133,0.432,10.105,1.566,61.768595,43.923865,39.291679,63.611095,92.901871,31.639618,-61.262253,-57.821141,36.448738,1,155,155,5,5.751433,2026-09-22 17:10:05,2026-09-22 23:16:05,2.300573,1.494,3.630206,157.795689,3.963868,1.177248,0.432,38.034,1.05175,48.169163,40.16129,30.776793,63.893145,,,155,48.169163,2.300573,155,48.169163,2.300573,155,48.169163,2.300573
legacy_89,legacy,nam_mo_a_mi_tuo_fo_phase_marker_v1,self_timed_phase_locked_respiration_chant,南無阿彌陀佛,南無,阿,彌陀佛,inspiration_to_expiration_transition,interval_between_two_consecutive_same_phase_taps,2026-09-22,20:14:05,2026-09-22 20:14:05,1790082845212,420,Tue,2,20,14,5,,chant,breath_chant_cycle,1,,1,,false,,,,3,17,88,88,2026-09-22_S04,4,22,0,0.627,0.627,95.69378,0.139,0.139,28.483607,-27.25704,1,protocol_valid,3,0.52,0.095126,18.293506,0.102883,117.825353,5,0.5196,0.070748,13.615886,0.08195,117.103558,10,0.5295,0.085845,16.212492,0.090699,115.657894,21,0.62119,0.131983,21.246814,0.105515,100.496827,2026-09-22 20:14,2026-09-22 20,36,62,2026-09-22 20:13:52,2026-09-22 20:15:32,100.415,1.673583,13.045,62,1.646148,1.366,1.53945,93.518364,1.4595,0.500133,0.432,10.105,1.566,61.768595,43.923865,39.291679,63.611095,92.901871,31.639618,-61.262253,-57.821141,36.448738,1,155,155,5,5.751433,2026-09-22 17:10:05,2026-09-22 23:16:05,2.300573,1.494,3.630206,157.795689,3.963868,1.177248,0.432,38.034,1.05175,48.169163,40.16129,30.776793,63.893145,,,155,48.169163,2.300573,155,48.169163,2.300573,155,48.169163,2.300573
legacy_90,legacy,nam_mo_a_mi_tuo_fo_phase_marker_v1,self_timed_phase_locked_respiration_chant,南無阿彌陀佛,南無,阿,彌陀佛,inspiration_to_expiration_transition,interval_between_two_consecutive_same_phase_taps,2026-09-22,20:14:05,2026-09-22 20:14:05,1790082845792,420,Tue,2,20,14,5,,chant,breath_chant_cycle,1,,1,,false,,,,3,18,89,89,2026-09-22_S04,4,23,0,0.58,0.58,103.448276,-0.047,0.047,-7.496013,7.754496,1,protocol_valid,3,0.565,0.070704,12.513913,0.103755,107.364292,5,0.5256,0.075109,14.290066,0.079417,115.975031,10,0.5153,0.057544,11.167142,0.064833,117.692472,21,0.601143,0.099346,16.526189,0.075051,102.568647,2026-09-22 20:14,2026-09-22 20,36,62,2026-09-22 20:13:52,2026-09-22 20:15:32,100.415,1.673583,13.625,62,1.646148,1.366,1.53945,93.518364,1.4595,0.500133,0.432,10.105,1.566,61.768595,43.923865,39.291679,63.611095,92.901871,31.639618,-61.262253,-57.821141,36.448738,1,155,155,5,5.751433,2026-09-22 17:10:05,2026-09-22 23:16:05,2.300573,1.494,3.630206,157.795689,3.963868,1.177248,0.432,38.034,1.05175,48.169163,40.16129,30.776793,63.893145,,,155,48.169163,2.300573,155,48.169163,2.300573,155,48.169163,2.300573
legacy_91,legacy,nam_mo_a_mi_tuo_fo_phase_marker_v1,self_timed_phase_locked_respiration_chant,南無阿彌陀佛,南無,阿,彌陀佛,inspiration_to_expiration_transition,interval_between_two_consecutive_same_phase_taps,2026-09-22,20:14:06,2026-09-22 20:14:06,1790082846338,420,Tue,2,20,14,6,,chant,breath_chant_cycle,1,,1,,false,,,,3,19,90,90,2026-09-22_S04,4,24,0,0.546,0.546,109.89011,-0.034,0.034,-5.862069,6.441834,1,protocol_valid,3,0.584333,0.040673,6.960667,0.041018,103.010722,5,0.5372,0.072275,13.454052,0.078318,113.362889,10,0.5173,0.0583,11.270073,0.064452,117.274639,21,0.595429,0.098879,16.606358,0.075073,103.511505,2026-09-22 20:14,2026-09-22 20,36,62,2026-09-22 20:13:52,2026-09-22 20:15:32,100.415,1.673583,14.171,62,1.646148,1.366,1.53945,93.518364,1.4595,0.500133,0.432,10.105,1.566,61.768595,43.923865,39.291679,63.611095,92.901871,31.639618,-61.262253,-57.821141,36.448738,1,155,155,5,5.751433,2026-09-22 17:10:05,2026-09-22 23:16:05,2.300573,1.494,3.630206,157.795689,3.963868,1.177248,0.432,38.034,1.05175,48.169163,40.16129,30.776793,63.893145,,,155,48.169163,2.300573,155,48.169163,2.300573,155,48.169163,2.300573
legacy_92,legacy,nam_mo_a_mi_tuo_fo_phase_marker_v1,self_timed_phase_locked_respiration_chant,南無阿彌陀佛,南無,阿,彌陀佛,inspiration_to_expiration_transition,interval_between_two_consecutive_same_phase_taps,2026-09-22,20:14:06,2026-09-22 20:14:06,1790082846921,420,Tue,2,20,14,6,,chant,breath_chant_cycle,1,,1,,false,,,,3,20,91,91,2026-09-22_S04,4,25,0,0.583,0.583,102.915952,0.037,0.037,6.776557,-6.974158,1,protocol_valid,3,0.569667,0.020551,3.607504,0.035532,105.418113,5,0.5648,0.051679,9.149932,0.077548,106.979787,10,0.527,0.06054,11.487697,0.064387,115.220555,21,0.593048,0.09853,16.614254,0.075188,103.898611,2026-09-22 20:14,2026-09-22 20,36,62,2026-09-22 20:13:52,2026-09-22 20:15:32,100.415,1.673583,14.754,62,1.646148,1.366,1.53945,93.518364,1.4595,0.500133,0.432,10.105,1.566,61.768595,43.923865,39.291679,63.611095,92.901871,31.639618,-61.262253,-57.821141,36.448738,1,155,155,5,5.751433,2026-09-22 17:10:05,2026-09-22 23:16:05,2.300573,1.494,3.630206,157.795689,3.963868,1.177248,0.432,38.034,1.05175,48.169163,40.16129,30.776793,63.893145,,,155,48.169163,2.300573,155,48.169163,2.300573,155,48.169163,2.300573
legacy_93,legacy,nam_mo_a_mi_tuo_fo_phase_marker_v1,self_timed_phase_locked_respiration_chant,南無阿彌陀佛,南無,阿,彌陀佛,inspiration_to_expiration_transition,interval_between_two_consecutive_same_phase_taps,2026-09-22,20:14:07,2026-09-22 20:14:07,1790082847806,420,Tue,2,20,14,7,,chant,breath_chant_cycle,1,,1,,false,,,,4,0,92,92,2026-09-22_S04,4,26,0,0.885,0.885,67.79661,0.302,0.302,51.801029,-35.119342,1,protocol_valid,3,0.671333,0.185963,27.700585,0.215143,93.534224,5,0.6442,0.137651,21.367688,0.154869,95.948946,10,0.5707,0.122842,21.524849,0.117391,108.607359,21,0.606571,0.117366,19.349137,0.100981,102.37304,2026-09-22 20:14,2026-09-22 20,36,62,2026-09-22 20:13:52,2026-09-22 20:15:32,100.415,1.673583,15.639,62,1.646148,1.366,1.53945,93.518364,1.4595,0.500133,0.432,10.105,1.566,61.768595,43.923865,39.291679,63.611095,92.901871,31.639618,-61.262253,-57.821141,36.448738,1,155,155,5,5.751433,2026-09-22 17:10:05,2026-09-22 23:16:05,2.300573,1.494,3.630206,157.795689,3.963868,1.177248,0.432,38.034,1.05175,48.169163,40.16129,30.776793,63.893145,,,155,48.169163,2.300573,155,48.169163,2.300573,155,48.169163,2.300573
legacy_94,legacy,nam_mo_a_mi_tuo_fo_phase_marker_v1,self_timed_phase_locked_respiration_chant,南無阿彌陀佛,南無,阿,彌陀佛,inspiration_to_expiration_transition,interval_between_two_consecutive_same_phase_taps,2026-09-22,20:14:08,2026-09-22 20:14:08,1790082848238,420,Tue,2,20,14,8,,chant,breath_chant_cycle,1,,1,,false,,,,4,1,93,93,2026-09-22_S04,4,27,0,0.432,0.432,138.888889,-0.453,0.453,-51.186441,71.092279,1,protocol_valid,3,0.633333,0.230656,36.419417,0.384976,103.200484,5,0.6052,0.168017,27.762221,0.273376,104.587967,10,0.5624,0.12964,23.051181,0.190907,110.845763,21,0.597667,0.123319,20.633447,0.141376,104.371057,2026-09-22 20:14,2026-09-22 20,36,62,2026-09-22 20:13:52,2026-09-22 20:15:32,100.415,1.673583,16.071,62,1.646148,1.366,1.53945,93.518364,1.4595,0.500133,0.432,10.105,1.566,61.768595,43.923865,39.291679,63.611095,92.901871,31.639618,-61.262253,-57.821141,36.448738,1,155,155,5,5.751433,2026-09-22 17:10:05,2026-09-22 23:16:05,2.300573,1.494,3.630206,157.795689,3.963868,1.177248,0.432,38.034,1.05175,48.169163,40.16129,30.776793,63.893145,,,155,48.169163,2.300573,155,48.169163,2.300573,155,48.169163,2.300573
legacy_95,legacy,nam_mo_a_mi_tuo_fo_phase_marker_v1,self_timed_phase_locked_respiration_chant,南無阿彌陀佛,南無,阿,彌陀佛,inspiration_to_expiration_transition,interval_between_two_consecutive_same_phase_taps,2026-09-22,20:14:08,2026-09-22 20:14:08,1790082848753,420,Tue,2,20,14,8,,chant,breath_chant_cycle,1,,1,,false,,,,4,2,94,94,2026-09-22_S04,4,28,0,0.515,0.515,116.504854,0.083,0.083,19.212963,-22.384035,1,protocol_valid,3,0.610667,0.241177,39.494046,0.325652,107.730118,5,0.5922,0.172898,29.195871,0.275985,107.199283,10,0.5589,0.130482,23.346134,0.191791,111.587157,21,0.588095,0.121462,20.653439,0.14255,105.928484,2026-09-22 20:14,2026-09-22 20,36,62,2026-09-22 20:13:52,2026-09-22 20:15:32,100.415,1.673583,16.586,62,1.646148,1.366,1.53945,93.518364,1.4595,0.500133,0.432,10.105,1.566,61.768595,43.923865,39.291679,63.611095,92.901871,31.639618,-61.262253,-57.821141,36.448738,1,155,155,5,5.751433,2026-09-22 17:10:05,2026-09-22 23:16:05,2.300573,1.494,3.630206,157.795689,3.963868,1.177248,0.432,38.034,1.05175,48.169163,40.16129,30.776793,63.893145,,,155,48.169163,2.300573,155,48.169163,2.300573,155,48.169163,2.300573
legacy_96,legacy,nam_mo_a_mi_tuo_fo_phase_marker_v1,self_timed_phase_locked_respiration_chant,南無阿彌陀佛,南無,阿,彌陀佛,inspiration_to_expiration_transition,interval_between_two_consecutive_same_phase_taps,2026-09-22,20:14:18,2026-09-22 20:14:18,1790082858858,420,Tue,2,20,14,18,,chant,breath_chant_cycle,1,,1,,false,,,,4,3,95,95,2026-09-22_S04,4,29,0,10.105,10.105,5.937655,9.59,9.59,1862.135922,-110.5672,1,protocol_valid,3,3.684,5.560904,150.947448,6.781408,87.110466,5,2.504,4.252526,169.829311,4.8029,86.408792,10,1.5206,3.018969,198.538004,3.202383,99.885841,21,1.034476,2.081607,201.22327,2.149117,102.302689,2026-09-22 20:14,2026-09-22 20,36,62,2026-09-22 20:13:52,2026-09-22 20:15:32,100.415,1.673583,26.691,62,1.646148,1.366,1.53945,93.518364,1.4595,0.500133,0.432,10.105,1.566,61.768595,43.923865,39.291679,63.611095,92.901871,31.639618,-61.262253,-57.821141,36.448738,1,155,155,5,5.751433,2026-09-22 17:10:05,2026-09-22 23:16:05,2.300573,1.494,3.630206,157.795689,3.963868,1.177248,0.432,38.034,1.05175,48.169163,40.16129,30.776793,63.893145,,,155,48.169163,2.300573,155,48.169163,2.300573,155,48.169163,2.300573
legacy_97,legacy,nam_mo_a_mi_tuo_fo_phase_marker_v1,self_timed_phase_locked_respiration_chant,南無阿彌陀佛,南無,阿,彌陀佛,inspiration_to_expiration_transition,interval_between_two_consecutive_same_phase_taps,2026-09-22,20:14:25,2026-09-22 20:14:25,1790082865036,420,Tue,2,20,14,25,,chant,breath_chant_cycle,1,,1,,false,,,,4,4,96,96,2026-09-22_S04,4,30,0,6.178,6.178,9.711881,-3.927,3.927,-38.86195,3.774226,1,protocol_valid,3,5.599333,4.821117,86.10162,7.327668,44.051463,5,3.623,4.355546,120.219332,5.186558,67.767978,10,2.0939,3.321233,158.614683,3.459557,87.373883,21,1.292857,2.362581,182.741096,2.321427,98.965768,2026-09-22 20:14,2026-09-22 20,36,62,2026-09-22 20:13:52,2026-09-22 20:15:32,100.415,1.673583,32.869,62,1.646148,1.366,1.53945,93.518364,1.4595,0.500133,0.432,10.105,1.566,61.768595,43.923865,39.291679,63.611095,92.901871,31.639618,-61.262253,-57.821141,36.448738,1,155,155,5,5.751433,2026-09-22 17:10:05,2026-09-22 23:16:05,2.300573,1.494,3.630206,157.795689,3.963868,1.177248,0.432,38.034,1.05175,48.169163,40.16129,30.776793,63.893145,,,155,48.169163,2.300573,155,48.169163,2.300573,155,48.169163,2.300573
legacy_98,legacy,nam_mo_a_mi_tuo_fo_phase_marker_v1,self_timed_phase_locked_respiration_chant,南無阿彌陀佛,南無,阿,彌陀佛,inspiration_to_expiration_transition,interval_between_two_consecutive_same_phase_taps,2026-09-22,20:14:27,2026-09-22 20:14:27,1790082867823,420,Tue,2,20,14,27,,chant,breath_chant_cycle,1,,1,,false,,,,4,5,97,97,2026-09-22_S04,4,31,0,2.787,2.787,21.528525,-3.391,3.391,-54.888313,11.816644,1,protocol_valid,3,6.356667,3.66227,57.613059,3.668802,12.392687,5,4.0034,4.134062,103.263772,5.451954,58.514361,10,2.3238,3.276994,141.018773,3.639236,77.231653,21,1.395571,2.379153,170.478737,2.442052,95.455788,2026-09-22 20:14,2026-09-22 20,36,62,2026-09-22 20:13:52,2026-09-22 20:15:32,100.415,1.673583,35.656,62,1.646148,1.366,1.53945,93.518364,1.4595,0.500133,0.432,10.105,1.566,61.768595,43.923865,39.291679,63.611095,92.901871,31.639618,-61.262253,-57.821141,36.448738,1,155,155,5,5.751433,2026-09-22 17:10:05,2026-09-22 23:16:05,2.300573,1.494,3.630206,157.795689,3.963868,1.177248,0.432,38.034,1.05175,48.169163,40.16129,30.776793,63.893145,,,155,48.169163,2.300573,155,48.169163,2.300573,155,48.169163,2.300573
legacy_99,legacy,nam_mo_a_mi_tuo_fo_phase_marker_v1,self_timed_phase_locked_respiration_chant,南無阿彌陀佛,南無,阿,彌陀佛,inspiration_to_expiration_transition,interval_between_two_consecutive_same_phase_taps,2026-09-22,20:14:29,2026-09-22 20:14:29,1790082869724,420,Tue,2,20,14,29,,chant,breath_chant_cycle,1,,1,,false,,,,4,6,98,98,2026-09-22_S04,4,32,0,1.901,1.901,31.562336,-0.886,0.886,-31.790456,10.03381,1,protocol_valid,3,3.622,2.257455,62.326188,2.478293,20.934247,5,4.2972,3.859905,89.823721,5.469765,37.04905,10,2.4512,3.228098,131.694594,3.651166,70.818509,21,1.452095,2.376249,163.642761,2.450067,92.957156,2026-09-22 20:14,2026-09-22 20,36,62,2026-09-22 20:13:52,2026-09-22 20:15:32,100.415,1.673583,37.557,62,1.646148,1.366,1.53945,93.518364,1.4595,0.500133,0.432,10.105,1.566,61.768595,43.923865,39.291679,63.611095,92.901871,31.639618,-61.262253,-57.821141,36.448738,1,155,155,5,5.751433,2026-09-22 17:10:05,2026-09-22 23:16:05,2.300573,1.494,3.630206,157.795689,3.963868,1.177248,0.432,38.034,1.05175,48.169163,40.16129,30.776793,63.893145,,,155,48.169163,2.300573,155,48.169163,2.300573,155,48.169163,2.300573
legacy_100,legacy,nam_mo_a_mi_tuo_fo_phase_marker_v1,self_timed_phase_locked_respiration_chant,南無阿彌陀佛,南無,阿,彌陀佛,inspiration_to_expiration_transition,interval_between_two_consecutive_same_phase_taps,2026-09-22,20:14:31,2026-09-22 20:14:31,1790082871609,420,Tue,2,20,14,31,,chant,breath_chant_cycle,1,,1,,false,,,,4,7,99,99,2026-09-22_S04,4,33,0,1.885,1.885,31.830239,-0.016,0.016,-0.841662,0.267903,1,protocol_valid,3,2.191,0.516213,23.560618,0.626599,28.307033,5,4.5712,3.561382,77.909119,2.631799,20.114127,10,2.5817,3.169901,122.783464,3.651153,63.656705,21,1.509143,2.371338,157.13143,2.450057,90.314013,2026-09-22 20:14,2026-09-22 20,36,62,2026-09-22 20:13:52,2026-09-22 20:15:32,100.415,1.673583,39.442,62,1.646148,1.366,1.53945,93.518364,1.4595,0.500133,0.432,10.105,1.566,61.768595,43.923865,39.291679,63.611095,92.901871,31.639618,-61.262253,-57.821141,36.448738,1,155,155,5,5.751433,2026-09-22 17:10:05,2026-09-22 23:16:05,2.300573,1.494,3.630206,157.795689,3.963868,1.177248,0.432,38.034,1.05175,48.169163,40.16129,30.776793,63.893145,,,155,48.169163,2.300573,155,48.169163,2.300573,155,48.169163,2.300573
legacy_101,legacy,nam_mo_a_mi_tuo_fo_phase_marker_v1,self_timed_phase_locked_respiration_chant,南無阿彌陀佛,南無,阿,彌陀佛,inspiration_to_expiration_transition,interval_between_two_consecutive_same_phase_taps,2026-09-22,20:14:33,2026-09-22 20:14:33,1790082873074,420,Tue,2,20,14,33,,chant,breath_chant_cycle,1,,1,,false,,,,4,8,100,100,2026-09-22_S04,4,34,0,1.465,1.465,40.955631,-0.42,0.42,-22.281167,9.125393,1,protocol_valid,3,1.750333,0.247235,14.125046,0.2972,34.782735,5,2.8432,1.925446,67.721097,1.764974,27.117722,10,2.6736,3.117209,116.592194,3.653815,56.763257,21,1.544524,2.364539,153.091799,2.451465,88.307019,2026-09-22 20:14,2026-09-22 20,36,62,2026-09-22 20:13:52,2026-09-22 20:15:32,100.415,1.673583,40.907,62,1.646148,1.366,1.53945,93.518364,1.4595,0.500133,0.432,10.105,1.566,61.768595,43.923865,39.291679,63.611095,92.901871,31.639618,-61.262253,-57.821141,36.448738,1,155,155,5,5.751433,2026-09-22 17:10:05,2026-09-22 23:16:05,2.300573,1.494,3.630206,157.795689,3.963868,1.177248,0.432,38.034,1.05175,48.169163,40.16129,30.776793,63.893145,,,155,48.169163,2.300573,155,48.169163,2.300573,155,48.169163,2.300573
legacy_102,legacy,nam_mo_a_mi_tuo_fo_phase_marker_v1,self_timed_phase_locked_respiration_chant,南無阿彌陀佛,南無,阿,彌陀佛,inspiration_to_expiration_transition,interval_between_two_consecutive_same_phase_taps,2026-09-22,20:14:34,2026-09-22 20:14:34,1790082874440,420,Tue,2,20,14,34,,chant,breath_chant_cycle,1,,1,,false,,,,4,9,101,101,2026-09-22_S04,4,35,0,1.366,1.366,43.923865,-0.099,0.099,-6.757679,2.968234,1,protocol_valid,3,1.572,0.275549,17.528533,0.305124,38.903245,5,1.8808,0.561145,29.835418,0.492812,33.960119,10,2.7519,3.068312,111.497931,3.652577,50.864049,21,1.584524,2.353527,148.532142,2.451549,84.966801,2026-09-22 20:14,2026-09-22 20,36,62,2026-09-22 20:13:52,2026-09-22 20:15:32,100.415,1.673583,42.273,62,1.646148,1.366,1.53945,93.518364,1.4595,0.500133,0.432,10.105,1.566,61.768595,43.923865,39.291679,63.611095,92.901871,31.639618,-61.262253,-57.821141,36.448738,1,155,155,5,5.751433,2026-09-22 17:10:05,2026-09-22 23:16:05,2.300573,1.494,3.630206,157.795689,3.963868,1.177248,0.432,38.034,1.05175,48.169163,40.16129,30.776793,63.893145,,,155,48.169163,2.300573,155,48.169163,2.300573,155,48.169163,2.300573
legacy_103,legacy,nam_mo_a_mi_tuo_fo_phase_marker_v1,self_timed_phase_locked_respiration_chant,南無阿彌陀佛,南無,阿,彌陀佛,inspiration_to_expiration_transition,interval_between_two_consecutive_same_phase_taps,2026-09-22,20:14:36,2026-09-22 20:14:36,1790082876153,420,Tue,2,20,14,36,,chant,breath_chant_cycle,1,,1,,false,,,,4,10,102,102,2026-09-22_S04,4,36,0,1.713,1.713,35.02627,0.347,0.347,25.402635,-8.897596,1,protocol_valid,3,1.514667,0.178752,11.801419,0.255157,39.968589,5,1.666,0.242794,14.573478,0.276977,36.659668,10,2.8347,3.023175,106.648838,3.651287,47.587014,21,1.642952,2.340084,142.431638,2.452762,80.755824,2026-09-22 20:14,2026-09-22 20,36,62,2026-09-22 20:13:52,2026-09-22 20:15:32,100.415,1.673583,43.986,62,1.646148,1.366,1.53945,93.518364,1.4595,0.500133,0.432,10.105,1.566,61.768595,43.923865,39.291679,63.611095,92.901871,31.639618,-61.262253,-57.821141,36.448738,1,155,155,5,5.751433,2026-09-22 17:10:05,2026-09-22 23:16:05,2.300573,1.494,3.630206,157.795689,3.963868,1.177248,0.432,38.034,1.05175,48.169163,40.16129,30.776793,63.893145,,,155,48.169163,2.300573,155,48.169163,2.300573,155,48.169163,2.300573
legacy_104,legacy,nam_mo_a_mi_tuo_fo_phase_marker_v1,self_timed_phase_locked_respiration_chant,南無阿彌陀佛,南無,阿,彌陀佛,inspiration_to_expiration_transition,interval_between_two_consecutive_same_phase_taps,2026-09-22,20:14:37,2026-09-22 20:14:37,1790082877785,420,Tue,2,20,14,37,,chant,breath_chant_cycle,1,,1,,false,,,,4,11,103,103,2026-09-22_S04,4,37,0,1.632,1.632,36.764706,-0.081,0.081,-4.728546,1.738436,1,protocol_valid,3,1.570333,0.181533,11.560175,0.251962,38.571614,5,1.6122,0.204484,12.683537,0.279808,37.700142,10,2.9547,2.939875,99.498255,3.651282,37.374596,21,1.699333,2.324062,136.763182,2.452783,76.128973,2026-09-22 20:14,2026-09-22 20,36,62,2026-09-22 20:13:52,2026-09-22 20:15:32,100.415,1.673583,45.618,62,1.646148,1.366,1.53945,93.518364,1.4595,0.500133,0.432,10.105,1.566,61.768595,43.923865,39.291679,63.611095,92.901871,31.639618,-61.262253,-57.821141,36.448738,1,155,155,5,5.751433,2026-09-22 17:10:05,2026-09-22 23:16:05,2.300573,1.494,3.630206,157.795689,3.963868,1.177248,0.432,38.034,1.05175,48.169163,40.16129,30.776793,63.893145,,,155,48.169163,2.300573,155,48.169163,2.300573,155,48.169163,2.300573
legacy_105,legacy,nam_mo_a_mi_tuo_fo_phase_marker_v1,self_timed_phase_locked_respiration_chant,南無阿彌陀佛,南無,阿,彌陀佛,inspiration_to_expiration_transition,interval_between_two_consecutive_same_phase_taps,2026-09-22,20:14:39,2026-09-22 20:14:39,1790082879524,420,Tue,2,20,14,39,,chant,breath_chant_cycle,1,,1,,false,,,,4,12,104,104,2026-09-22_S04,4,38,0,1.739,1.739,34.502588,0.107,0.107,6.556373,-2.262118,1,protocol_valid,3,1.694667,0.055806,3.29305,0.094895,35.431188,5,1.583,0.161748,10.217831,0.192497,38.234612,10,3.0771,2.851155,92.657204,1.764781,29.17437,21,1.757619,2.308169,131.323634,2.452887,72.224104,2026-09-22 20:14,2026-09-22 20,36,62,2026-09-22 20:13:52,2026-09-22 20:15:32,100.415,1.673583,47.357,62,1.646148,1.366,1.53945,93.518364,1.4595,0.500133,0.432,10.105,1.566,61.768595,43.923865,39.291679,63.611095,92.901871,31.639618,-61.262253,-57.821141,36.448738,1,155,155,5,5.751433,2026-09-22 17:10:05,2026-09-22 23:16:05,2.300573,1.494,3.630206,157.795689,3.963868,1.177248,0.432,38.034,1.05175,48.169163,40.16129,30.776793,63.893145,,,155,48.169163,2.300573,155,48.169163,2.300573,155,48.169163,2.300573
legacy_106,legacy,nam_mo_a_mi_tuo_fo_phase_marker_v1,self_timed_phase_locked_respiration_chant,南無阿彌陀佛,南無,阿,彌陀佛,inspiration_to_expiration_transition,interval_between_two_consecutive_same_phase_taps,2026-09-22,20:14:40,2026-09-22 20:14:40,1790082880941,420,Tue,2,20,14,40,,chant,breath_chant_cycle,1,,1,,false,,,,4,13,105,105,2026-09-22_S04,4,39,0,1.417,1.417,42.342978,-0.322,0.322,-18.516389,7.84039,1,protocol_valid,3,1.596,0.163991,10.275116,0.23993,37.870091,5,1.5734,0.171625,10.907936,0.24602,38.512081,10,2.2083,1.452132,65.757893,1.188483,32.814902,21,1.798905,2.293194,127.477238,2.453904,69.045631,2026-09-22 20:14,2026-09-22 20,36,62,2026-09-22 20:13:52,2026-09-22 20:15:32,100.415,1.673583,48.774,62,1.646148,1.366,1.53945,93.518364,1.4595,0.500133,0.432,10.105,1.566,61.768595,43.923865,39.291679,63.611095,92.901871,31.639618,-61.262253,-57.821141,36.448738,1,155,155,5,5.751433,2026-09-22 17:10:05,2026-09-22 23:16:05,2.300573,1.494,3.630206,157.795689,3.963868,1.177248,0.432,38.034,1.05175,48.169163,40.16129,30.776793,63.893145,,,155,48.169163,2.300573,155,48.169163,2.300573,155,48.169163,2.300573
legacy_107,legacy,nam_mo_a_mi_tuo_fo_phase_marker_v1,self_timed_phase_locked_respiration_chant,南無阿彌陀佛,南無,阿,彌陀佛,inspiration_to_expiration_transition,interval_between_two_consecutive_same_phase_taps,2026-09-22,20:14:42,2026-09-22 20:14:42,1790082882193,420,Tue,2,20,14,42,,chant,breath_chant_cycle,1,,1,,false,,,,4,14,106,106,2026-09-22_S04,4,40,0,1.252,1.252,47.923323,-0.165,0.165,-11.644319,5.580345,1,protocol_valid,3,1.469333,0.247682,16.856755,0.255841,41.58963,5,1.5506,0.209467,13.508752,0.19295,39.311973,10,1.7157,0.435586,25.38825,0.371301,36.636046,21,1.835286,2.277363,124.087641,2.454163,65.472893,2026-09-22 20:14,2026-09-22 20,36,62,2026-09-22 20:13:52,2026-09-22 20:15:32,100.415,1.673583,50.026,62,1.646148,1.366,1.53945,93.518364,1.4595,0.500133,0.432,10.105,1.566,61.768595,43.923865,39.291679,63.611095,92.901871,31.639618,-61.262253,-57.821141,36.448738,1,155,155,5,5.751433,2026-09-22 17:10:05,2026-09-22 23:16:05,2.300573,1.494,3.630206,157.795689,3.963868,1.177248,0.432,38.034,1.05175,48.169163,40.16129,30.776793,63.893145,,,155,48.169163,2.300573,155,48.169163,2.300573,155,48.169163,2.300573
legacy_108,legacy,nam_mo_a_mi_tuo_fo_phase_marker_v1,self_timed_phase_locked_respiration_chant,南無阿彌陀佛,南無,阿,彌陀佛,inspiration_to_expiration_transition,interval_between_two_consecutive_same_phase_taps,2026-09-22,20:14:43,2026-09-22 20:14:43,1790082883574,420,Tue,2,20,14,43,,chant,breath_chant_cycle,1,,1,,false,,,,4,15,107,107,2026-09-22_S04,4,41,0,1.381,1.381,43.446778,0.129,0.129,10.303514,-4.476545,1,protocol_valid,3,1.35,0.086758,6.42654,0.148098,44.571026,5,1.4842,0.19739,13.299401,0.199373,40.996074,10,1.5751,0.229559,14.574232,0.229111,38.827871,21,1.879857,2.257868,120.108504,2.454313,61.121241,2026-09-22 20:14,2026-09-22 20,36,62,2026-09-22 20:13:52,2026-09-22 20:15:32,100.415,1.673583,51.407,62,1.646148,1.366,1.53945,93.518364,1.4595,0.500133,0.432,10.105,1.566,61.768595,43.923865,39.291679,63.611095,92.901871,31.639618,-61.262253,-57.821141,36.448738,1,155,155,5,5.751433,2026-09-22 17:10:05,2026-09-22 23:16:05,2.300573,1.494,3.630206,157.795689,3.963868,1.177248,0.432,38.034,1.05175,48.169163,40.16129,30.776793,63.893145,,,155,48.169163,2.300573,155,48.169163,2.300573,155,48.169163,2.300573
legacy_109,legacy,nam_mo_a_mi_tuo_fo_phase_marker_v1,self_timed_phase_locked_respiration_chant,南無阿彌陀佛,南無,阿,彌陀佛,inspiration_to_expiration_transition,interval_between_two_consecutive_same_phase_taps,2026-09-22,20:14:44,2026-09-22 20:14:44,1790082884782,420,Tue,2,20,14,44,,chant,breath_chant_cycle,1,,1,,false,,,,4,16,108,108,2026-09-22_S04,4,42,0,1.208,1.208,49.668874,-0.173,0.173,-12.527154,6.222096,1,protocol_valid,3,1.280333,0.089913,7.022618,0.152594,47.012992,5,1.3994,0.208769,14.918432,0.210641,43.576908,10,1.5058,0.224797,14.928716,0.236196,40.638525,21,1.914143,2.24108,117.0801,2.454421,57.631625,2026-09-22 20:14,2026-09-22 20,36,62,2026-09-22 20:13:52,2026-09-22 20:15:32,100.415,1.673583,52.615,62,1.646148,1.366,1.53945,93.518364,1.4595,0.500133,0.432,10.105,1.566,61.768595,43.923865,39.291679,63.611095,92.901871,31.639618,-61.262253,-57.821141,36.448738,1,155,155,5,5.751433,2026-09-22 17:10:05,2026-09-22 23:16:05,2.300573,1.494,3.630206,157.795689,3.963868,1.177248,0.432,38.034,1.05175,48.169163,40.16129,30.776793,63.893145,,,155,48.169163,2.300573,155,48.169163,2.300573,155,48.169163,2.300573
legacy_110,legacy,nam_mo_a_mi_tuo_fo_phase_marker_v1,self_timed_phase_locked_respiration_chant,南無阿彌陀佛,南無,阿,彌陀佛,inspiration_to_expiration_transition,interval_between_two_consecutive_same_phase_taps,2026-09-22,20:14:46,2026-09-22 20:14:46,1790082886270,420,Tue,2,20,14,46,,chant,breath_chant_cycle,1,,1,,false,,,,4,17,109,109,2026-09-22_S04,4,43,0,1.488,1.488,40.322581,0.28,0.28,23.178808,-9.346294,1,protocol_valid,3,1.359,0.14129,10.396651,0.232733,44.479411,5,1.3492,0.116468,8.632345,0.195061,44.740907,10,1.4661,0.18122,12.360658,0.211896,41.487759,21,1.955143,2.224167,113.759825,2.455197,54.994901,2026-09-22 20:14,2026-09-22 20,36,62,2026-09-22 20:13:52,2026-09-22 20:15:32,100.415,1.673583,54.103,62,1.646148,1.366,1.53945,93.518364,1.4595,0.500133,0.432,10.105,1.566,61.768595,43.923865,39.291679,63.611095,92.901871,31.639618,-61.262253,-57.821141,36.448738,1,155,155,5,5.751433,2026-09-22 17:10:05,2026-09-22 23:16:05,2.300573,1.494,3.630206,157.795689,3.963868,1.177248,0.432,38.034,1.05175,48.169163,40.16129,30.776793,63.893145,,,155,48.169163,2.300573,155,48.169163,2.300573,155,48.169163,2.300573
legacy_111,legacy,nam_mo_a_mi_tuo_fo_phase_marker_v1,self_timed_phase_locked_respiration_chant,南無阿彌陀佛,南無,阿,彌陀佛,inspiration_to_expiration_transition,interval_between_two_consecutive_same_phase_taps,2026-09-22,20:14:47,2026-09-22 20:14:47,1790082887770,420,Tue,2,20,14,47,,chant,breath_chant_cycle,1,,1,,false,,,,4,18,110,110,2026-09-22_S04,4,44,0,1.5,1.5,40,0.012,0.012,0.806452,-0.322581,1,protocol_valid,3,1.398667,0.165231,11.813476,0.198172,43.330485,5,1.3658,0.133252,9.756362,0.176857,44.272311,10,1.4696,0.181534,12.352593,0.209349,41.392196,21,1.998952,2.204702,110.292872,2.455187,51.973554,2026-09-22 20:14,2026-09-22 20,36,62,2026-09-22 20:13:52,2026-09-22 20:15:32,100.415,1.673583,55.603,62,1.646148,1.366,1.53945,93.518364,1.4595,0.500133,0.432,10.105,1.566,61.768595,43.923865,39.291679,63.611095,92.901871,31.639618,-61.262253,-57.821141,36.448738,1,155,155,5,5.751433,2026-09-22 17:10:05,2026-09-22 23:16:05,2.300573,1.494,3.630206,157.795689,3.963868,1.177248,0.432,38.034,1.05175,48.169163,40.16129,30.776793,63.893145,,,155,48.169163,2.300573,155,48.169163,2.300573,155,48.169163,2.300573
legacy_112,legacy,nam_mo_a_mi_tuo_fo_phase_marker_v1,self_timed_phase_locked_respiration_chant,南無阿彌陀佛,南無,阿,彌陀佛,inspiration_to_expiration_transition,interval_between_two_consecutive_same_phase_taps,2026-09-22,20:14:49,2026-09-22 20:14:49,1790082889122,420,Tue,2,20,14,49,,chant,breath_chant_cycle,1,,1,,false,,,,4,19,111,111,2026-09-22_S04,4,45,0,1.352,1.352,44.378698,-0.148,0.148,-9.866667,4.378698,1,protocol_valid,3,1.446667,0.082203,5.682235,0.104995,41.567093,5,1.3858,0.118601,8.558307,0.180539,43.563386,10,1.4682,0.182473,12.428348,0.181334,41.437679,21,2.037333,2.185072,107.251551,2.455396,48.853963,2026-09-22 20:14,2026-09-22 20,36,62,2026-09-22 20:13:52,2026-09-22 20:15:32,100.415,1.673583,56.955,62,1.646148,1.366,1.53945,93.518364,1.4595,0.500133,0.432,10.105,1.566,61.768595,43.923865,39.291679,63.611095,92.901871,31.639618,-61.262253,-57.821141,36.448738,1,155,155,5,5.751433,2026-09-22 17:10:05,2026-09-22 23:16:05,2.300573,1.494,3.630206,157.795689,3.963868,1.177248,0.432,38.034,1.05175,48.169163,40.16129,30.776793,63.893145,,,155,48.169163,2.300573,155,48.169163,2.300573,155,48.169163,2.300573
legacy_113,legacy,nam_mo_a_mi_tuo_fo_phase_marker_v1,self_timed_phase_locked_respiration_chant,南無阿彌陀佛,南無,阿,彌陀佛,inspiration_to_expiration_transition,interval_between_two_consecutive_same_phase_taps,2026-09-22,20:14:52,2026-09-22 20:14:52,1790082892609,420,Tue,2,20,14,52,,chant,breath_chant_cycle,1,,1,,false,,,,4,20,112,112,2026-09-22_S04,4,46,0,3.487,3.487,17.206768,2.135,2.135,157.914201,-27.17193,1,protocol_valid,3,2.113,1.192218,56.422985,1.513296,33.861822,5,1.807,0.946604,52.385386,1.079198,38.315384,10,1.6456,0.666716,40.515042,0.733909,39.655729,21,2.175619,2.180317,100.215926,2.500464,44.772574,2026-09-22 20:14,2026-09-22 20,36,62,2026-09-22 20:13:52,2026-09-22 20:15:32,100.415,1.673583,60.442,62,1.646148,1.366,1.53945,93.518364,1.4595,0.500133,0.432,10.105,1.566,61.768595,43.923865,39.291679,63.611095,92.901871,31.639618,-61.262253,-57.821141,36.448738,1,155,155,5,5.751433,2026-09-22 17:10:05,2026-09-22 23:16:05,2.300573,1.494,3.630206,157.795689,3.963868,1.177248,0.432,38.034,1.05175,48.169163,40.16129,30.776793,63.893145,,,155,48.169163,2.300573,155,48.169163,2.300573,155,48.169163,2.300573
legacy_114,legacy,nam_mo_a_mi_tuo_fo_phase_marker_v1,self_timed_phase_locked_respiration_chant,南無阿彌陀佛,南無,阿,彌陀佛,inspiration_to_expiration_transition,interval_between_two_consecutive_same_phase_taps,2026-09-22,20:14:55,2026-09-22 20:14:55,1790082895489,420,Tue,2,20,14,55,,chant,breath_chant_cycle,1,,1,,false,,,,5,0,113,113,2026-09-22_S04,4,47,0,2.88,2.88,20.833333,-0.607,0.607,-17.407514,3.626565,1,protocol_valid,3,2.573,1.10011,42.755944,1.569502,27.472933,5,2.1414,0.97694,45.621557,1.112286,32.548276,10,1.7704,0.772327,43.624409,0.760453,38.062592,21,2.270619,2.164677,95.334234,2.502096,42.536227,2026-09-22 20:14,2026-09-22 20,36,62,2026-09-22 20:13:52,2026-09-22 20:15:32,100.415,1.673583,63.322,62,1.646148,1.366,1.53945,93.518364,1.4595,0.500133,0.432,10.105,1.566,61.768595,43.923865,39.291679,63.611095,92.901871,31.639618,-61.262253,-57.821141,36.448738,1,155,155,5,5.751433,2026-09-22 17:10:05,2026-09-22 23:16:05,2.300573,1.494,3.630206,157.795689,3.963868,1.177248,0.432,38.034,1.05175,48.169163,40.16129,30.776793,63.893145,,,155,48.169163,2.300573,155,48.169163,2.300573,155,48.169163,2.300573
legacy_115,legacy,nam_mo_a_mi_tuo_fo_phase_marker_v1,self_timed_phase_locked_respiration_chant,南無阿彌陀佛,南無,阿,彌陀佛,inspiration_to_expiration_transition,interval_between_two_consecutive_same_phase_taps,2026-09-22,20:14:58,2026-09-22 20:14:58,1790082898530,420,Tue,2,20,14,58,,chant,breath_chant_cycle,1,,1,,false,,,,5,1,114,114,2026-09-22_S04,4,48,0,3.041,3.041,19.730352,0.161,0.161,5.590278,-1.102981,1,protocol_valid,3,3.136,0.314453,10.027216,0.444055,19.256818,5,2.452,0.964058,39.317225,1.115179,28.42983,10,1.9006,0.870014,45.775732,0.754751,36.585368,21,2.394857,2.128443,88.875569,2.502286,36.862011,2026-09-22 20:14,2026-09-22 20,36,62,2026-09-22 20:13:52,2026-09-22 20:15:32,100.415,1.673583,66.363,62,1.646148,1.366,1.53945,93.518364,1.4595,0.500133,0.432,10.105,1.566,61.768595,43.923865,39.291679,63.611095,92.901871,31.639618,-61.262253,-57.821141,36.448738,1,155,155,5,5.751433,2026-09-22 17:10:05,2026-09-22 23:16:05,2.300573,1.494,3.630206,157.795689,3.963868,1.177248,0.432,38.034,1.05175,48.169163,40.16129,30.776793,63.893145,,,155,48.169163,2.300573,155,48.169163,2.300573,155,48.169163,2.300573
legacy_116,legacy,nam_mo_a_mi_tuo_fo_phase_marker_v1,self_timed_phase_locked_respiration_chant,南無阿彌陀佛,南無,阿,彌陀佛,inspiration_to_expiration_transition,interval_between_two_consecutive_same_phase_taps,2026-09-22,20:15:01,2026-09-22 20:15:01,1790082901824,420,Tue,2,20,15,1,,chant,breath_chant_cycle,1,,1,,false,,,,5,2,115,115,2026-09-22_S04,4,49,0,3.294,3.294,18.214936,0.253,0.253,8.319632,-1.515416,1,protocol_valid,3,3.071667,0.208697,6.794251,0.21205,19.592874,5,2.8108,0.848028,30.170347,1.119889,24.072818,10,2.0883,0.952639,45.617932,0.757453,34.172564,21,2.52719,2.091796,82.771607,1.290826,32.181539,2026-09-22 20:15,2026-09-22 20,14,62,2026-09-22 20:13:52,2026-09-22 20:15:32,100.415,1.673583,69.657,62,1.646148,1.366,1.53945,93.518364,1.4595,0.500133,0.432,10.105,1.566,61.768595,43.923865,39.291679,63.611095,92.901871,31.639618,-61.262253,-57.821141,36.448738,1,155,155,5,5.751433,2026-09-22 17:10:05,2026-09-22 23:16:05,2.300573,1.494,3.630206,157.795689,3.963868,1.177248,0.432,38.034,1.05175,48.169163,40.16129,30.776793,63.893145,,,155,48.169163,2.300573,155,48.169163,2.300573,155,48.169163,2.300573
legacy_117,legacy,nam_mo_a_mi_tuo_fo_phase_marker_v1,self_timed_phase_locked_respiration_chant,南無阿彌陀佛,南無,阿,彌陀佛,inspiration_to_expiration_transition,interval_between_two_consecutive_same_phase_taps,2026-09-22,20:15:04,2026-09-22 20:15:04,1790082904924,420,Tue,2,20,15,4,,chant,breath_chant_cycle,1,,1,,false,,,,5,3,116,116,2026-09-22_S04,4,50,0,3.1,3.1,19.354839,-0.194,0.194,-5.889496,1.139902,1,protocol_valid,3,3.145,0.132367,4.208805,0.225438,19.100042,5,3.1604,0.235077,7.438211,0.352142,19.068046,10,2.2731,0.951626,41.864664,0.758992,31.315716,21,2.193619,1.184915,54.016444,0.947125,32.820452,2026-09-22 20:15,2026-09-22 20,14,62,2026-09-22 20:13:52,2026-09-22 20:15:32,100.415,1.673583,72.757,62,1.646148,1.366,1.53945,93.518364,1.4595,0.500133,0.432,10.105,1.566,61.768595,43.923865,39.291679,63.611095,92.901871,31.639618,-61.262253,-57.821141,36.448738,1,155,155,5,5.751433,2026-09-22 17:10:05,2026-09-22 23:16:05,2.300573,1.494,3.630206,157.795689,3.963868,1.177248,0.432,38.034,1.05175,48.169163,40.16129,30.776793,63.893145,,,155,48.169163,2.300573,155,48.169163,2.300573,155,48.169163,2.300573
legacy_118,legacy,nam_mo_a_mi_tuo_fo_phase_marker_v1,self_timed_phase_locked_respiration_chant,南無阿彌陀佛,南無,阿,彌陀佛,inspiration_to_expiration_transition,interval_between_two_consecutive_same_phase_taps,2026-09-22,20:15:07,2026-09-22 20:15:07,1790082907779,420,Tue,2,20,15,7,,chant,breath_chant_cycle,1,,1,,false,,,,5,4,117,117,2026-09-22_S04,4,51,0,2.855,2.855,21.015762,-0.245,0.245,-7.903226,1.660923,1,protocol_valid,3,3.083,0.219993,7.135685,0.220976,19.528512,5,3.034,0.178719,5.890542,0.216559,19.829844,10,2.4205,0.911398,37.653304,0.761192,29.072614,21,2.035381,0.778357,38.241321,0.570178,33.358732,2026-09-22 20:15,2026-09-22 20,14,62,2026-09-22 20:13:52,2026-09-22 20:15:32,100.415,1.673583,75.612,62,1.646148,1.366,1.53945,93.518364,1.4595,0.500133,0.432,10.105,1.566,61.768595,43.923865,39.291679,63.611095,92.901871,31.639618,-61.262253,-57.821141,36.448738,1,155,155,5,5.751433,2026-09-22 17:10:05,2026-09-22 23:16:05,2.300573,1.494,3.630206,157.795689,3.963868,1.177248,0.432,38.034,1.05175,48.169163,40.16129,30.776793,63.893145,,,155,48.169163,2.300573,155,48.169163,2.300573,155,48.169163,2.300573
legacy_119,legacy,nam_mo_a_mi_tuo_fo_phase_marker_v1,self_timed_phase_locked_respiration_chant,南無阿彌陀佛,南無,阿,彌陀佛,inspiration_to_expiration_transition,interval_between_two_consecutive_same_phase_taps,2026-09-22,20:15:10,2026-09-22 20:15:10,1790082910284,420,Tue,2,20,15,10,,chant,breath_chant_cycle,1,,1,,false,,,,5,5,118,118,2026-09-22_S04,4,52,0,2.505,2.505,23.952096,-0.35,0.35,-12.259194,2.936334,1,protocol_valid,3,2.82,0.29904,10.60426,0.302097,21.440899,5,2.959,0.298229,10.078707,0.266538,20.453597,10,2.5502,0.805852,31.599579,0.764403,26.500936,21,2.021952,0.767092,37.938184,0.54035,33.474141,2026-09-22 20:15,2026-09-22 20,14,62,2026-09-22 20:13:52,2026-09-22 20:15:32,100.415,1.673583,78.117,62,1.646148,1.366,1.53945,93.518364,1.4595,0.500133,0.432,10.105,1.566,61.768595,43.923865,39.291679,63.611095,92.901871,31.639618,-61.262253,-57.821141,36.448738,1,155,155,5,5.751433,2026-09-22 17:10:05,2026-09-22 23:16:05,2.300573,1.494,3.630206,157.795689,3.963868,1.177248,0.432,38.034,1.05175,48.169163,40.16129,30.776793,63.893145,,,155,48.169163,2.300573,155,48.169163,2.300573,155,48.169163,2.300573
legacy_120,legacy,nam_mo_a_mi_tuo_fo_phase_marker_v1,self_timed_phase_locked_respiration_chant,南無阿彌陀佛,南無,阿,彌陀佛,inspiration_to_expiration_transition,interval_between_two_consecutive_same_phase_taps,2026-09-22,20:15:12,2026-09-22 20:15:12,1790082912921,420,Tue,2,20,15,12,,chant,breath_chant_cycle,1,,1,,false,,,,5,6,119,119,2026-09-22_S04,4,53,0,2.637,2.637,22.753129,0.132,0.132,5.269461,-1.198967,1,protocol_valid,3,2.665667,0.176752,6.630693,0.264503,22.573662,5,2.8782,0.324067,11.259378,0.243713,21.058152,10,2.6651,0.714285,26.801437,0.765658,24.743991,21,2.057,0.778025,37.823293,0.541144,33.054655,2026-09-22 20:15,2026-09-22 20,14,62,2026-09-22 20:13:52,2026-09-22 20:15:32,100.415,1.673583,80.754,62,1.646148,1.366,1.53945,93.518364,1.4595,0.500133,0.432,10.105,1.566,61.768595,43.923865,39.291679,63.611095,92.901871,31.639618,-61.262253,-57.821141,36.448738,1,155,155,5,5.751433,2026-09-22 17:10:05,2026-09-22 23:16:05,2.300573,1.494,3.630206,157.795689,3.963868,1.177248,0.432,38.034,1.05175,48.169163,40.16129,30.776793,63.893145,,,155,48.169163,2.300573,155,48.169163,2.300573,155,48.169163,2.300573
legacy_121,legacy,nam_mo_a_mi_tuo_fo_phase_marker_v1,self_timed_phase_locked_respiration_chant,南無阿彌陀佛,南無,阿,彌陀佛,inspiration_to_expiration_transition,interval_between_two_consecutive_same_phase_taps,2026-09-22,20:15:15,2026-09-22 20:15:15,1790082915139,420,Tue,2,20,15,15,,chant,breath_chant_cycle,1,,1,,false,,,,5,7,120,120,2026-09-22_S04,4,54,0,2.218,2.218,27.051398,-0.419,0.419,-15.889268,4.298269,1,protocol_valid,3,2.453333,0.214225,8.731996,0.310632,24.585541,5,2.663,0.335968,12.616147,0.306394,22.825445,10,2.7369,0.613072,22.400238,0.776727,23.449131,21,2.072857,0.777738,37.520082,0.541105,32.827091,2026-09-22 20:15,2026-09-22 20,14,62,2026-09-22 20:13:52,2026-09-22 20:15:32,100.415,1.673583,82.972,62,1.646148,1.366,1.53945,93.518364,1.4595,0.500133,0.432,10.105,1.566,61.768595,43.923865,39.291679,63.611095,92.901871,31.639618,-61.262253,-57.821141,36.448738,1,155,155,5,5.751433,2026-09-22 17:10:05,2026-09-22 23:16:05,2.300573,1.494,3.630206,157.795689,3.963868,1.177248,0.432,38.034,1.05175,48.169163,40.16129,30.776793,63.893145,,,155,48.169163,2.300573,155,48.169163,2.300573,155,48.169163,2.300573
legacy_122,legacy,nam_mo_a_mi_tuo_fo_phase_marker_v1,self_timed_phase_locked_respiration_chant,南無阿彌陀佛,南無,阿,彌陀佛,inspiration_to_expiration_transition,interval_between_two_consecutive_same_phase_taps,2026-09-22,20:15:17,2026-09-22 20:15:17,1790082917332,420,Tue,2,20,15,17,,chant,breath_chant_cycle,1,,1,,false,,,,5,8,121,121,2026-09-22_S04,4,55,0,2.193,2.193,27.359781,-0.025,0.025,-1.127142,0.308383,1,protocol_valid,3,2.349333,0.24944,10.617482,0.296805,25.721436,5,2.4816,0.281469,11.342239,0.281118,24.426433,10,2.821,0.433316,15.360383,0.311297,21.747239,21,2.107524,0.765416,36.318249,0.540681,32.179669,2026-09-22 20:15,2026-09-22 20,14,62,2026-09-22 20:13:52,2026-09-22 20:15:32,100.415,1.673583,85.165,62,1.646148,1.366,1.53945,93.518364,1.4595,0.500133,0.432,10.105,1.566,61.768595,43.923865,39.291679,63.611095,92.901871,31.639618,-61.262253,-57.821141,36.448738,1,155,155,5,5.751433,2026-09-22 17:10:05,2026-09-22 23:16:05,2.300573,1.494,3.630206,157.795689,3.963868,1.177248,0.432,38.034,1.05175,48.169163,40.16129,30.776793,63.893145,,,155,48.169163,2.300573,155,48.169163,2.300573,155,48.169163,2.300573
legacy_123,legacy,nam_mo_a_mi_tuo_fo_phase_marker_v1,self_timed_phase_locked_respiration_chant,南無阿彌陀佛,南無,阿,彌陀佛,inspiration_to_expiration_transition,interval_between_two_consecutive_same_phase_taps,2026-09-22,20:15:20,2026-09-22 20:15:20,1790082920152,420,Tue,2,20,15,20,,chant,breath_chant_cycle,1,,1,,false,,,,5,9,122,122,2026-09-22_S04,4,56,0,2.82,2.82,21.276596,0.627,0.627,28.590971,-6.083185,1,protocol_valid,3,2.410333,0.355002,14.728331,0.443708,25.229258,5,2.4746,0.270065,10.913496,0.382994,24.4786,10,2.7543,0.365426,13.267465,0.31567,22.154222,21,2.176762,0.760734,34.947956,0.553147,31.101228,2026-09-22 20:15,2026-09-22 20,14,62,2026-09-22 20:13:52,2026-09-22 20:15:32,100.415,1.673583,87.985,62,1.646148,1.366,1.53945,93.518364,1.4595,0.500133,0.432,10.105,1.566,61.768595,43.923865,39.291679,63.611095,92.901871,31.639618,-61.262253,-57.821141,36.448738,1,155,155,5,5.751433,2026-09-22 17:10:05,2026-09-22 23:16:05,2.300573,1.494,3.630206,157.795689,3.963868,1.177248,0.432,38.034,1.05175,48.169163,40.16129,30.776793,63.893145,,,155,48.169163,2.300573,155,48.169163,2.300573,155,48.169163,2.300573
legacy_124,legacy,nam_mo_a_mi_tuo_fo_phase_marker_v1,self_timed_phase_locked_respiration_chant,南無阿彌陀佛,南無,阿,彌陀佛,inspiration_to_expiration_transition,interval_between_two_consecutive_same_phase_taps,2026-09-22,20:15:22,2026-09-22 20:15:22,1790082922246,420,Tue,2,20,15,22,,chant,breath_chant_cycle,1,,1,,false,,,,5,10,123,123,2026-09-22_S04,4,57,0,2.094,2.094,28.653295,-0.726,0.726,-25.744681,7.376699,1,protocol_valid,3,2.369,0.393702,16.618897,0.678309,25.763224,5,2.3924,0.316974,13.249192,0.523543,25.41884,10,2.6757,0.416365,15.560984,0.394121,22.936218,21,2.194905,0.753631,34.335455,0.576193,30.797753,2026-09-22 20:15,2026-09-22 20,14,62,2026-09-22 20:13:52,2026-09-22 20:15:32,100.415,1.673583,90.079,62,1.646148,1.366,1.53945,93.518364,1.4595,0.500133,0.432,10.105,1.566,61.768595,43.923865,39.291679,63.611095,92.901871,31.639618,-61.262253,-57.821141,36.448738,1,155,155,5,5.751433,2026-09-22 17:10:05,2026-09-22 23:16:05,2.300573,1.494,3.630206,157.795689,3.963868,1.177248,0.432,38.034,1.05175,48.169163,40.16129,30.776793,63.893145,,,155,48.169163,2.300573,155,48.169163,2.300573,155,48.169163,2.300573
legacy_125,legacy,nam_mo_a_mi_tuo_fo_phase_marker_v1,self_timed_phase_locked_respiration_chant,南無阿彌陀佛,南無,阿,彌陀佛,inspiration_to_expiration_transition,interval_between_two_consecutive_same_phase_taps,2026-09-22,20:15:24,2026-09-22 20:15:24,1790082924862,420,Tue,2,20,15,24,,chant,breath_chant_cycle,1,,1,,false,,,,5,11,124,124,2026-09-22_S04,4,58,0,2.616,2.616,22.93578,0.522,0.522,24.928367,-5.717515,1,protocol_valid,3,2.51,0.374428,14.917433,0.632282,24.288557,5,2.3882,0.313037,13.107657,0.546195,25.45537,10,2.6332,0.396134,15.043816,0.422487,23.256761,21,2.241762,0.747447,33.341931,0.587409,30.139233,2026-09-22 20:15,2026-09-22 20,14,62,2026-09-22 20:13:52,2026-09-22 20:15:32,100.415,1.673583,92.695,62,1.646148,1.366,1.53945,93.518364,1.4595,0.500133,0.432,10.105,1.566,61.768595,43.923865,39.291679,63.611095,92.901871,31.639618,-61.262253,-57.821141,36.448738,1,155,155,5,5.751433,2026-09-22 17:10:05,2026-09-22 23:16:05,2.300573,1.494,3.630206,157.795689,3.963868,1.177248,0.432,38.034,1.05175,48.169163,40.16129,30.776793,63.893145,,,155,48.169163,2.300573,155,48.169163,2.300573,155,48.169163,2.300573
legacy_126,legacy,nam_mo_a_mi_tuo_fo_phase_marker_v1,self_timed_phase_locked_respiration_chant,南無阿彌陀佛,南無,阿,彌陀佛,inspiration_to_expiration_transition,interval_between_two_consecutive_same_phase_taps,2026-09-22,20:15:27,2026-09-22 20:15:27,1790082927149,420,Tue,2,20,15,27,,chant,breath_chant_cycle,1,,1,,false,,,,5,12,125,125,2026-09-22_S04,4,59,0,2.287,2.287,26.235243,-0.329,0.329,-12.576453,3.299463,1,protocol_valid,3,2.332333,0.263936,11.316403,0.436306,25.941439,5,2.402,0.305078,12.700993,0.570292,25.292139,10,2.5325,0.332347,13.123276,0.431672,24.058792,21,2.267857,0.738529,32.565069,0.587603,29.745549,2026-09-22 20:15,2026-09-22 20,14,62,2026-09-22 20:13:52,2026-09-22 20:15:32,100.415,1.673583,94.982,62,1.646148,1.366,1.53945,93.518364,1.4595,0.500133,0.432,10.105,1.566,61.768595,43.923865,39.291679,63.611095,92.901871,31.639618,-61.262253,-57.821141,36.448738,1,155,155,5,5.751433,2026-09-22 17:10:05,2026-09-22 23:16:05,2.300573,1.494,3.630206,157.795689,3.963868,1.177248,0.432,38.034,1.05175,48.169163,40.16129,30.776793,63.893145,,,155,48.169163,2.300573,155,48.169163,2.300573,155,48.169163,2.300573
legacy_127,legacy,nam_mo_a_mi_tuo_fo_phase_marker_v1,self_timed_phase_locked_respiration_chant,南無阿彌陀佛,南無,阿,彌陀佛,inspiration_to_expiration_transition,interval_between_two_consecutive_same_phase_taps,2026-09-22,20:15:29,2026-09-22 20:15:29,1790082929338,420,Tue,2,20,15,29,,chant,breath_chant_cycle,1,,1,,false,,,,5,13,126,126,2026-09-22_S04,4,60,0,2.189,2.189,27.409776,-0.098,0.098,-4.28509,1.174533,1,protocol_valid,3,2.364,0.223672,9.461575,0.24274,25.526933,5,2.4012,0.305767,12.733941,0.478906,25.302138,10,2.4414,0.280284,11.480481,0.425133,24.864285,21,2.304619,0.712825,30.930274,0.586853,29.034445,2026-09-22 20:15,2026-09-22 20,14,62,2026-09-22 20:13:52,2026-09-22 20:15:32,100.415,1.673583,97.171,62,1.646148,1.366,1.53945,93.518364,1.4595,0.500133,0.432,10.105,1.566,61.768595,43.923865,39.291679,63.611095,92.901871,31.639618,-61.262253,-57.821141,36.448738,1,155,155,5,5.751433,2026-09-22 17:10:05,2026-09-22 23:16:05,2.300573,1.494,3.630206,157.795689,3.963868,1.177248,0.432,38.034,1.05175,48.169163,40.16129,30.776793,63.893145,,,155,48.169163,2.300573,155,48.169163,2.300573,155,48.169163,2.300573
legacy_128,legacy,nam_mo_a_mi_tuo_fo_phase_marker_v1,self_timed_phase_locked_respiration_chant,南無阿彌陀佛,南無,阿,彌陀佛,inspiration_to_expiration_transition,interval_between_two_consecutive_same_phase_taps,2026-09-22,20:15:31,2026-09-22 20:15:31,1790082931047,420,Tue,2,20,15,31,,chant,breath_chant_cycle,1,,1,,false,,,,5,14,127,127,2026-09-22_S04,4,61,0,1.709,1.709,35.10825,-0.48,0.48,-21.927821,7.698474,1,protocol_valid,3,2.061667,0.309324,15.003589,0.346413,29.584423,5,2.179,0.328199,15.061903,0.393932,28.068469,10,2.3268,0.323359,13.897142,0.439007,26.273534,21,2.326381,0.685536,29.467927,0.59589,28.424203,2026-09-22 20:15,2026-09-22 20,14,62,2026-09-22 20:13:52,2026-09-22 20:15:32,100.415,1.673583,98.88,62,1.646148,1.366,1.53945,93.518364,1.4595,0.500133,0.432,10.105,1.566,61.768595,43.923865,39.291679,63.611095,92.901871,31.639618,-61.262253,-57.821141,36.448738,1,155,155,5,5.751433,2026-09-22 17:10:05,2026-09-22 23:16:05,2.300573,1.494,3.630206,157.795689,3.963868,1.177248,0.432,38.034,1.05175,48.169163,40.16129,30.776793,63.893145,,,155,48.169163,2.300573,155,48.169163,2.300573,155,48.169163,2.300573
legacy_129,legacy,nam_mo_a_mi_tuo_fo_phase_marker_v1,self_timed_phase_locked_respiration_chant,南無阿彌陀佛,南無,阿,彌陀佛,inspiration_to_expiration_transition,interval_between_two_consecutive_same_phase_taps,2026-09-22,20:15:32,2026-09-22 20:15:32,1790082932582,420,Tue,2,20,15,32,,chant,breath_chant_cycle,1,,1,,false,,,,5,15,128,128,2026-09-22_S04,4,62,0,1.535,1.535,39.087948,-0.174,0.174,-10.181393,3.979697,1,protocol_valid,3,1.811,0.338721,18.703541,0.361024,33.868658,5,2.0672,0.440418,21.30506,0.30762,30.155399,10,2.2298,0.400298,17.952213,0.44063,27.78712,21,2.333714,0.67567,28.952574,0.595904,28.21664,2026-09-22 20:15,2026-09-22 20,14,62,2026-09-22 20:13:52,2026-09-22 20:15:32,100.415,1.673583,100.415,62,1.646148,1.366,1.53945,93.518364,1.4595,0.500133,0.432,10.105,1.566,61.768595,43.923865,39.291679,63.611095,92.901871,31.639618,-61.262253,-57.821141,36.448738,1,155,155,5,5.751433,2026-09-22 17:10:05,2026-09-22 23:16:05,2.300573,1.494,3.630206,157.795689,3.963868,1.177248,0.432,38.034,1.05175,48.169163,40.16129,30.776793,63.893145,,,155,48.169163,2.300573,155,48.169163,2.300573,155,48.169163,2.300573
legacy_130,legacy,nam_mo_a_mi_tuo_fo_phase_marker_v1,self_timed_phase_locked_respiration_chant,南無阿彌陀佛,南無,阿,彌陀佛,inspiration_to_expiration_transition,interval_between_two_consecutive_same_phase_taps,2026-09-22,23:15:22,2026-09-22 23:15:22,1790093722299,420,Tue,2,23,15,22,,chant,breath_chant_cycle,1,,1,,false,,,,5,16,129,129,2026-09-22_S05,5,1,1,10789.717,,,,,,,0,session_start,0,,,,,,0,,,,,,0,,,,,,0,,,,,,2026-09-22 23:15,2026-09-22 23,22,27,2026-09-22 23:15:22,2026-09-22 23:16:05,43.639,0.727317,0,27,1.678423,1.6555,0.314624,18.745213,0.313868,0.21376,1.122,2.954,0.2195,36.703469,36.242857,5.683259,15.484255,35.393328,38.01361,2.620282,10.863861,35.74784,1,155,155,5,5.751433,2026-09-22 17:10:05,2026-09-22 23:16:05,2.300573,1.494,3.630206,157.795689,3.963868,1.177248,0.432,38.034,1.05175,48.169163,40.16129,30.776793,63.893145,,,155,48.169163,2.300573,155,48.169163,2.300573,155,48.169163,2.300573
legacy_131,legacy,nam_mo_a_mi_tuo_fo_phase_marker_v1,self_timed_phase_locked_respiration_chant,南無阿彌陀佛,南無,阿,彌陀佛,inspiration_to_expiration_transition,interval_between_two_consecutive_same_phase_taps,2026-09-22,23:15:25,2026-09-22 23:15:25,1790093725253,420,Tue,2,23,15,25,,chant,breath_chant_cycle,1,,1,,false,,,,5,17,130,130,2026-09-22_S05,5,2,0,2.954,2.954,20.311442,,,,,1,protocol_valid,1,2.954,,,,20.311442,1,2.954,,,,20.311442,1,2.954,,,,20.311442,1,2.954,,,,20.311442,2026-09-22 23:15,2026-09-22 23,22,27,2026-09-22 23:15:22,2026-09-22 23:16:05,43.639,0.727317,2.954,27,1.678423,1.6555,0.314624,18.745213,0.313868,0.21376,1.122,2.954,0.2195,36.703469,36.242857,5.683259,15.484255,35.393328,38.01361,2.620282,10.863861,35.74784,1,155,155,5,5.751433,2026-09-22 17:10:05,2026-09-22 23:16:05,2.300573,1.494,3.630206,157.795689,3.963868,1.177248,0.432,38.034,1.05175,48.169163,40.16129,30.776793,63.893145,,,155,48.169163,2.300573,155,48.169163,2.300573,155,48.169163,2.300573
legacy_132,legacy,nam_mo_a_mi_tuo_fo_phase_marker_v1,self_timed_phase_locked_respiration_chant,南無阿彌陀佛,南無,阿,彌陀佛,inspiration_to_expiration_transition,interval_between_two_consecutive_same_phase_taps,2026-09-22,23:15:27,2026-09-22 23:15:27,1790093727062,420,Tue,2,23,15,27,,chant,breath_chant_cycle,1,,1,,false,,,,5,18,131,131,2026-09-22_S05,5,3,0,1.809,1.809,33.167496,-1.145,1.145,-38.761002,12.856054,1,protocol_valid,2,2.3815,0.809637,33.996946,1.145,26.739469,2,2.3815,0.809637,33.996946,1.145,26.739469,2,2.3815,0.809637,33.996946,1.145,26.739469,2,2.3815,0.809637,33.996946,1.145,26.739469,2026-09-22 23:15,2026-09-22 23,22,27,2026-09-22 23:15:22,2026-09-22 23:16:05,43.639,0.727317,4.763,27,1.678423,1.6555,0.314624,18.745213,0.313868,0.21376,1.122,2.954,0.2195,36.703469,36.242857,5.683259,15.484255,35.393328,38.01361,2.620282,10.863861,35.74784,1,155,155,5,5.751433,2026-09-22 17:10:05,2026-09-22 23:16:05,2.300573,1.494,3.630206,157.795689,3.963868,1.177248,0.432,38.034,1.05175,48.169163,40.16129,30.776793,63.893145,,,155,48.169163,2.300573,155,48.169163,2.300573,155,48.169163,2.300573
legacy_133,legacy,nam_mo_a_mi_tuo_fo_phase_marker_v1,self_timed_phase_locked_respiration_chant,南無阿彌陀佛,南無,阿,彌陀佛,inspiration_to_expiration_transition,interval_between_two_consecutive_same_phase_taps,2026-09-22,23:15:28,2026-09-22 23:15:28,1790093728637,420,Tue,2,23,15,28,,chant,breath_chant_cycle,1,,1,,false,,,,5,19,132,132,2026-09-22_S05,5,4,0,1.575,1.575,38.095238,-0.234,0.234,-12.935323,4.927742,1,protocol_valid,3,2.112667,0.73795,34.929793,0.826372,30.524725,3,2.112667,0.73795,34.929793,0.826372,30.524725,3,2.112667,0.73795,34.929793,0.826372,30.524725,3,2.112667,0.73795,34.929793,0.826372,30.524725,2026-09-22 23:15,2026-09-22 23,22,27,2026-09-22 23:15:22,2026-09-22 23:16:05,43.639,0.727317,6.338,27,1.678423,1.6555,0.314624,18.745213,0.313868,0.21376,1.122,2.954,0.2195,36.703469,36.242857,5.683259,15.484255,35.393328,38.01361,2.620282,10.863861,35.74784,1,155,155,5,5.751433,2026-09-22 17:10:05,2026-09-22 23:16:05,2.300573,1.494,3.630206,157.795689,3.963868,1.177248,0.432,38.034,1.05175,48.169163,40.16129,30.776793,63.893145,,,155,48.169163,2.300573,155,48.169163,2.300573,155,48.169163,2.300573
legacy_134,legacy,nam_mo_a_mi_tuo_fo_phase_marker_v1,self_timed_phase_locked_respiration_chant,南無阿彌陀佛,南無,阿,彌陀佛,inspiration_to_expiration_transition,interval_between_two_consecutive_same_phase_taps,2026-09-22,23:15:30,2026-09-22 23:15:30,1790093730039,420,Tue,2,23,15,30,,chant,breath_chant_cycle,1,,1,,false,,,,5,20,133,133,2026-09-22_S05,5,5,0,1.402,1.402,42.796006,-0.173,0.173,-10.984127,4.700768,1,protocol_valid,3,1.595333,0.20426,12.803622,0.205773,38.01958,4,1.935,0.699506,36.150182,0.682083,33.592545,4,1.935,0.699506,36.150182,0.682083,33.592545,4,1.935,0.699506,36.150182,0.682083,33.592545,2026-09-22 23:15,2026-09-22 23,22,27,2026-09-22 23:15:22,2026-09-22 23:16:05,43.639,0.727317,7.74,27,1.678423,1.6555,0.314624,18.745213,0.313868,0.21376,1.122,2.954,0.2195,36.703469,36.242857,5.683259,15.484255,35.393328,38.01361,2.620282,10.863861,35.74784,1,155,155,5,5.751433,2026-09-22 17:10:05,2026-09-22 23:16:05,2.300573,1.494,3.630206,157.795689,3.963868,1.177248,0.432,38.034,1.05175,48.169163,40.16129,30.776793,63.893145,,,155,48.169163,2.300573,155,48.169163,2.300573,155,48.169163,2.300573
legacy_135,legacy,nam_mo_a_mi_tuo_fo_phase_marker_v1,self_timed_phase_locked_respiration_chant,南無阿彌陀佛,南無,阿,彌陀佛,inspiration_to_expiration_transition,interval_between_two_consecutive_same_phase_taps,2026-09-22,23:15:31,2026-09-22 23:15:31,1790093731873,420,Tue,2,23,15,31,,chant,breath_chant_cycle,1,,1,,false,,,,6,0,134,134,2026-09-22_S05,5,6,0,1.834,1.834,32.715376,0.432,0.432,30.813124,-10.080629,1,protocol_valid,3,1.603667,0.217422,13.557806,0.329054,37.868873,5,1.9148,0.607472,31.725066,0.628954,33.417112,5,1.9148,0.607472,31.725066,0.628954,33.417112,5,1.9148,0.607472,31.725066,0.628954,33.417112,2026-09-22 23:15,2026-09-22 23,22,27,2026-09-22 23:15:22,2026-09-22 23:16:05,43.639,0.727317,9.574,27,1.678423,1.6555,0.314624,18.745213,0.313868,0.21376,1.122,2.954,0.2195,36.703469,36.242857,5.683259,15.484255,35.393328,38.01361,2.620282,10.863861,35.74784,1,155,155,5,5.751433,2026-09-22 17:10:05,2026-09-22 23:16:05,2.300573,1.494,3.630206,157.795689,3.963868,1.177248,0.432,38.034,1.05175,48.169163,40.16129,30.776793,63.893145,,,155,48.169163,2.300573,155,48.169163,2.300573,155,48.169163,2.300573
legacy_136,legacy,nam_mo_a_mi_tuo_fo_phase_marker_v1,self_timed_phase_locked_respiration_chant,南無阿彌陀佛,南無,阿,彌陀佛,inspiration_to_expiration_transition,interval_between_two_consecutive_same_phase_taps,2026-09-22,23:15:33,2026-09-22 23:15:33,1790093733574,420,Tue,2,23,15,33,,chant,breath_chant_cycle,1,,1,,false,,,,6,1,135,135,2026-09-22_S05,5,7,0,1.701,1.701,35.273369,-0.133,0.133,-7.251908,2.557992,1,protocol_valid,3,1.645667,0.221252,13.444505,0.319619,36.92825,5,1.6642,0.178787,10.743104,0.268793,36.409497,6,1.879167,0.550305,29.284532,0.565689,33.726488,6,1.879167,0.550305,29.284532,0.565689,33.726488,2026-09-22 23:15,2026-09-22 23,22,27,2026-09-22 23:15:22,2026-09-22 23:16:05,43.639,0.727317,11.275,27,1.678423,1.6555,0.314624,18.745213,0.313868,0.21376,1.122,2.954,0.2195,36.703469,36.242857,5.683259,15.484255,35.393328,38.01361,2.620282,10.863861,35.74784,1,155,155,5,5.751433,2026-09-22 17:10:05,2026-09-22 23:16:05,2.300573,1.494,3.630206,157.795689,3.963868,1.177248,0.432,38.034,1.05175,48.169163,40.16129,30.776793,63.893145,,,155,48.169163,2.300573,155,48.169163,2.300573,155,48.169163,2.300573
legacy_137,legacy,nam_mo_a_mi_tuo_fo_phase_marker_v1,self_timed_phase_locked_respiration_chant,南無阿彌陀佛,南無,阿,彌陀佛,inspiration_to_expiration_transition,interval_between_two_consecutive_same_phase_taps,2026-09-22,23:15:35,2026-09-22 23:15:35,1790093735276,420,Tue,2,23,15,35,,chant,breath_chant_cycle,1,,1,,false,,,,6,2,136,136,2026-09-22_S05,5,8,0,1.702,1.702,35.252644,0.001,0.001,0.058789,-0.020725,1,protocol_valid,3,1.745667,0.076501,4.382311,0.094048,34.413796,5,1.6428,0.162812,9.910632,0.241993,36.826527,7,1.853857,0.506801,27.337645,0.516402,33.94451,7,1.853857,0.506801,27.337645,0.516402,33.94451,2026-09-22 23:15,2026-09-22 23,22,27,2026-09-22 23:15:22,2026-09-22 23:16:05,43.639,0.727317,12.977,27,1.678423,1.6555,0.314624,18.745213,0.313868,0.21376,1.122,2.954,0.2195,36.703469,36.242857,5.683259,15.484255,35.393328,38.01361,2.620282,10.863861,35.74784,1,155,155,5,5.751433,2026-09-22 17:10:05,2026-09-22 23:16:05,2.300573,1.494,3.630206,157.795689,3.963868,1.177248,0.432,38.034,1.05175,48.169163,40.16129,30.776793,63.893145,,,155,48.169163,2.300573,155,48.169163,2.300573,155,48.169163,2.300573
legacy_138,legacy,nam_mo_a_mi_tuo_fo_phase_marker_v1,self_timed_phase_locked_respiration_chant,南無阿彌陀佛,南無,阿,彌陀佛,inspiration_to_expiration_transition,interval_between_two_consecutive_same_phase_taps,2026-09-22,23:15:36,2026-09-22 23:15:36,1790093736933,420,Tue,2,23,15,36,,chant,breath_chant_cycle,1,,1,,false,,,,6,3,137,137,2026-09-22_S05,5,9,0,1.657,1.657,36.210018,-0.045,0.045,-2.643948,0.957374,1,protocol_valid,3,1.686667,0.025697,1.523535,0.031828,35.578677,5,1.6592,0.158344,9.543371,0.227123,36.449483,8,1.82925,0.47434,25.930866,0.478397,34.227699,8,1.82925,0.47434,25.930866,0.478397,34.227699,2026-09-22 23:15,2026-09-22 23,22,27,2026-09-22 23:15:22,2026-09-22 23:16:05,43.639,0.727317,14.634,27,1.678423,1.6555,0.314624,18.745213,0.313868,0.21376,1.122,2.954,0.2195,36.703469,36.242857,5.683259,15.484255,35.393328,38.01361,2.620282,10.863861,35.74784,1,155,155,5,5.751433,2026-09-22 17:10:05,2026-09-22 23:16:05,2.300573,1.494,3.630206,157.795689,3.963868,1.177248,0.432,38.034,1.05175,48.169163,40.16129,30.776793,63.893145,,,155,48.169163,2.300573,155,48.169163,2.300573,155,48.169163,2.300573
legacy_139,legacy,nam_mo_a_mi_tuo_fo_phase_marker_v1,self_timed_phase_locked_respiration_chant,南無阿彌陀佛,南無,阿,彌陀佛,inspiration_to_expiration_transition,interval_between_two_consecutive_same_phase_taps,2026-09-22,23:15:38,2026-09-22 23:15:38,1790093738548,420,Tue,2,23,15,38,,chant,breath_chant_cycle,1,,1,,false,,,,6,4,138,138,2026-09-22_S05,5,10,0,1.615,1.615,37.151703,-0.042,0.042,-2.534701,0.941685,1,protocol_valid,3,1.658,0.043509,2.624163,0.043526,36.204788,5,1.7018,0.082187,4.829415,0.073279,35.320622,9,1.805444,0.449415,24.892236,0.447746,34.552588,9,1.805444,0.449415,24.892236,0.447746,34.552588,2026-09-22 23:15,2026-09-22 23,22,27,2026-09-22 23:15:22,2026-09-22 23:16:05,43.639,0.727317,16.249,27,1.678423,1.6555,0.314624,18.745213,0.313868,0.21376,1.122,2.954,0.2195,36.703469,36.242857,5.683259,15.484255,35.393328,38.01361,2.620282,10.863861,35.74784,1,155,155,5,5.751433,2026-09-22 17:10:05,2026-09-22 23:16:05,2.300573,1.494,3.630206,157.795689,3.963868,1.177248,0.432,38.034,1.05175,48.169163,40.16129,30.776793,63.893145,,,155,48.169163,2.300573,155,48.169163,2.300573,155,48.169163,2.300573
legacy_140,legacy,nam_mo_a_mi_tuo_fo_phase_marker_v1,self_timed_phase_locked_respiration_chant,南無阿彌陀佛,南無,阿,彌陀佛,inspiration_to_expiration_transition,interval_between_two_consecutive_same_phase_taps,2026-09-22,23:15:40,2026-09-22 23:15:40,1790093740030,420,Tue,2,23,15,40,,chant,breath_chant_cycle,1,,1,,false,,,,6,5,139,139,2026-09-22_S05,5,11,0,1.482,1.482,40.48583,-0.133,0.133,-8.235294,3.334127,1,protocol_valid,3,1.584667,0.091358,5.765141,0.098623,37.949184,5,1.6314,0.09093,5.573752,0.073279,36.874713,10,1.7731,0.435883,24.583125,0.424461,35.145912,10,1.7731,0.435883,24.583125,0.424461,35.145912,2026-09-22 23:15,2026-09-22 23,22,27,2026-09-22 23:15:22,2026-09-22 23:16:05,43.639,0.727317,17.731,27,1.678423,1.6555,0.314624,18.745213,0.313868,0.21376,1.122,2.954,0.2195,36.703469,36.242857,5.683259,15.484255,35.393328,38.01361,2.620282,10.863861,35.74784,1,155,155,5,5.751433,2026-09-22 17:10:05,2026-09-22 23:16:05,2.300573,1.494,3.630206,157.795689,3.963868,1.177248,0.432,38.034,1.05175,48.169163,40.16129,30.776793,63.893145,,,155,48.169163,2.300573,155,48.169163,2.300573,155,48.169163,2.300573
legacy_141,legacy,nam_mo_a_mi_tuo_fo_phase_marker_v1,self_timed_phase_locked_respiration_chant,南無阿彌陀佛,南無,阿,彌陀佛,inspiration_to_expiration_transition,interval_between_two_consecutive_same_phase_taps,2026-09-22,23:15:41,2026-09-22 23:15:41,1790093741793,420,Tue,2,23,15,41,,chant,breath_chant_cycle,1,,1,,false,,,,6,6,140,140,2026-09-22_S05,5,12,0,1.763,1.763,34.032898,0.281,0.281,18.960864,-6.452931,1,protocol_valid,3,1.62,0.140567,8.676957,0.219829,37.223477,5,1.6438,0.105805,6.436611,0.158461,36.626619,10,1.654,0.138916,8.398769,0.208017,36.518058,11,1.772182,0.413526,23.334316,0.412367,35.044729,2026-09-22 23:15,2026-09-22 23,22,27,2026-09-22 23:15:22,2026-09-22 23:16:05,43.639,0.727317,19.494,27,1.678423,1.6555,0.314624,18.745213,0.313868,0.21376,1.122,2.954,0.2195,36.703469,36.242857,5.683259,15.484255,35.393328,38.01361,2.620282,10.863861,35.74784,1,155,155,5,5.751433,2026-09-22 17:10:05,2026-09-22 23:16:05,2.300573,1.494,3.630206,157.795689,3.963868,1.177248,0.432,38.034,1.05175,48.169163,40.16129,30.776793,63.893145,,,155,48.169163,2.300573,155,48.169163,2.300573,155,48.169163,2.300573
legacy_142,legacy,nam_mo_a_mi_tuo_fo_phase_marker_v1,self_timed_phase_locked_respiration_chant,南無阿彌陀佛,南無,阿,彌陀佛,inspiration_to_expiration_transition,interval_between_two_consecutive_same_phase_taps,2026-09-22,23:15:43,2026-09-22 23:15:43,1790093743348,420,Tue,2,23,15,43,,chant,breath_chant_cycle,1,,1,,false,,,,6,7,141,141,2026-09-22_S05,5,13,0,1.555,1.555,38.585209,-0.208,0.208,-11.798071,4.552311,1,protocol_valid,3,1.6,0.145805,9.112791,0.247209,37.701312,5,1.6144,0.106013,6.566725,0.188201,37.293132,10,1.6286,0.130385,8.00596,0.204924,37.059829,12,1.754083,0.399236,22.76035,0.398147,35.339769,2026-09-22 23:15,2026-09-22 23,22,27,2026-09-22 23:15:22,2026-09-22 23:16:05,43.639,0.727317,21.049,27,1.678423,1.6555,0.314624,18.745213,0.313868,0.21376,1.122,2.954,0.2195,36.703469,36.242857,5.683259,15.484255,35.393328,38.01361,2.620282,10.863861,35.74784,1,155,155,5,5.751433,2026-09-22 17:10:05,2026-09-22 23:16:05,2.300573,1.494,3.630206,157.795689,3.963868,1.177248,0.432,38.034,1.05175,48.169163,40.16129,30.776793,63.893145,,,155,48.169163,2.300573,155,48.169163,2.300573,155,48.169163,2.300573
legacy_143,legacy,nam_mo_a_mi_tuo_fo_phase_marker_v1,self_timed_phase_locked_respiration_chant,南無阿彌陀佛,南無,阿,彌陀佛,inspiration_to_expiration_transition,interval_between_two_consecutive_same_phase_taps,2026-09-22,23:15:45,2026-09-22 23:15:45,1790093745013,420,Tue,2,23,15,45,,chant,breath_chant_cycle,1,,1,,false,,,,6,8,142,142,2026-09-22_S05,5,14,0,1.665,1.665,36.036036,0.11,0.11,7.073955,-2.549173,1,protocol_valid,3,1.661,0.104058,6.264761,0.166379,36.218048,5,1.616,0.106874,6.613475,0.194945,37.258335,10,1.6376,0.129376,7.90037,0.200032,36.853909,13,1.747231,0.383037,21.922495,0.382517,35.393328,2026-09-22 23:15,2026-09-22 23,22,27,2026-09-22 23:15:22,2026-09-22 23:16:05,43.639,0.727317,22.714,27,1.678423,1.6555,0.314624,18.745213,0.313868,0.21376,1.122,2.954,0.2195,36.703469,36.242857,5.683259,15.484255,35.393328,38.01361,2.620282,10.863861,35.74784,1,155,155,5,5.751433,2026-09-22 17:10:05,2026-09-22 23:16:05,2.300573,1.494,3.630206,157.795689,3.963868,1.177248,0.432,38.034,1.05175,48.169163,40.16129,30.776793,63.893145,,,155,48.169163,2.300573,155,48.169163,2.300573,155,48.169163,2.300573
legacy_144,legacy,nam_mo_a_mi_tuo_fo_phase_marker_v1,self_timed_phase_locked_respiration_chant,南無阿彌陀佛,南無,阿,彌陀佛,inspiration_to_expiration_transition,interval_between_two_consecutive_same_phase_taps,2026-09-22,23:15:46,2026-09-22 23:15:46,1790093746651,420,Tue,2,23,15,46,,chant,breath_chant_cycle,1,,1,,false,,,,6,9,143,143,2026-09-22_S05,5,15,0,1.638,1.638,36.630037,-0.027,0.027,-1.621622,0.594001,1,protocol_valid,3,1.619333,0.057327,3.540133,0.080091,37.083761,5,1.6206,0.107314,6.62187,0.183748,37.154002,10,1.6612,0.099759,6.005267,0.139133,36.237312,14,1.739429,0.369166,21.223392,0.367586,35.481664,2026-09-22 23:15,2026-09-22 23,22,27,2026-09-22 23:15:22,2026-09-22 23:16:05,43.639,0.727317,24.352,27,1.678423,1.6555,0.314624,18.745213,0.313868,0.21376,1.122,2.954,0.2195,36.703469,36.242857,5.683259,15.484255,35.393328,38.01361,2.620282,10.863861,35.74784,1,155,155,5,5.751433,2026-09-22 17:10:05,2026-09-22 23:16:05,2.300573,1.494,3.630206,157.795689,3.963868,1.177248,0.432,38.034,1.05175,48.169163,40.16129,30.776793,63.893145,,,155,48.169163,2.300573,155,48.169163,2.300573,155,48.169163,2.300573
legacy_145,legacy,nam_mo_a_mi_tuo_fo_phase_marker_v1,self_timed_phase_locked_respiration_chant,南無阿彌陀佛,南無,阿,彌陀佛,inspiration_to_expiration_transition,interval_between_two_consecutive_same_phase_taps,2026-09-22,23:15:48,2026-09-22 23:15:48,1790093748102,420,Tue,2,23,15,48,,chant,breath_chant_cycle,1,,1,,false,,,,6,10,144,144,2026-09-22_S05,5,16,0,1.451,1.451,41.350793,-0.187,0.187,-11.416361,4.720756,1,protocol_valid,3,1.584667,0.116543,7.354434,0.1336,38.005622,5,1.6144,0.117715,7.291558,0.150882,37.326995,10,1.6229,0.099567,6.13515,0.14587,37.100854,15,1.7202,0.363449,21.128276,0.357723,35.87294,2026-09-22 23:15,2026-09-22 23,22,27,2026-09-22 23:15:22,2026-09-22 23:16:05,43.639,0.727317,25.803,27,1.678423,1.6555,0.314624,18.745213,0.313868,0.21376,1.122,2.954,0.2195,36.703469,36.242857,5.683259,15.484255,35.393328,38.01361,2.620282,10.863861,35.74784,1,155,155,5,5.751433,2026-09-22 17:10:05,2026-09-22 23:16:05,2.300573,1.494,3.630206,157.795689,3.963868,1.177248,0.432,38.034,1.05175,48.169163,40.16129,30.776793,63.893145,,,155,48.169163,2.300573,155,48.169163,2.300573,155,48.169163,2.300573
legacy_146,legacy,nam_mo_a_mi_tuo_fo_phase_marker_v1,self_timed_phase_locked_respiration_chant,南無阿彌陀佛,南無,阿,彌陀佛,inspiration_to_expiration_transition,interval_between_two_consecutive_same_phase_taps,2026-09-22,23:15:49,2026-09-22 23:15:49,1790093749710,420,Tue,2,23,15,49,,chant,breath_chant_cycle,1,,1,,false,,,,6,11,145,145,2026-09-22_S05,5,17,0,1.608,1.608,37.313433,0.157,0.157,10.820124,-4.03736,1,protocol_valid,3,1.565667,0.100431,6.414567,0.172653,38.431421,5,1.5834,0.08453,5.338504,0.13458,37.983101,10,1.6136,0.095731,5.93278,0.154973,37.30486,16,1.713187,0.352243,20.560699,0.347963,35.96297,2026-09-22 23:15,2026-09-22 23,22,27,2026-09-22 23:15:22,2026-09-22 23:16:05,43.639,0.727317,27.411,27,1.678423,1.6555,0.314624,18.745213,0.313868,0.21376,1.122,2.954,0.2195,36.703469,36.242857,5.683259,15.484255,35.393328,38.01361,2.620282,10.863861,35.74784,1,155,155,5,5.751433,2026-09-22 17:10:05,2026-09-22 23:16:05,2.300573,1.494,3.630206,157.795689,3.963868,1.177248,0.432,38.034,1.05175,48.169163,40.16129,30.776793,63.893145,,,155,48.169163,2.300573,155,48.169163,2.300573,155,48.169163,2.300573
legacy_147,legacy,nam_mo_a_mi_tuo_fo_phase_marker_v1,self_timed_phase_locked_respiration_chant,南無阿彌陀佛,南無,阿,彌陀佛,inspiration_to_expiration_transition,interval_between_two_consecutive_same_phase_taps,2026-09-22,23:15:51,2026-09-22 23:15:51,1790093751364,420,Tue,2,23,15,51,,chant,breath_chant_cycle,1,,1,,false,,,,6,12,146,146,2026-09-22_S05,5,18,0,1.654,1.654,36.275695,0.046,0.046,2.860697,-1.037738,1,protocol_valid,3,1.571,0.106438,6.775161,0.115683,38.313307,5,1.6032,0.087748,5.473299,0.124963,37.521199,10,1.6088,0.091935,5.714478,0.155006,37.407165,17,1.709706,0.34136,19.966013,0.33711,35.981366,2026-09-22 23:15,2026-09-22 23,22,27,2026-09-22 23:15:22,2026-09-22 23:16:05,43.639,0.727317,29.065,27,1.678423,1.6555,0.314624,18.745213,0.313868,0.21376,1.122,2.954,0.2195,36.703469,36.242857,5.683259,15.484255,35.393328,38.01361,2.620282,10.863861,35.74784,1,155,155,5,5.751433,2026-09-22 17:10:05,2026-09-22 23:16:05,2.300573,1.494,3.630206,157.795689,3.963868,1.177248,0.432,38.034,1.05175,48.169163,40.16129,30.776793,63.893145,,,155,48.169163,2.300573,155,48.169163,2.300573,155,48.169163,2.300573
legacy_148,legacy,nam_mo_a_mi_tuo_fo_phase_marker_v1,self_timed_phase_locked_respiration_chant,南無阿彌陀佛,南無,阿,彌陀佛,inspiration_to_expiration_transition,interval_between_two_consecutive_same_phase_taps,2026-09-22,23:15:53,2026-09-22 23:15:53,1790093753186,420,Tue,2,23,15,53,,chant,breath_chant_cycle,1,,1,,false,,,,6,13,147,147,2026-09-22_S05,5,19,0,1.822,1.822,32.930845,0.168,0.168,10.157195,-3.34485,1,protocol_valid,3,1.694667,0.112647,6.647144,0.123167,35.506658,5,1.6346,0.132215,8.088522,0.149965,36.900161,10,1.6253,0.113762,6.999445,0.164216,37.079248,18,1.715944,0.332224,19.360998,0.329573,35.811893,2026-09-22 23:15,2026-09-22 23,22,27,2026-09-22 23:15:22,2026-09-22 23:16:05,43.639,0.727317,30.887,27,1.678423,1.6555,0.314624,18.745213,0.313868,0.21376,1.122,2.954,0.2195,36.703469,36.242857,5.683259,15.484255,35.393328,38.01361,2.620282,10.863861,35.74784,1,155,155,5,5.751433,2026-09-22 17:10:05,2026-09-22 23:16:05,2.300573,1.494,3.630206,157.795689,3.963868,1.177248,0.432,38.034,1.05175,48.169163,40.16129,30.776793,63.893145,,,155,48.169163,2.300573,155,48.169163,2.300573,155,48.169163,2.300573
legacy_149,legacy,nam_mo_a_mi_tuo_fo_phase_marker_v1,self_timed_phase_locked_respiration_chant,南無阿彌陀佛,南無,阿,彌陀佛,inspiration_to_expiration_transition,interval_between_two_consecutive_same_phase_taps,2026-09-22,23:15:55,2026-09-22 23:15:55,1790093755028,420,Tue,2,23,15,55,,chant,breath_chant_cycle,1,,1,,false,,,,6,14,148,148,2026-09-22_S05,5,20,0,1.842,1.842,32.57329,0.02,0.02,1.097695,-0.357555,1,protocol_valid,3,1.772667,0.103254,5.824769,0.119633,33.92661,5,1.6754,0.161712,9.652148,0.117674,36.088811,10,1.648,0.132571,8.044366,0.158259,36.621407,19,1.722579,0.324156,18.818076,0.320322,35.64144,2026-09-22 23:15,2026-09-22 23,22,27,2026-09-22 23:15:22,2026-09-22 23:16:05,43.639,0.727317,32.729,27,1.678423,1.6555,0.314624,18.745213,0.313868,0.21376,1.122,2.954,0.2195,36.703469,36.242857,5.683259,15.484255,35.393328,38.01361,2.620282,10.863861,35.74784,1,155,155,5,5.751433,2026-09-22 17:10:05,2026-09-22 23:16:05,2.300573,1.494,3.630206,157.795689,3.963868,1.177248,0.432,38.034,1.05175,48.169163,40.16129,30.776793,63.893145,,,155,48.169163,2.300573,155,48.169163,2.300573,155,48.169163,2.300573
legacy_150,legacy,nam_mo_a_mi_tuo_fo_phase_marker_v1,self_timed_phase_locked_respiration_chant,南無阿彌陀佛,南無,阿,彌陀佛,inspiration_to_expiration_transition,interval_between_two_consecutive_same_phase_taps,2026-09-22,23:15:56,2026-09-22 23:15:56,1790093756774,420,Tue,2,23,15,56,,chant,breath_chant_cycle,1,,1,,false,,,,6,15,149,149,2026-09-22_S05,5,21,0,1.746,1.746,34.364261,-0.096,0.096,-5.211726,1.790971,1,protocol_valid,3,1.803333,0.050649,2.808639,0.06934,33.289465,5,1.7344,0.102258,5.8959,0.099945,34.691505,10,1.6744,0.12168,7.267086,0.131516,36.00925,20,1.72375,0.315554,18.306249,0.312556,35.577581,2026-09-22 23:15,2026-09-22 23,22,27,2026-09-22 23:15:22,2026-09-22 23:16:05,43.639,0.727317,34.475,27,1.678423,1.6555,0.314624,18.745213,0.313868,0.21376,1.122,2.954,0.2195,36.703469,36.242857,5.683259,15.484255,35.393328,38.01361,2.620282,10.863861,35.74784,1,155,155,5,5.751433,2026-09-22 17:10:05,2026-09-22 23:16:05,2.300573,1.494,3.630206,157.795689,3.963868,1.177248,0.432,38.034,1.05175,48.169163,40.16129,30.776793,63.893145,,,155,48.169163,2.300573,155,48.169163,2.300573,155,48.169163,2.300573
legacy_151,legacy,nam_mo_a_mi_tuo_fo_phase_marker_v1,self_timed_phase_locked_respiration_chant,南無阿彌陀佛,南無,阿,彌陀佛,inspiration_to_expiration_transition,interval_between_two_consecutive_same_phase_taps,2026-09-22,23:15:58,2026-09-22 23:15:58,1790093758210,420,Tue,2,23,15,58,,chant,breath_chant_cycle,1,,1,,false,,,,6,16,150,150,2026-09-22_S05,5,22,0,1.436,1.436,41.78273,-0.31,0.31,-17.754868,7.418469,1,protocol_valid,3,1.674667,0.212192,12.670685,0.229473,36.240094,5,1.7,0.165058,9.709269,0.182989,35.585364,10,1.6417,0.13806,8.409601,0.152207,36.784233,21,1.710048,0.313908,18.356702,0.312428,35.873064,2026-09-22 23:15,2026-09-22 23,22,27,2026-09-22 23:15:22,2026-09-22 23:16:05,43.639,0.727317,35.911,27,1.678423,1.6555,0.314624,18.745213,0.313868,0.21376,1.122,2.954,0.2195,36.703469,36.242857,5.683259,15.484255,35.393328,38.01361,2.620282,10.863861,35.74784,1,155,155,5,5.751433,2026-09-22 17:10:05,2026-09-22 23:16:05,2.300573,1.494,3.630206,157.795689,3.963868,1.177248,0.432,38.034,1.05175,48.169163,40.16129,30.776793,63.893145,,,155,48.169163,2.300573,155,48.169163,2.300573,155,48.169163,2.300573
legacy_152,legacy,nam_mo_a_mi_tuo_fo_phase_marker_v1,self_timed_phase_locked_respiration_chant,南無阿彌陀佛,南無,阿,彌陀佛,inspiration_to_expiration_transition,interval_between_two_consecutive_same_phase_taps,2026-09-22,23:16:00,2026-09-22 23:16:00,1790093760187,420,Tue,2,23,16,0,,chant,breath_chant_cycle,1,,1,,false,,,,6,17,151,151,2026-09-22_S05,5,23,0,1.977,1.977,30.349014,0.541,0.541,37.674095,-11.433716,1,protocol_valid,3,1.719667,0.27146,15.785596,0.440897,35.498668,5,1.7646,0.201695,11.430059,0.315593,34.400028,10,1.6839,0.169524,10.067371,0.233115,35.960613,21,1.663524,0.14986,9.008596,0.216089,36.351044,2026-09-22 23:16,2026-09-22 23,5,27,2026-09-22 23:15:22,2026-09-22 23:16:05,43.639,0.727317,37.888,27,1.678423,1.6555,0.314624,18.745213,0.313868,0.21376,1.122,2.954,0.2195,36.703469,36.242857,5.683259,15.484255,35.393328,38.01361,2.620282,10.863861,35.74784,1,155,155,5,5.751433,2026-09-22 17:10:05,2026-09-22 23:16:05,2.300573,1.494,3.630206,157.795689,3.963868,1.177248,0.432,38.034,1.05175,48.169163,40.16129,30.776793,63.893145,,,155,48.169163,2.300573,155,48.169163,2.300573,155,48.169163,2.300573
legacy_153,legacy,nam_mo_a_mi_tuo_fo_phase_marker_v1,self_timed_phase_locked_respiration_chant,南無阿彌陀佛,南無,阿,彌陀佛,inspiration_to_expiration_transition,interval_between_two_consecutive_same_phase_taps,2026-09-22,23:16:01,2026-09-22 23:16:01,1790093761855,420,Tue,2,23,16,1,,chant,breath_chant_cycle,1,,1,,false,,,,6,18,152,152,2026-09-22_S05,5,24,0,1.668,1.668,35.971223,-0.309,0.309,-15.629742,5.622209,1,protocol_valid,3,1.693667,0.271412,16.025098,0.440546,36.034322,5,1.7338,0.202495,11.679256,0.35124,35.008104,10,1.6842,0.16949,10.063529,0.254697,35.954132,21,1.65681,0.146129,8.819878,0.22075,36.484555,2026-09-22 23:16,2026-09-22 23,5,27,2026-09-22 23:15:22,2026-09-22 23:16:05,43.639,0.727317,39.556,27,1.678423,1.6555,0.314624,18.745213,0.313868,0.21376,1.122,2.954,0.2195,36.703469,36.242857,5.683259,15.484255,35.393328,38.01361,2.620282,10.863861,35.74784,1,155,155,5,5.751433,2026-09-22 17:10:05,2026-09-22 23:16:05,2.300573,1.494,3.630206,157.795689,3.963868,1.177248,0.432,38.034,1.05175,48.169163,40.16129,30.776793,63.893145,,,155,48.169163,2.300573,155,48.169163,2.300573,155,48.169163,2.300573
legacy_154,legacy,nam_mo_a_mi_tuo_fo_phase_marker_v1,self_timed_phase_locked_respiration_chant,南無阿彌陀佛,南無,阿,彌陀佛,inspiration_to_expiration_transition,interval_between_two_consecutive_same_phase_taps,2026-09-22,23:16:03,2026-09-22 23:16:03,1790093763389,420,Tue,2,23,16,3,,chant,breath_chant_cycle,1,,1,,false,,,,6,19,153,153,2026-09-22_S05,5,25,0,1.534,1.534,39.113429,-0.134,0.134,-8.033573,3.142206,1,protocol_valid,3,1.726333,0.227188,13.16014,0.238156,35.144555,5,1.6722,0.208121,12.445918,0.354337,36.316131,10,1.6738,0.175716,10.49804,0.250959,36.202471,21,1.654857,0.147543,8.915773,0.21939,36.53304,2026-09-22 23:16,2026-09-22 23,5,27,2026-09-22 23:15:22,2026-09-22 23:16:05,43.639,0.727317,41.09,27,1.678423,1.6555,0.314624,18.745213,0.313868,0.21376,1.122,2.954,0.2195,36.703469,36.242857,5.683259,15.484255,35.393328,38.01361,2.620282,10.863861,35.74784,1,155,155,5,5.751433,2026-09-22 17:10:05,2026-09-22 23:16:05,2.300573,1.494,3.630206,157.795689,3.963868,1.177248,0.432,38.034,1.05175,48.169163,40.16129,30.776793,63.893145,,,155,48.169163,2.300573,155,48.169163,2.300573,155,48.169163,2.300573
legacy_155,legacy,nam_mo_a_mi_tuo_fo_phase_marker_v1,self_timed_phase_locked_respiration_chant,南無阿彌陀佛,南無,阿,彌陀佛,inspiration_to_expiration_transition,interval_between_two_consecutive_same_phase_taps,2026-09-22,23:16:04,2026-09-22 23:16:04,1790093764816,420,Tue,2,23,16,4,,chant,breath_chant_cycle,1,,1,,false,,,,6,20,154,154,2026-09-22_S05,5,26,0,1.427,1.427,42.046251,-0.107,0.107,-6.975228,2.932822,1,protocol_valid,3,1.543,0.120752,7.825782,0.121254,39.043634,5,1.6084,0.227805,14.163479,0.323097,37.852529,10,1.6714,0.179226,10.723121,0.248019,36.272017,21,1.656048,0.145488,8.785232,0.198427,36.497337,2026-09-22 23:16,2026-09-22 23,5,27,2026-09-22 23:15:22,2026-09-22 23:16:05,43.639,0.727317,42.517,27,1.678423,1.6555,0.314624,18.745213,0.313868,0.21376,1.122,2.954,0.2195,36.703469,36.242857,5.683259,15.484255,35.393328,38.01361,2.620282,10.863861,35.74784,1,155,155,5,5.751433,2026-09-22 17:10:05,2026-09-22 23:16:05,2.300573,1.494,3.630206,157.795689,3.963868,1.177248,0.432,38.034,1.05175,48.169163,40.16129,30.776793,63.893145,,,155,48.169163,2.300573,155,48.169163,2.300573,155,48.169163,2.300573
legacy_156,legacy,nam_mo_a_mi_tuo_fo_phase_marker_v1,self_timed_phase_locked_respiration_chant,南無阿彌陀佛,南無,阿,彌陀佛,inspiration_to_expiration_transition,interval_between_two_consecutive_same_phase_taps,2026-09-22,23:16:05,2026-09-22 23:16:05,1790093765938,420,Tue,2,23,16,5,,chant,breath_chant_cycle,1,,1,,false,,,,7,0,155,155,2026-09-22_S05,5,27,0,1.122,1.122,53.475936,-0.305,0.305,-21.373511,11.429685,1,protocol_valid,3,1.361,0.213783,15.707759,0.228554,44.878539,5,1.5456,0.314136,20.324521,0.233405,40.19117,10,1.6228,0.250178,15.416418,0.267609,37.888267,21,1.622143,0.180656,11.13688,0.207702,37.485935,2026-09-22 23:16,2026-09-22 23,5,27,2026-09-22 23:15:22,2026-09-22 23:16:05,43.639,0.727317,43.639,27,1.678423,1.6555,0.314624,18.745213,0.313868,0.21376,1.122,2.954,0.2195,36.703469,36.242857,5.683259,15.484255,35.393328,38.01361,2.620282,10.863861,35.74784,1,155,155,5,5.751433,2026-09-22 17:10:05,2026-09-22 23:16:05,2.300573,1.494,3.630206,157.795689,3.963868,1.177248,0.432,38.034,1.05175,48.169163,40.16129,30.776793,63.893145,,,155,48.169163,2.300573,155,48.169163,2.300573,155,48.169163,2.300573
legacy_157,legacy,nam_mo_a_mi_tuo_fo_phase_marker_v1,self_timed_phase_locked_respiration_chant,南無阿彌陀佛,南無,阿,彌陀佛,inspiration_to_expiration_transition,interval_between_two_consecutive_same_phase_taps,2026-09-23,08:02:46,2026-09-23 08:02:46,1790125366580,420,Wed,3,8,2,46,,chant,breath_chant_cycle,1,,1,,false,,,,0,1,156,1,2026-09-23_S01,1,1,1,31600.642,,,,,,,0,session_start,0,,,,,,0,,,,,,0,,,,,,0,,,,,,2026-09-23 08:02,2026-09-23 08,4,257,2026-09-23 08:02:46,2026-09-23 08:11:43,536.761,8.946017,0,247,2.181955,1.7825,6.549586,300.170474,9.221093,1.150612,0.8,104.089,0.75625,37.185837,33.660592,11.959017,32.16014,43.525346,30.846328,-12.679018,-1.897721,27.498272,2,309,309,4,11.167883,2026-09-23 08:02:46,2026-09-23 09:10:12,2.196961,1.906,5.885197,267.879029,8.281836,0.98947,0.8,104.089,0.753,35.359873,31.479538,11.595809,32.793695,154,-12.80929,232,41.764518,2.248767,232,41.764518,2.248767,232,41.764518,2.248767
legacy_158,legacy,nam_mo_a_mi_tuo_fo_phase_marker_v1,self_timed_phase_locked_respiration_chant,南無阿彌陀佛,南無,阿,彌陀佛,inspiration_to_expiration_transition,interval_between_two_consecutive_same_phase_taps,2026-09-23,08:02:50,2026-09-23 08:02:50,1790125370895,420,Wed,3,8,2,50,,chant,breath_chant_cycle,1,,1,,false,,,,0,2,157,2,2026-09-23_S01,1,2,0,4.315,4.315,13.904983,,,,,1,protocol_valid,1,4.315,,,,13.904983,1,4.315,,,,13.904983,1,4.315,,,,13.904983,1,4.315,,,,13.904983,2026-09-23 08:02,2026-09-23 08,4,257,2026-09-23 08:02:46,2026-09-23 08:11:43,536.761,8.946017,4.315,247,2.181955,1.7825,6.549586,300.170474,9.221093,1.150612,0.8,104.089,0.75625,37.185837,33.660592,11.959017,32.16014,43.525346,30.846328,-12.679018,-1.897721,27.498272,2,309,309,4,11.167883,2026-09-23 08:02:46,2026-09-23 09:10:12,2.196961,1.906,5.885197,267.879029,8.281836,0.98947,0.8,104.089,0.753,35.359873,31.479538,11.595809,32.793695,154,-12.80929,232,41.764518,2.248767,232,41.764518,2.248767,232,41.764518,2.248767
legacy_159,legacy,nam_mo_a_mi_tuo_fo_phase_marker_v1,self_timed_phase_locked_respiration_chant,南無阿彌陀佛,南無,阿,彌陀佛,inspiration_to_expiration_transition,interval_between_two_consecutive_same_phase_taps,2026-09-23,08:02:52,2026-09-23 08:02:52,1790125372120,420,Wed,3,8,2,52,,chant,breath_chant_cycle,1,,1,,false,,,,0,3,158,3,2026-09-23_S01,1,3,0,1.225,1.225,48.979592,-3.09,3.09,-71.61066,35.074609,1,protocol_valid,2,2.77,2.18496,78.879421,3.09,31.442287,2,2.77,2.18496,78.879421,3.09,31.442287,2,2.77,2.18496,78.879421,3.09,31.442287,2,2.77,2.18496,78.879421,3.09,31.442287,2026-09-23 08:02,2026-09-23 08,4,257,2026-09-23 08:02:46,2026-09-23 08:11:43,536.761,8.946017,5.54,247,2.181955,1.7825,6.549586,300.170474,9.221093,1.150612,0.8,104.089,0.75625,37.185837,33.660592,11.959017,32.16014,43.525346,30.846328,-12.679018,-1.897721,27.498272,2,309,309,4,11.167883,2026-09-23 08:02:46,2026-09-23 09:10:12,2.196961,1.906,5.885197,267.879029,8.281836,0.98947,0.8,104.089,0.753,35.359873,31.479538,11.595809,32.793695,154,-12.80929,232,41.764518,2.248767,232,41.764518,2.248767,232,41.764518,2.248767
legacy_160,legacy,nam_mo_a_mi_tuo_fo_phase_marker_v1,self_timed_phase_locked_respiration_chant,南無阿彌陀佛,南無,阿,彌陀佛,inspiration_to_expiration_transition,interval_between_two_consecutive_same_phase_taps,2026-09-23,08:02:54,2026-09-23 08:02:54,1790125374254,420,Wed,3,8,2,54,,chant,breath_chant_cycle,1,,1,,false,,,,0,4,159,4,2026-09-23_S01,1,4,0,2.134,2.134,28.116214,0.909,0.909,74.204082,-20.863378,1,protocol_valid,3,2.558,1.588036,62.081141,2.27754,30.333596,3,2.558,1.588036,62.081141,2.27754,30.333596,3,2.558,1.588036,62.081141,2.27754,30.333596,3,2.558,1.588036,62.081141,2.27754,30.333596,2026-09-23 08:02,2026-09-23 08,4,257,2026-09-23 08:02:46,2026-09-23 08:11:43,536.761,8.946017,7.674,247,2.181955,1.7825,6.549586,300.170474,9.221093,1.150612,0.8,104.089,0.75625,37.185837,33.660592,11.959017,32.16014,43.525346,30.846328,-12.679018,-1.897721,27.498272,2,309,309,4,11.167883,2026-09-23 08:02:46,2026-09-23 09:10:12,2.196961,1.906,5.885197,267.879029,8.281836,0.98947,0.8,104.089,0.753,35.359873,31.479538,11.595809,32.793695,154,-12.80929,232,41.764518,2.248767,232,41.764518,2.248767,232,41.764518,2.248767
legacy_161,legacy,nam_mo_a_mi_tuo_fo_phase_marker_v1,self_timed_phase_locked_respiration_chant,南無阿彌陀佛,南無,阿,彌陀佛,inspiration_to_expiration_transition,interval_between_two_consecutive_same_phase_taps,2026-09-23,08:03:00,2026-09-23 08:03:00,1790125380314,420,Wed,3,8,3,0,,chant,breath_chant_cycle,1,,1,,false,,,,0,5,160,5,2026-09-23_S01,1,5,0,6.06,6.06,9.90099,3.926,3.926,183.973758,-18.215224,1,protocol_valid,3,3.139667,2.569597,81.842997,2.84954,28.998932,4,3.4335,2.178816,63.457579,2.931885,25.225445,4,3.4335,2.178816,63.457579,2.931885,25.225445,4,3.4335,2.178816,63.457579,2.931885,25.225445,2026-09-23 08:03,2026-09-23 08,40,257,2026-09-23 08:02:46,2026-09-23 08:11:43,536.761,8.946017,13.734,247,2.181955,1.7825,6.549586,300.170474,9.221093,1.150612,0.8,104.089,0.75625,37.185837,33.660592,11.959017,32.16014,43.525346,30.846328,-12.679018,-1.897721,27.498272,2,309,309,4,11.167883,2026-09-23 08:02:46,2026-09-23 09:10:12,2.196961,1.906,5.885197,267.879029,8.281836,0.98947,0.8,104.089,0.753,35.359873,31.479538,11.595809,32.793695,154,-12.80929,232,41.764518,2.248767,232,41.764518,2.248767,232,41.764518,2.248767
legacy_162,legacy,nam_mo_a_mi_tuo_fo_phase_marker_v1,self_timed_phase_locked_respiration_chant,南無阿彌陀佛,南無,阿,彌陀佛,inspiration_to_expiration_transition,interval_between_two_consecutive_same_phase_taps,2026-09-23,08:03:02,2026-09-23 08:03:02,1790125382365,420,Wed,3,8,3,2,,chant,breath_chant_cycle,1,,1,,false,,,,0,6,161,6,2026-09-23_S01,1,6,0,2.051,2.051,29.254022,-4.009,4.009,-66.155116,19.353032,1,protocol_valid,3,3.415,2.291013,67.086767,3.967717,22.423742,5,3.157,1.985621,62.895817,3.234963,26.03116,5,3.157,1.985621,62.895817,3.234963,26.03116,5,3.157,1.985621,62.895817,3.234963,26.03116,2026-09-23 08:03,2026-09-23 08,40,257,2026-09-23 08:02:46,2026-09-23 08:11:43,536.761,8.946017,15.785,247,2.181955,1.7825,6.549586,300.170474,9.221093,1.150612,0.8,104.089,0.75625,37.185837,33.660592,11.959017,32.16014,43.525346,30.846328,-12.679018,-1.897721,27.498272,2,309,309,4,11.167883,2026-09-23 08:02:46,2026-09-23 09:10:12,2.196961,1.906,5.885197,267.879029,8.281836,0.98947,0.8,104.089,0.753,35.359873,31.479538,11.595809,32.793695,154,-12.80929,232,41.764518,2.248767,232,41.764518,2.248767,232,41.764518,2.248767
legacy_163,legacy,nam_mo_a_mi_tuo_fo_phase_marker_v1,self_timed_phase_locked_respiration_chant,南無阿彌陀佛,南無,阿,彌陀佛,inspiration_to_expiration_transition,interval_between_two_consecutive_same_phase_taps,2026-09-23,08:03:03,2026-09-23 08:03:03,1790125383718,420,Wed,3,8,3,3,,chant,breath_chant_cycle,1,,1,,false,,,,0,7,162,7,2026-09-23_S01,1,7,0,1.353,1.353,44.345898,-0.698,0.698,-34.032179,15.091876,1,protocol_valid,3,3.154667,2.540182,80.521393,2.877437,27.833637,5,2.5646,1.99559,77.812932,2.863522,32.119343,6,2.856333,1.922643,67.311567,2.910228,29.083616,6,2.856333,1.922643,67.311567,2.910228,29.083616,2026-09-23 08:03,2026-09-23 08,40,257,2026-09-23 08:02:46,2026-09-23 08:11:43,536.761,8.946017,17.138,247,2.181955,1.7825,6.549586,300.170474,9.221093,1.150612,0.8,104.089,0.75625,37.185837,33.660592,11.959017,32.16014,43.525346,30.846328,-12.679018,-1.897721,27.498272,2,309,309,4,11.167883,2026-09-23 08:02:46,2026-09-23 09:10:12,2.196961,1.906,5.885197,267.879029,8.281836,0.98947,0.8,104.089,0.753,35.359873,31.479538,11.595809,32.793695,154,-12.80929,232,41.764518,2.248767,232,41.764518,2.248767,232,41.764518,2.248767
legacy_164,legacy,nam_mo_a_mi_tuo_fo_phase_marker_v1,self_timed_phase_locked_respiration_chant,南無阿彌陀佛,南無,阿,彌陀佛,inspiration_to_expiration_transition,interval_between_two_consecutive_same_phase_taps,2026-09-23,08:03:05,2026-09-23 08:03:05,1790125385469,420,Wed,3,8,3,5,,chant,breath_chant_cycle,1,,1,,false,,,,0,8,163,8,2026-09-23_S01,1,8,0,1.751,1.751,34.266134,0.398,0.398,29.416112,-10.079764,1,protocol_valid,3,1.718333,0.350145,20.376997,0.568158,35.955351,5,2.6698,1.91974,71.905761,2.834218,29.176652,7,2.698429,1.804162,66.859722,2.661627,29.823976,7,2.698429,1.804162,66.859722,2.661627,29.823976,2026-09-23 08:03,2026-09-23 08,40,257,2026-09-23 08:02:46,2026-09-23 08:11:43,536.761,8.946017,18.889,247,2.181955,1.7825,6.549586,300.170474,9.221093,1.150612,0.8,104.089,0.75625,37.185837,33.660592,11.959017,32.16014,43.525346,30.846328,-12.679018,-1.897721,27.498272,2,309,309,4,11.167883,2026-09-23 08:02:46,2026-09-23 09:10:12,2.196961,1.906,5.885197,267.879029,8.281836,0.98947,0.8,104.089,0.753,35.359873,31.479538,11.595809,32.793695,154,-12.80929,232,41.764518,2.248767,232,41.764518,2.248767,232,41.764518,2.248767
legacy_165,legacy,nam_mo_a_mi_tuo_fo_phase_marker_v1,self_timed_phase_locked_respiration_chant,南無阿彌陀佛,南無,阿,彌陀佛,inspiration_to_expiration_transition,interval_between_two_consecutive_same_phase_taps,2026-09-23,08:03:07,2026-09-23 08:03:07,1790125387220,420,Wed,3,8,3,7,,chant,breath_chant_cycle,1,,1,,false,,,,0,9,164,9,2026-09-23_S01,1,9,0,1.751,1.751,34.266134,0,0,0,0,1,protocol_valid,3,1.618333,0.229785,14.198892,0.281428,37.626055,5,2.5932,1.953803,75.343311,2.044364,30.406636,8,2.58,1.703585,66.030435,2.464188,30.379246,8,2.58,1.703585,66.030435,2.464188,30.379246,2026-09-23 08:03,2026-09-23 08,40,257,2026-09-23 08:02:46,2026-09-23 08:11:43,536.761,8.946017,20.64,247,2.181955,1.7825,6.549586,300.170474,9.221093,1.150612,0.8,104.089,0.75625,37.185837,33.660592,11.959017,32.16014,43.525346,30.846328,-12.679018,-1.897721,27.498272,2,309,309,4,11.167883,2026-09-23 08:02:46,2026-09-23 09:10:12,2.196961,1.906,5.885197,267.879029,8.281836,0.98947,0.8,104.089,0.753,35.359873,31.479538,11.595809,32.793695,154,-12.80929,232,41.764518,2.248767,232,41.764518,2.248767,232,41.764518,2.248767
legacy_166,legacy,nam_mo_a_mi_tuo_fo_phase_marker_v1,self_timed_phase_locked_respiration_chant,南無阿彌陀佛,南無,阿,彌陀佛,inspiration_to_expiration_transition,interval_between_two_consecutive_same_phase_taps,2026-09-23,08:03:08,2026-09-23 08:03:08,1790125388602,420,Wed,3,8,3,8,,chant,breath_chant_cycle,1,,1,,false,,,,0,10,165,10,2026-09-23_S01,1,10,0,1.382,1.382,43.41534,-0.369,0.369,-21.073672,9.149206,1,protocol_valid,3,1.628,0.213042,13.086133,0.260922,37.315869,5,1.6576,0.291953,17.61302,0.442089,37.109506,9,2.446889,1.642831,67.139591,2.308725,31.827701,9,2.446889,1.642831,67.139591,2.308725,31.827701,2026-09-23 08:03,2026-09-23 08,40,257,2026-09-23 08:02:46,2026-09-23 08:11:43,536.761,8.946017,22.022,247,2.181955,1.7825,6.549586,300.170474,9.221093,1.150612,0.8,104.089,0.75625,37.185837,33.660592,11.959017,32.16014,43.525346,30.846328,-12.679018,-1.897721,27.498272,2,309,309,4,11.167883,2026-09-23 08:02:46,2026-09-23 09:10:12,2.196961,1.906,5.885197,267.879029,8.281836,0.98947,0.8,104.089,0.753,35.359873,31.479538,11.595809,32.793695,154,-12.80929,232,41.764518,2.248767,232,41.764518,2.248767,232,41.764518,2.248767
legacy_167,legacy,nam_mo_a_mi_tuo_fo_phase_marker_v1,self_timed_phase_locked_respiration_chant,南無阿彌陀佛,南無,阿,彌陀佛,inspiration_to_expiration_transition,interval_between_two_consecutive_same_phase_taps,2026-09-23,08:03:09,2026-09-23 08:03:09,1790125389972,420,Wed,3,8,3,9,,chant,breath_chant_cycle,1,,1,,false,,,,0,11,166,11,2026-09-23_S01,1,11,0,1.37,1.37,43.79562,-0.012,0.012,-0.868307,0.38028,1,protocol_valid,3,1.501,0.216589,14.429678,0.26106,40.492365,5,1.5214,0.209848,13.793104,0.271436,40.017825,10,2.3392,1.585871,67.795434,2.176691,33.024493,10,2.3392,1.585871,67.795434,2.176691,33.024493,2026-09-23 08:03,2026-09-23 08,40,257,2026-09-23 08:02:46,2026-09-23 08:11:43,536.761,8.946017,23.392,247,2.181955,1.7825,6.549586,300.170474,9.221093,1.150612,0.8,104.089,0.75625,37.185837,33.660592,11.959017,32.16014,43.525346,30.846328,-12.679018,-1.897721,27.498272,2,309,309,4,11.167883,2026-09-23 08:02:46,2026-09-23 09:10:12,2.196961,1.906,5.885197,267.879029,8.281836,0.98947,0.8,104.089,0.753,35.359873,31.479538,11.595809,32.793695,154,-12.80929,232,41.764518,2.248767,232,41.764518,2.248767,232,41.764518,2.248767
legacy_168,legacy,nam_mo_a_mi_tuo_fo_phase_marker_v1,self_timed_phase_locked_respiration_chant,南無阿彌陀佛,南無,阿,彌陀佛,inspiration_to_expiration_transition,interval_between_two_consecutive_same_phase_taps,2026-09-23,08:03:11,2026-09-23 08:03:11,1790125391023,420,Wed,3,8,3,11,,chant,breath_chant_cycle,1,,1,,false,,,,0,12,167,12,2026-09-23_S01,1,12,0,1.051,1.051,57.088487,-0.319,0.319,-23.284672,13.292867,1,protocol_valid,3,1.267667,0.187735,14.809472,0.225727,48.099816,5,1.461,0.296151,20.270441,0.24396,42.566343,10,2.0128,1.465347,72.801427,1.920518,37.342843,11,2.222091,1.553817,69.9259,2.067453,35.212129,2026-09-23 08:03,2026-09-23 08,40,257,2026-09-23 08:02:46,2026-09-23 08:11:43,536.761,8.946017,24.443,247,2.181955,1.7825,6.549586,300.170474,9.221093,1.150612,0.8,104.089,0.75625,37.185837,33.660592,11.959017,32.16014,43.525346,30.846328,-12.679018,-1.897721,27.498272,2,309,309,4,11.167883,2026-09-23 08:02:46,2026-09-23 09:10:12,2.196961,1.906,5.885197,267.879029,8.281836,0.98947,0.8,104.089,0.753,35.359873,31.479538,11.595809,32.793695,154,-12.80929,232,41.764518,2.248767,232,41.764518,2.248767,232,41.764518,2.248767
legacy_169,legacy,nam_mo_a_mi_tuo_fo_phase_marker_v1,self_timed_phase_locked_respiration_chant,南無阿彌陀佛,南無,阿,彌陀佛,inspiration_to_expiration_transition,interval_between_two_consecutive_same_phase_taps,2026-09-23,08:03:12,2026-09-23 08:03:12,1790125392424,420,Wed,3,8,3,12,,chant,breath_chant_cycle,1,,1,,false,,,,0,13,168,13,2026-09-23_S01,1,13,0,1.401,1.401,42.826552,0.35,0.35,33.301618,-14.261935,1,protocol_valid,3,1.274,0.193745,15.207588,0.334859,47.903553,5,1.391,0.247902,17.821869,0.300236,44.278427,10,2.0304,1.45586,71.703108,1.900051,36.727539,12,2.153667,1.500348,69.664816,1.974062,35.846664,2026-09-23 08:03,2026-09-23 08,40,257,2026-09-23 08:02:46,2026-09-23 08:11:43,536.761,8.946017,25.844,247,2.181955,1.7825,6.549586,300.170474,9.221093,1.150612,0.8,104.089,0.75625,37.185837,33.660592,11.959017,32.16014,43.525346,30.846328,-12.679018,-1.897721,27.498272,2,309,309,4,11.167883,2026-09-23 08:02:46,2026-09-23 09:10:12,2.196961,1.906,5.885197,267.879029,8.281836,0.98947,0.8,104.089,0.753,35.359873,31.479538,11.595809,32.793695,154,-12.80929,232,41.764518,2.248767,232,41.764518,2.248767,232,41.764518,2.248767
legacy_170,legacy,nam_mo_a_mi_tuo_fo_phase_marker_v1,self_timed_phase_locked_respiration_chant,南無阿彌陀佛,南無,阿,彌陀佛,inspiration_to_expiration_transition,interval_between_two_consecutive_same_phase_taps,2026-09-23,08:03:14,2026-09-23 08:03:14,1790125394576,420,Wed,3,8,3,14,,chant,breath_chant_cycle,1,,1,,false,,,,0,14,169,14,2026-09-23_S01,1,14,0,2.152,2.152,27.881041,0.751,0.751,53.604568,-14.945512,1,protocol_valid,3,1.534667,0.562539,36.655464,0.585876,42.598694,5,1.4712,0.40718,27.676739,0.443961,43.001408,10,2.0322,1.456013,71.647148,1.40009,36.704022,13,2.153538,1.436474,66.702957,1.902413,35.233924,2026-09-23 08:03,2026-09-23 08,40,257,2026-09-23 08:02:46,2026-09-23 08:11:43,536.761,8.946017,27.996,247,2.181955,1.7825,6.549586,300.170474,9.221093,1.150612,0.8,104.089,0.75625,37.185837,33.660592,11.959017,32.16014,43.525346,30.846328,-12.679018,-1.897721,27.498272,2,309,309,4,11.167883,2026-09-23 08:02:46,2026-09-23 09:10:12,2.196961,1.906,5.885197,267.879029,8.281836,0.98947,0.8,104.089,0.753,35.359873,31.479538,11.595809,32.793695,154,-12.80929,232,41.764518,2.248767,232,41.764518,2.248767,232,41.764518,2.248767
legacy_171,legacy,nam_mo_a_mi_tuo_fo_phase_marker_v1,self_timed_phase_locked_respiration_chant,南無阿彌陀佛,南無,阿,彌陀佛,inspiration_to_expiration_transition,interval_between_two_consecutive_same_phase_taps,2026-09-23,08:03:15,2026-09-23 08:03:15,1790125395993,420,Wed,3,8,3,15,,chant,breath_chant_cycle,1,,1,,false,,,,0,15,170,15,2026-09-23_S01,1,15,0,1.417,1.417,42.342978,-0.735,0.735,-34.154275,14.461937,1,protocol_valid,3,1.656667,0.429046,25.898139,0.743043,37.683524,5,1.4782,0.405561,27.436136,0.5763,42.786936,10,1.5679,0.346302,22.087008,0.484241,39.948221,14,2.100929,1.394087,66.355759,1.839112,35.741713,2026-09-23 08:03,2026-09-23 08,40,257,2026-09-23 08:02:46,2026-09-23 08:11:43,536.761,8.946017,29.413,247,2.181955,1.7825,6.549586,300.170474,9.221093,1.150612,0.8,104.089,0.75625,37.185837,33.660592,11.959017,32.16014,43.525346,30.846328,-12.679018,-1.897721,27.498272,2,309,309,4,11.167883,2026-09-23 08:02:46,2026-09-23 09:10:12,2.196961,1.906,5.885197,267.879029,8.281836,0.98947,0.8,104.089,0.753,35.359873,31.479538,11.595809,32.793695,154,-12.80929,232,41.764518,2.248767,232,41.764518,2.248767,232,41.764518,2.248767
legacy_172,legacy,nam_mo_a_mi_tuo_fo_phase_marker_v1,self_timed_phase_locked_respiration_chant,南無阿彌陀佛,南無,阿,彌陀佛,inspiration_to_expiration_transition,interval_between_two_consecutive_same_phase_taps,2026-09-23,08:03:17,2026-09-23 08:03:17,1790125397061,420,Wed,3,8,3,17,,chant,breath_chant_cycle,1,,1,,false,,,,0,16,171,16,2026-09-23_S01,1,16,0,1.068,1.068,56.179775,-0.349,0.349,-24.629499,13.836797,1,protocol_valid,3,1.545667,0.553336,35.799157,0.575337,42.134598,5,1.4178,0.44616,31.468469,0.58063,45.263767,10,1.4696,0.333202,22.672975,0.440328,42.640796,15,2.032067,1.369594,67.39908,1.774666,37.104251,2026-09-23 08:03,2026-09-23 08,40,257,2026-09-23 08:02:46,2026-09-23 08:11:43,536.761,8.946017,30.481,247,2.181955,1.7825,6.549586,300.170474,9.221093,1.150612,0.8,104.089,0.75625,37.185837,33.660592,11.959017,32.16014,43.525346,30.846328,-12.679018,-1.897721,27.498272,2,309,309,4,11.167883,2026-09-23 08:02:46,2026-09-23 09:10:12,2.196961,1.906,5.885197,267.879029,8.281836,0.98947,0.8,104.089,0.753,35.359873,31.479538,11.595809,32.793695,154,-12.80929,232,41.764518,2.248767,232,41.764518,2.248767,232,41.764518,2.248767
legacy_173,legacy,nam_mo_a_mi_tuo_fo_phase_marker_v1,self_timed_phase_locked_respiration_chant,南無阿彌陀佛,南無,阿,彌陀佛,inspiration_to_expiration_transition,interval_between_two_consecutive_same_phase_taps,2026-09-23,08:03:18,2026-09-23 08:03:18,1790125398379,420,Wed,3,8,3,18,,chant,breath_chant_cycle,1,,1,,false,,,,0,17,172,17,2026-09-23_S01,1,17,0,1.318,1.318,45.52352,0.25,0.25,23.40824,-10.656255,1,protocol_valid,3,1.267667,0.179862,14.188429,0.303563,48.015425,5,1.4712,0.405399,27.555698,0.567567,42.950773,10,1.4661,0.334743,22.832219,0.428057,42.758558,16,1.987438,1.335142,67.179065,1.715705,37.630455,2026-09-23 08:03,2026-09-23 08,40,257,2026-09-23 08:02:46,2026-09-23 08:11:43,536.761,8.946017,31.799,247,2.181955,1.7825,6.549586,300.170474,9.221093,1.150612,0.8,104.089,0.75625,37.185837,33.660592,11.959017,32.16014,43.525346,30.846328,-12.679018,-1.897721,27.498272,2,309,309,4,11.167883,2026-09-23 08:02:46,2026-09-23 09:10:12,2.196961,1.906,5.885197,267.879029,8.281836,0.98947,0.8,104.089,0.753,35.359873,31.479538,11.595809,32.793695,154,-12.80929,232,41.764518,2.248767,232,41.764518,2.248767,232,41.764518,2.248767
legacy_174,legacy,nam_mo_a_mi_tuo_fo_phase_marker_v1,self_timed_phase_locked_respiration_chant,南無阿彌陀佛,南無,阿,彌陀佛,inspiration_to_expiration_transition,interval_between_two_consecutive_same_phase_taps,2026-09-23,08:03:20,2026-09-23 08:03:20,1790125400581,420,Wed,3,8,3,20,,chant,breath_chant_cycle,1,,1,,false,,,,0,18,173,18,2026-09-23_S01,1,18,0,2.202,2.202,27.247956,0.884,0.884,67.07132,-18.275564,1,protocol_valid,3,1.529333,0.595806,38.958574,0.649598,42.983751,5,1.6314,0.514348,31.528009,0.613592,39.835054,10,1.5112,0.401181,26.547198,0.519674,42.05674,17,2.000059,1.293793,64.687728,1.67586,37.01972,2026-09-23 08:03,2026-09-23 08,40,257,2026-09-23 08:02:46,2026-09-23 08:11:43,536.761,8.946017,34.001,247,2.181955,1.7825,6.549586,300.170474,9.221093,1.150612,0.8,104.089,0.75625,37.185837,33.660592,11.959017,32.16014,43.525346,30.846328,-12.679018,-1.897721,27.498272,2,309,309,4,11.167883,2026-09-23 08:02:46,2026-09-23 09:10:12,2.196961,1.906,5.885197,267.879029,8.281836,0.98947,0.8,104.089,0.753,35.359873,31.479538,11.595809,32.793695,154,-12.80929,232,41.764518,2.248767,232,41.764518,2.248767,232,41.764518,2.248767
legacy_175,legacy,nam_mo_a_mi_tuo_fo_phase_marker_v1,self_timed_phase_locked_respiration_chant,南無阿彌陀佛,南無,阿,彌陀佛,inspiration_to_expiration_transition,interval_between_two_consecutive_same_phase_taps,2026-09-23,08:03:21,2026-09-23 08:03:21,1790125401698,420,Wed,3,8,3,21,,chant,breath_chant_cycle,1,,1,,false,,,,0,19,174,19,2026-09-23_S01,1,19,0,1.117,1.117,53.715309,-1.085,1.085,-49.273388,26.467352,1,protocol_valid,3,1.545667,0.577218,37.344258,0.989616,42.162262,5,1.4244,0.45759,32.125082,0.731946,45.001908,10,1.4478,0.409093,28.256162,0.621076,44.001658,18,1.951,1.272304,65.212896,1.646982,37.947253,2026-09-23 08:03,2026-09-23 08,40,257,2026-09-23 08:02:46,2026-09-23 08:11:43,536.761,8.946017,35.118,247,2.181955,1.7825,6.549586,300.170474,9.221093,1.150612,0.8,104.089,0.75625,37.185837,33.660592,11.959017,32.16014,43.525346,30.846328,-12.679018,-1.897721,27.498272,2,309,309,4,11.167883,2026-09-23 08:02:46,2026-09-23 09:10:12,2.196961,1.906,5.885197,267.879029,8.281836,0.98947,0.8,104.089,0.753,35.359873,31.479538,11.595809,32.793695,154,-12.80929,232,41.764518,2.248767,232,41.764518,2.248767,232,41.764518,2.248767
legacy_176,legacy,nam_mo_a_mi_tuo_fo_phase_marker_v1,self_timed_phase_locked_respiration_chant,南無阿彌陀佛,南無,阿,彌陀佛,inspiration_to_expiration_transition,interval_between_two_consecutive_same_phase_taps,2026-09-23,08:03:22,2026-09-23 08:03:22,1790125402498,420,Wed,3,8,3,22,,chant,breath_chant_cycle,1,,1,,false,,,,0,20,175,20,2026-09-23_S01,1,20,0,0.8,0.8,75,-0.317,0.317,-28.379588,21.284691,1,protocol_valid,3,1.373,0.735223,53.54866,0.799285,51.987755,5,1.301,0.536478,41.235844,0.728298,51.533312,10,1.3896,0.457973,32.95719,0.629987,47.160124,19,1.890421,1.264339,66.881319,1.602321,39.897397,2026-09-23 08:03,2026-09-23 08,40,257,2026-09-23 08:02:46,2026-09-23 08:11:43,536.761,8.946017,35.918,247,2.181955,1.7825,6.549586,300.170474,9.221093,1.150612,0.8,104.089,0.75625,37.185837,33.660592,11.959017,32.16014,43.525346,30.846328,-12.679018,-1.897721,27.498272,2,309,309,4,11.167883,2026-09-23 08:02:46,2026-09-23 09:10:12,2.196961,1.906,5.885197,267.879029,8.281836,0.98947,0.8,104.089,0.753,35.359873,31.479538,11.595809,32.793695,154,-12.80929,232,41.764518,2.248767,232,41.764518,2.248767,232,41.764518,2.248767
legacy_177,legacy,nam_mo_a_mi_tuo_fo_phase_marker_v1,self_timed_phase_locked_respiration_chant,南無阿彌陀佛,南無,阿,彌陀佛,inspiration_to_expiration_transition,interval_between_two_consecutive_same_phase_taps,2026-09-23,08:03:23,2026-09-23 08:03:23,1790125403913,420,Wed,3,8,3,23,,chant,breath_chant_cycle,1,,1,,false,,,,1,0,176,21,2026-09-23_S01,1,21,0,1.415,1.415,42.402827,0.615,0.615,76.875,-32.597173,1,protocol_valid,3,1.110667,0.307549,27.690478,0.489241,57.039379,5,1.3704,0.521023,38.019799,0.780608,48.777923,10,1.3941,0.45798,32.851317,0.653913,47.020845,20,1.86665,1.2352,66.172016,1.565954,40.022669,2026-09-23 08:03,2026-09-23 08,40,257,2026-09-23 08:02:46,2026-09-23 08:11:43,536.761,8.946017,37.333,247,2.181955,1.7825,6.549586,300.170474,9.221093,1.150612,0.8,104.089,0.75625,37.185837,33.660592,11.959017,32.16014,43.525346,30.846328,-12.679018,-1.897721,27.498272,2,309,309,4,11.167883,2026-09-23 08:02:46,2026-09-23 09:10:12,2.196961,1.906,5.885197,267.879029,8.281836,0.98947,0.8,104.089,0.753,35.359873,31.479538,11.595809,32.793695,154,-12.80929,232,41.764518,2.248767,232,41.764518,2.248767,232,41.764518,2.248767
legacy_178,legacy,nam_mo_a_mi_tuo_fo_phase_marker_v1,self_timed_phase_locked_respiration_chant,南無阿彌陀佛,南無,阿,彌陀佛,inspiration_to_expiration_transition,interval_between_two_consecutive_same_phase_taps,2026-09-23,08:03:26,2026-09-23 08:03:26,1790125406146,420,Wed,3,8,3,26,,chant,breath_chant_cycle,1,,1,,false,,,,1,1,177,22,2026-09-23_S01,1,22,0,2.233,2.233,26.869682,0.818,0.818,57.809187,-15.533145,1,protocol_valid,3,1.482667,0.718892,48.48645,0.723654,48.090836,5,1.5534,0.644156,41.467508,0.762408,45.047155,10,1.5123,0.509252,33.67399,0.698812,43.998964,21,1.884095,1.206575,64.040038,1.537224,39.396336,2026-09-23 08:03,2026-09-23 08,40,257,2026-09-23 08:02:46,2026-09-23 08:11:43,536.761,8.946017,39.566,247,2.181955,1.7825,6.549586,300.170474,9.221093,1.150612,0.8,104.089,0.75625,37.185837,33.660592,11.959017,32.16014,43.525346,30.846328,-12.679018,-1.897721,27.498272,2,309,309,4,11.167883,2026-09-23 08:02:46,2026-09-23 09:10:12,2.196961,1.906,5.885197,267.879029,8.281836,0.98947,0.8,104.089,0.753,35.359873,31.479538,11.595809,32.793695,154,-12.80929,232,41.764518,2.248767,232,41.764518,2.248767,232,41.764518,2.248767
legacy_179,legacy,nam_mo_a_mi_tuo_fo_phase_marker_v1,self_timed_phase_locked_respiration_chant,南無阿彌陀佛,南無,阿,彌陀佛,inspiration_to_expiration_transition,interval_between_two_consecutive_same_phase_taps,2026-09-23,08:03:27,2026-09-23 08:03:27,1790125407367,420,Wed,3,8,3,27,,chant,breath_chant_cycle,1,,1,,false,,,,1,2,178,23,2026-09-23_S01,1,23,0,1.221,1.221,49.140049,-1.012,1.012,-45.320197,22.270367,1,protocol_valid,3,1.623,0.537107,33.093473,0.920127,39.470853,5,1.3572,0.537839,39.628602,0.736882,49.425573,10,1.4943,0.516749,34.58133,0.734483,44.630314,21,1.736762,1.076825,62.00186,1.391711,41.074196,2026-09-23 08:03,2026-09-23 08,40,257,2026-09-23 08:02:46,2026-09-23 08:11:43,536.761,8.946017,40.787,247,2.181955,1.7825,6.549586,300.170474,9.221093,1.150612,0.8,104.089,0.75625,37.185837,33.660592,11.959017,32.16014,43.525346,30.846328,-12.679018,-1.897721,27.498272,2,309,309,4,11.167883,2026-09-23 08:02:46,2026-09-23 09:10:12,2.196961,1.906,5.885197,267.879029,8.281836,0.98947,0.8,104.089,0.753,35.359873,31.479538,11.595809,32.793695,154,-12.80929,232,41.764518,2.248767,232,41.764518,2.248767,232,41.764518,2.248767
legacy_180,legacy,nam_mo_a_mi_tuo_fo_phase_marker_v1,self_timed_phase_locked_respiration_chant,南無阿彌陀佛,南無,阿,彌陀佛,inspiration_to_expiration_transition,interval_between_two_consecutive_same_phase_taps,2026-09-23,08:03:28,2026-09-23 08:03:28,1790125408333,420,Wed,3,8,3,28,,chant,breath_chant_cycle,1,,1,,false,,,,1,3,179,24,2026-09-23_S01,1,24,0,0.966,0.966,62.111801,-0.255,0.255,-20.884521,12.971752,1,protocol_valid,3,1.473333,0.670132,45.484044,0.73796,46.040511,5,1.327,0.55854,42.0904,0.730842,51.104872,10,1.3757,0.484096,35.189031,0.697614,48.05339,21,1.724429,1.084436,62.886658,1.377969,41.69954,2026-09-23 08:03,2026-09-23 08,40,257,2026-09-23 08:02:46,2026-09-23 08:11:43,536.761,8.946017,41.753,247,2.181955,1.7825,6.549586,300.170474,9.221093,1.150612,0.8,104.089,0.75625,37.185837,33.660592,11.959017,32.16014,43.525346,30.846328,-12.679018,-1.897721,27.498272,2,309,309,4,11.167883,2026-09-23 08:02:46,2026-09-23 09:10:12,2.196961,1.906,5.885197,267.879029,8.281836,0.98947,0.8,104.089,0.753,35.359873,31.479538,11.595809,32.793695,154,-12.80929,232,41.764518,2.248767,232,41.764518,2.248767,232,41.764518,2.248767
legacy_181,legacy,nam_mo_a_mi_tuo_fo_phase_marker_v1,self_timed_phase_locked_respiration_chant,南無阿彌陀佛,南無,阿,彌陀佛,inspiration_to_expiration_transition,interval_between_two_consecutive_same_phase_taps,2026-09-23,08:03:29,2026-09-23 08:03:29,1790125409445,420,Wed,3,8,3,29,,chant,breath_chant_cycle,1,,1,,false,,,,1,4,180,25,2026-09-23_S01,1,25,0,1.112,1.112,53.956835,0.146,0.146,15.113872,-8.154967,1,protocol_valid,3,1.099667,0.127947,11.635035,0.207775,55.069562,5,1.3894,0.499223,35.930812,0.66701,46.896239,10,1.3452,0.490766,36.482789,0.689565,49.214775,21,1.675762,1.088062,64.929407,1.062633,42.930045,2026-09-23 08:03,2026-09-23 08,40,257,2026-09-23 08:02:46,2026-09-23 08:11:43,536.761,8.946017,42.865,247,2.181955,1.7825,6.549586,300.170474,9.221093,1.150612,0.8,104.089,0.75625,37.185837,33.660592,11.959017,32.16014,43.525346,30.846328,-12.679018,-1.897721,27.498272,2,309,309,4,11.167883,2026-09-23 08:02:46,2026-09-23 09:10:12,2.196961,1.906,5.885197,267.879029,8.281836,0.98947,0.8,104.089,0.753,35.359873,31.479538,11.595809,32.793695,154,-12.80929,232,41.764518,2.248767,232,41.764518,2.248767,232,41.764518,2.248767
legacy_182,legacy,nam_mo_a_mi_tuo_fo_phase_marker_v1,self_timed_phase_locked_respiration_chant,南無阿彌陀佛,南無,阿,彌陀佛,inspiration_to_expiration_transition,interval_between_two_consecutive_same_phase_taps,2026-09-23,08:03:31,2026-09-23 08:03:31,1790125411494,420,Wed,3,8,3,31,,chant,breath_chant_cycle,1,,1,,false,,,,1,5,181,26,2026-09-23_S01,1,26,0,2.049,2.049,29.282577,0.937,0.937,84.26259,-24.674258,1,protocol_valid,3,1.375667,0.587675,42.719314,0.670554,48.450404,5,1.5162,0.581145,38.329057,0.705063,44.272189,10,1.4433,0.525983,36.44309,0.752402,46.525056,21,1.484762,0.437564,29.47034,0.607852,43.852978,2026-09-23 08:03,2026-09-23 08,40,257,2026-09-23 08:02:46,2026-09-23 08:11:43,536.761,8.946017,44.914,247,2.181955,1.7825,6.549586,300.170474,9.221093,1.150612,0.8,104.089,0.75625,37.185837,33.660592,11.959017,32.16014,43.525346,30.846328,-12.679018,-1.897721,27.498272,2,309,309,4,11.167883,2026-09-23 08:02:46,2026-09-23 09:10:12,2.196961,1.906,5.885197,267.879029,8.281836,0.98947,0.8,104.089,0.753,35.359873,31.479538,11.595809,32.793695,154,-12.80929,232,41.764518,2.248767,232,41.764518,2.248767,232,41.764518,2.248767
legacy_183,legacy,nam_mo_a_mi_tuo_fo_phase_marker_v1,self_timed_phase_locked_respiration_chant,南無阿彌陀佛,南無,阿,彌陀佛,inspiration_to_expiration_transition,interval_between_two_consecutive_same_phase_taps,2026-09-23,08:03:32,2026-09-23 08:03:32,1790125412928,420,Wed,3,8,3,32,,chant,breath_chant_cycle,1,,1,,false,,,,1,6,182,27,2026-09-23_S01,1,27,0,1.434,1.434,41.841004,-0.615,0.615,-30.014641,12.558427,1,protocol_valid,3,1.531667,0.476074,31.082081,0.792526,41.693472,5,1.3564,0.423141,31.195886,0.579339,47.266453,10,1.4549,0.524189,36.029197,0.722014,46.156804,21,1.455381,0.417916,28.715228,0.603353,44.452358,2026-09-23 08:03,2026-09-23 08,40,257,2026-09-23 08:02:46,2026-09-23 08:11:43,536.761,8.946017,46.348,247,2.181955,1.7825,6.549586,300.170474,9.221093,1.150612,0.8,104.089,0.75625,37.185837,33.660592,11.959017,32.16014,43.525346,30.846328,-12.679018,-1.897721,27.498272,2,309,309,4,11.167883,2026-09-23 08:02:46,2026-09-23 09:10:12,2.196961,1.906,5.885197,267.879029,8.281836,0.98947,0.8,104.089,0.753,35.359873,31.479538,11.595809,32.793695,154,-12.80929,232,41.764518,2.248767,232,41.764518,2.248767,232,41.764518,2.248767
legacy_184,legacy,nam_mo_a_mi_tuo_fo_phase_marker_v1,self_timed_phase_locked_respiration_chant,南無阿彌陀佛,南無,阿,彌陀佛,inspiration_to_expiration_transition,interval_between_two_consecutive_same_phase_taps,2026-09-23,08:03:34,2026-09-23 08:03:34,1790125414079,420,Wed,3,8,3,34,,chant,breath_chant_cycle,1,,1,,false,,,,1,7,183,28,2026-09-23_S01,1,28,0,1.151,1.151,52.128584,-0.283,0.283,-19.735007,10.28758,1,protocol_valid,3,1.544667,0.459115,29.722576,0.478703,41.084055,5,1.3424,0.429846,32.020685,0.58258,47.86416,10,1.3498,0.459069,34.010172,0.631982,48.644867,21,1.445762,0.422688,29.236328,0.600099,44.822962,2026-09-23 08:03,2026-09-23 08,40,257,2026-09-23 08:02:46,2026-09-23 08:11:43,536.761,8.946017,47.499,247,2.181955,1.7825,6.549586,300.170474,9.221093,1.150612,0.8,104.089,0.75625,37.185837,33.660592,11.959017,32.16014,43.525346,30.846328,-12.679018,-1.897721,27.498272,2,309,309,4,11.167883,2026-09-23 08:02:46,2026-09-23 09:10:12,2.196961,1.906,5.885197,267.879029,8.281836,0.98947,0.8,104.089,0.753,35.359873,31.479538,11.595809,32.793695,154,-12.80929,232,41.764518,2.248767,232,41.764518,2.248767,232,41.764518,2.248767
legacy_185,legacy,nam_mo_a_mi_tuo_fo_phase_marker_v1,self_timed_phase_locked_respiration_chant,南無阿彌陀佛,南無,阿,彌陀佛,inspiration_to_expiration_transition,interval_between_two_consecutive_same_phase_taps,2026-09-23,08:03:35,2026-09-23 08:03:35,1790125415330,420,Wed,3,8,3,35,,chant,breath_chant_cycle,1,,1,,false,,,,1,8,184,29,2026-09-23_S01,1,29,0,1.251,1.251,47.961631,0.1,0.1,8.688097,-4.166953,1,protocol_valid,3,1.278667,0.143514,11.22374,0.212237,47.310406,5,1.3994,0.383895,27.432822,0.580147,45.034126,10,1.3632,0.45344,33.262921,0.623976,48.069499,21,1.421952,0.418698,29.445267,0.600516,45.475129,2026-09-23 08:03,2026-09-23 08,40,257,2026-09-23 08:02:46,2026-09-23 08:11:43,536.761,8.946017,48.75,247,2.181955,1.7825,6.549586,300.170474,9.221093,1.150612,0.8,104.089,0.75625,37.185837,33.660592,11.959017,32.16014,43.525346,30.846328,-12.679018,-1.897721,27.498272,2,309,309,4,11.167883,2026-09-23 08:02:46,2026-09-23 09:10:12,2.196961,1.906,5.885197,267.879029,8.281836,0.98947,0.8,104.089,0.753,35.359873,31.479538,11.595809,32.793695,154,-12.80929,232,41.764518,2.248767,232,41.764518,2.248767,232,41.764518,2.248767
legacy_186,legacy,nam_mo_a_mi_tuo_fo_phase_marker_v1,self_timed_phase_locked_respiration_chant,南無阿彌陀佛,南無,阿,彌陀佛,inspiration_to_expiration_transition,interval_between_two_consecutive_same_phase_taps,2026-09-23,08:03:37,2026-09-23 08:03:37,1790125417382,420,Wed,3,8,3,37,,chant,breath_chant_cycle,1,,1,,false,,,,1,9,185,30,2026-09-23_S01,1,30,0,2.052,2.052,29.239766,0.801,0.801,64.028777,-18.721865,1,protocol_valid,3,1.484667,0.493863,33.264212,0.570789,43.109994,5,1.5874,0.434761,27.388257,0.526763,40.090712,10,1.4884,0.453501,30.46906,0.647001,43.493476,21,1.436286,0.435346,30.310565,0.621201,45.235778,2026-09-23 08:03,2026-09-23 08,40,257,2026-09-23 08:02:46,2026-09-23 08:11:43,536.761,8.946017,50.802,247,2.181955,1.7825,6.549586,300.170474,9.221093,1.150612,0.8,104.089,0.75625,37.185837,33.660592,11.959017,32.16014,43.525346,30.846328,-12.679018,-1.897721,27.498272,2,309,309,4,11.167883,2026-09-23 08:02:46,2026-09-23 09:10:12,2.196961,1.906,5.885197,267.879029,8.281836,0.98947,0.8,104.089,0.753,35.359873,31.479538,11.595809,32.793695,154,-12.80929,232,41.764518,2.248767,232,41.764518,2.248767,232,41.764518,2.248767
legacy_187,legacy,nam_mo_a_mi_tuo_fo_phase_marker_v1,self_timed_phase_locked_respiration_chant,南無阿彌陀佛,南無,阿,彌陀佛,inspiration_to_expiration_transition,interval_between_two_consecutive_same_phase_taps,2026-09-23,08:03:38,2026-09-23 08:03:38,1790125418584,420,Wed,3,8,3,38,,chant,breath_chant_cycle,1,,1,,false,,,,1,10,186,31,2026-09-23_S01,1,31,0,1.202,1.202,49.916805,-0.85,0.85,-41.423002,20.677039,1,protocol_valid,3,1.501667,0.477232,31.780152,0.825863,42.372734,5,1.418,0.370151,26.103713,0.602949,44.217558,10,1.4671,0.46225,31.507715,0.651568,44.244873,21,1.427714,0.438231,30.694587,0.649622,45.545371,2026-09-23 08:03,2026-09-23 08,40,257,2026-09-23 08:02:46,2026-09-23 08:11:43,536.761,8.946017,52.004,247,2.181955,1.7825,6.549586,300.170474,9.221093,1.150612,0.8,104.089,0.75625,37.185837,33.660592,11.959017,32.16014,43.525346,30.846328,-12.679018,-1.897721,27.498272,2,309,309,4,11.167883,2026-09-23 08:02:46,2026-09-23 09:10:12,2.196961,1.906,5.885197,267.879029,8.281836,0.98947,0.8,104.089,0.753,35.359873,31.479538,11.595809,32.793695,154,-12.80929,232,41.764518,2.248767,232,41.764518,2.248767,232,41.764518,2.248767
legacy_188,legacy,nam_mo_a_mi_tuo_fo_phase_marker_v1,self_timed_phase_locked_respiration_chant,南無阿彌陀佛,南無,阿,彌陀佛,inspiration_to_expiration_transition,interval_between_two_consecutive_same_phase_taps,2026-09-23,08:03:39,2026-09-23 08:03:39,1790125419718,420,Wed,3,8,3,39,,chant,breath_chant_cycle,1,,1,,false,,,,1,11,187,32,2026-09-23_S01,1,32,0,1.134,1.134,52.910053,-0.068,0.068,-5.657238,2.993248,1,protocol_valid,3,1.462667,0.511509,34.970981,0.602961,44.022208,5,1.358,0.390655,28.766953,0.587096,46.431368,10,1.3572,0.383934,28.288659,0.557908,46.84891,21,1.416476,0.442787,31.259783,0.645873,45.979392,2026-09-23 08:03,2026-09-23 08,40,257,2026-09-23 08:02:46,2026-09-23 08:11:43,536.761,8.946017,53.138,247,2.181955,1.7825,6.549586,300.170474,9.221093,1.150612,0.8,104.089,0.75625,37.185837,33.660592,11.959017,32.16014,43.525346,30.846328,-12.679018,-1.897721,27.498272,2,309,309,4,11.167883,2026-09-23 08:02:46,2026-09-23 09:10:12,2.196961,1.906,5.885197,267.879029,8.281836,0.98947,0.8,104.089,0.753,35.359873,31.479538,11.595809,32.793695,154,-12.80929,232,41.764518,2.248767,232,41.764518,2.248767,232,41.764518,2.248767
legacy_189,legacy,nam_mo_a_mi_tuo_fo_phase_marker_v1,self_timed_phase_locked_respiration_chant,南無阿彌陀佛,南無,阿,彌陀佛,inspiration_to_expiration_transition,interval_between_two_consecutive_same_phase_taps,2026-09-23,08:03:41,2026-09-23 08:03:41,1790125421101,420,Wed,3,8,3,41,,chant,breath_chant_cycle,1,,1,,false,,,,1,12,188,33,2026-09-23_S01,1,33,0,1.383,1.383,43.383948,0.249,0.249,21.957672,-9.526105,1,protocol_valid,3,1.239667,0.128702,10.382025,0.182517,48.736935,5,1.4044,0.373315,26.581834,0.598065,44.682441,10,1.3734,0.380954,27.738053,0.557606,46.2733,21,1.432286,0.434943,30.367072,0.643527,45.326795,2026-09-23 08:03,2026-09-23 08,40,257,2026-09-23 08:02:46,2026-09-23 08:11:43,536.761,8.946017,54.521,247,2.181955,1.7825,6.549586,300.170474,9.221093,1.150612,0.8,104.089,0.75625,37.185837,33.660592,11.959017,32.16014,43.525346,30.846328,-12.679018,-1.897721,27.498272,2,309,309,4,11.167883,2026-09-23 08:02:46,2026-09-23 09:10:12,2.196961,1.906,5.885197,267.879029,8.281836,0.98947,0.8,104.089,0.753,35.359873,31.479538,11.595809,32.793695,154,-12.80929,232,41.764518,2.248767,232,41.764518,2.248767,232,41.764518,2.248767
legacy_190,legacy,nam_mo_a_mi_tuo_fo_phase_marker_v1,self_timed_phase_locked_respiration_chant,南無阿彌陀佛,南無,阿,彌陀佛,inspiration_to_expiration_transition,interval_between_two_consecutive_same_phase_taps,2026-09-23,08:03:42,2026-09-23 08:03:42,1790125422802,420,Wed,3,8,3,42,,chant,breath_chant_cycle,1,,1,,false,,,,1,13,189,34,2026-09-23_S01,1,34,0,1.701,1.701,35.273369,0.318,0.318,22.993492,-8.110579,1,protocol_valid,3,1.406,0.284199,20.213291,0.285591,43.85579,5,1.4944,0.381247,25.511713,0.471765,42.144788,10,1.4469,0.364152,25.167746,0.565502,43.589457,21,1.446571,0.438774,30.332007,0.625286,44.96712,2026-09-23 08:03,2026-09-23 08,40,257,2026-09-23 08:02:46,2026-09-23 08:11:43,536.761,8.946017,56.222,247,2.181955,1.7825,6.549586,300.170474,9.221093,1.150612,0.8,104.089,0.75625,37.185837,33.660592,11.959017,32.16014,43.525346,30.846328,-12.679018,-1.897721,27.498272,2,309,309,4,11.167883,2026-09-23 08:02:46,2026-09-23 09:10:12,2.196961,1.906,5.885197,267.879029,8.281836,0.98947,0.8,104.089,0.753,35.359873,31.479538,11.595809,32.793695,154,-12.80929,232,41.764518,2.248767,232,41.764518,2.248767,232,41.764518,2.248767
legacy_191,legacy,nam_mo_a_mi_tuo_fo_phase_marker_v1,self_timed_phase_locked_respiration_chant,南無阿彌陀佛,南無,阿,彌陀佛,inspiration_to_expiration_transition,interval_between_two_consecutive_same_phase_taps,2026-09-23,08:03:44,2026-09-23 08:03:44,1790125424020,420,Wed,3,8,3,44,,chant,breath_chant_cycle,1,,1,,false,,,,1,14,190,35,2026-09-23_S01,1,35,0,1.218,1.218,49.261084,-0.483,0.483,-28.395062,13.987715,1,protocol_valid,3,1.434,0.245506,17.120335,0.408909,42.639467,5,1.3276,0.227906,17.166793,0.316638,46.149052,10,1.4575,0.354742,24.339047,0.498158,43.119882,21,1.402095,0.410093,29.248603,0.612892,45.985217,2026-09-23 08:03,2026-09-23 08,40,257,2026-09-23 08:02:46,2026-09-23 08:11:43,536.761,8.946017,57.44,247,2.181955,1.7825,6.549586,300.170474,9.221093,1.150612,0.8,104.089,0.75625,37.185837,33.660592,11.959017,32.16014,43.525346,30.846328,-12.679018,-1.897721,27.498272,2,309,309,4,11.167883,2026-09-23 08:02:46,2026-09-23 09:10:12,2.196961,1.906,5.885197,267.879029,8.281836,0.98947,0.8,104.089,0.753,35.359873,31.479538,11.595809,32.793695,154,-12.80929,232,41.764518,2.248767,232,41.764518,2.248767,232,41.764518,2.248767
legacy_192,legacy,nam_mo_a_mi_tuo_fo_phase_marker_v1,self_timed_phase_locked_respiration_chant,南無阿彌陀佛,南無,阿,彌陀佛,inspiration_to_expiration_transition,interval_between_two_consecutive_same_phase_taps,2026-09-23,08:03:47,2026-09-23 08:03:47,1790125427234,420,Wed,3,8,3,47,,chant,breath_chant_cycle,1,,1,,false,,,,1,15,191,36,2026-09-23_S01,1,36,0,3.214,3.214,18.668326,1.996,1.996,163.875205,-30.592758,1,protocol_valid,3,2.044333,1.041351,50.938425,1.45212,34.400926,5,1.73,0.857448,49.563449,1.046474,39.899356,10,1.574,0.64397,40.912937,0.805484,42.058457,21,1.487667,0.56976,38.298918,0.754153,44.857852,2026-09-23 08:03,2026-09-23 08,40,257,2026-09-23 08:02:46,2026-09-23 08:11:43,536.761,8.946017,60.654,247,2.181955,1.7825,6.549586,300.170474,9.221093,1.150612,0.8,104.089,0.75625,37.185837,33.660592,11.959017,32.16014,43.525346,30.846328,-12.679018,-1.897721,27.498272,2,309,309,4,11.167883,2026-09-23 08:02:46,2026-09-23 09:10:12,2.196961,1.906,5.885197,267.879029,8.281836,0.98947,0.8,104.089,0.753,35.359873,31.479538,11.595809,32.793695,154,-12.80929,232,41.764518,2.248767,232,41.764518,2.248767,232,41.764518,2.248767
legacy_193,legacy,nam_mo_a_mi_tuo_fo_phase_marker_v1,self_timed_phase_locked_respiration_chant,南無阿彌陀佛,南無,阿,彌陀佛,inspiration_to_expiration_transition,interval_between_two_consecutive_same_phase_taps,2026-09-23,08:03:48,2026-09-23 08:03:48,1790125428450,420,Wed,3,8,3,48,,chant,breath_chant_cycle,1,,1,,false,,,,1,16,192,37,2026-09-23_S01,1,37,0,1.216,1.216,49.342105,-1.998,1.998,-62.165526,30.673779,1,protocol_valid,3,1.882667,1.152969,61.241267,1.997,39.090505,5,1.7464,0.843875,48.320841,1.441391,39.185766,10,1.5522,0.652864,42.060565,1.040895,42.808567,21,1.494714,0.565207,37.813701,0.87477,44.532249,2026-09-23 08:03,2026-09-23 08,40,257,2026-09-23 08:02:46,2026-09-23 08:11:43,536.761,8.946017,61.87,247,2.181955,1.7825,6.549586,300.170474,9.221093,1.150612,0.8,104.089,0.75625,37.185837,33.660592,11.959017,32.16014,43.525346,30.846328,-12.679018,-1.897721,27.498272,2,309,309,4,11.167883,2026-09-23 08:02:46,2026-09-23 09:10:12,2.196961,1.906,5.885197,267.879029,8.281836,0.98947,0.8,104.089,0.753,35.359873,31.479538,11.595809,32.793695,154,-12.80929,232,41.764518,2.248767,232,41.764518,2.248767,232,41.764518,2.248767
legacy_194,legacy,nam_mo_a_mi_tuo_fo_phase_marker_v1,self_timed_phase_locked_respiration_chant,南無阿彌陀佛,南無,阿,彌陀佛,inspiration_to_expiration_transition,interval_between_two_consecutive_same_phase_taps,2026-09-23,08:03:51,2026-09-23 08:03:51,1790125431005,420,Wed,3,8,3,51,,chant,breath_chant_cycle,1,,1,,false,,,,1,17,193,38,2026-09-23_S01,1,38,0,2.555,2.555,23.483366,1.339,1.339,110.115132,-25.858739,1,protocol_valid,3,2.328333,1.018103,43.726699,1.700724,30.497932,5,1.9808,0.87971,44.411854,1.581315,35.20565,10,1.6926,0.705818,41.70021,1.132062,39.944045,21,1.553619,0.608658,39.176774,0.903214,43.482718,2026-09-23 08:03,2026-09-23 08,40,257,2026-09-23 08:02:46,2026-09-23 08:11:43,536.761,8.946017,64.425,247,2.181955,1.7825,6.549586,300.170474,9.221093,1.150612,0.8,104.089,0.75625,37.185837,33.660592,11.959017,32.16014,43.525346,30.846328,-12.679018,-1.897721,27.498272,2,309,309,4,11.167883,2026-09-23 08:02:46,2026-09-23 09:10:12,2.196961,1.906,5.885197,267.879029,8.281836,0.98947,0.8,104.089,0.753,35.359873,31.479538,11.595809,32.793695,154,-12.80929,232,41.764518,2.248767,232,41.764518,2.248767,232,41.764518,2.248767
legacy_195,legacy,nam_mo_a_mi_tuo_fo_phase_marker_v1,self_timed_phase_locked_respiration_chant,南無阿彌陀佛,南無,阿,彌陀佛,inspiration_to_expiration_transition,interval_between_two_consecutive_same_phase_taps,2026-09-23,08:03:51,2026-09-23 08:03:51,1790125431954,420,Wed,3,8,3,51,,chant,breath_chant_cycle,1,,1,,false,,,,1,18,194,39,2026-09-23_S01,1,39,0,0.949,0.949,63.224447,-1.606,1.606,-62.857143,39.741081,1,protocol_valid,3,1.573333,0.860566,54.69701,1.478539,45.349973,5,1.8304,0.99609,54.419253,1.756999,40.795866,10,1.6624,0.732759,44.078365,1.223461,41.470327,21,1.493952,0.603311,40.383571,0.941221,45.195884,2026-09-23 08:03,2026-09-23 08,40,257,2026-09-23 08:02:46,2026-09-23 08:11:43,536.761,8.946017,65.374,247,2.181955,1.7825,6.549586,300.170474,9.221093,1.150612,0.8,104.089,0.75625,37.185837,33.660592,11.959017,32.16014,43.525346,30.846328,-12.679018,-1.897721,27.498272,2,309,309,4,11.167883,2026-09-23 08:02:46,2026-09-23 09:10:12,2.196961,1.906,5.885197,267.879029,8.281836,0.98947,0.8,104.089,0.753,35.359873,31.479538,11.595809,32.793695,154,-12.80929,232,41.764518,2.248767,232,41.764518,2.248767,232,41.764518,2.248767
legacy_196,legacy,nam_mo_a_mi_tuo_fo_phase_marker_v1,self_timed_phase_locked_respiration_chant,南無阿彌陀佛,南無,阿,彌陀佛,inspiration_to_expiration_transition,interval_between_two_consecutive_same_phase_taps,2026-09-23,08:03:53,2026-09-23 08:03:53,1790125433257,420,Wed,3,8,3,53,,chant,breath_chant_cycle,1,,1,,false,,,,1,19,195,40,2026-09-23_S01,1,40,0,1.303,1.303,46.047583,0.354,0.354,37.302424,-17.176864,1,protocol_valid,3,1.602333,0.843806,52.661106,1.162874,44.251798,5,1.8474,0.983673,53.246366,1.456835,40.153165,10,1.5875,0.726766,45.780531,1.196037,43.151109,21,1.50281,0.598849,39.848659,0.94188,44.830754,2026-09-23 08:03,2026-09-23 08,40,257,2026-09-23 08:02:46,2026-09-23 08:11:43,536.761,8.946017,66.677,247,2.181955,1.7825,6.549586,300.170474,9.221093,1.150612,0.8,104.089,0.75625,37.185837,33.660592,11.959017,32.16014,43.525346,30.846328,-12.679018,-1.897721,27.498272,2,309,309,4,11.167883,2026-09-23 08:02:46,2026-09-23 09:10:12,2.196961,1.906,5.885197,267.879029,8.281836,0.98947,0.8,104.089,0.753,35.359873,31.479538,11.595809,32.793695,154,-12.80929,232,41.764518,2.248767,232,41.764518,2.248767,232,41.764518,2.248767
legacy_197,legacy,nam_mo_a_mi_tuo_fo_phase_marker_v1,self_timed_phase_locked_respiration_chant,南無阿彌陀佛,南無,阿,彌陀佛,inspiration_to_expiration_transition,interval_between_two_consecutive_same_phase_taps,2026-09-23,08:03:55,2026-09-23 08:03:55,1790125435588,420,Wed,3,8,3,55,,chant,breath_chant_cycle,1,,1,,false,,,,1,20,196,41,2026-09-23_S01,1,41,0,2.331,2.331,25.740026,1.028,1.028,78.894858,-20.307557,1,protocol_valid,3,1.527667,0.71787,46.991272,0.768798,45.004018,5,1.6708,0.721247,43.167762,1.178374,41.567505,10,1.7004,0.74762,43.967282,1.243949,40.733431,21,1.575714,0.602194,38.217213,0.959722,42.485041,2026-09-23 08:03,2026-09-23 08,40,257,2026-09-23 08:02:46,2026-09-23 08:11:43,536.761,8.946017,69.008,247,2.181955,1.7825,6.549586,300.170474,9.221093,1.150612,0.8,104.089,0.75625,37.185837,33.660592,11.959017,32.16014,43.525346,30.846328,-12.679018,-1.897721,27.498272,2,309,309,4,11.167883,2026-09-23 08:02:46,2026-09-23 09:10:12,2.196961,1.906,5.885197,267.879029,8.281836,0.98947,0.8,104.089,0.753,35.359873,31.479538,11.595809,32.793695,154,-12.80929,232,41.764518,2.248767,232,41.764518,2.248767,232,41.764518,2.248767
legacy_198,legacy,nam_mo_a_mi_tuo_fo_phase_marker_v1,self_timed_phase_locked_respiration_chant,南無阿彌陀佛,南無,阿,彌陀佛,inspiration_to_expiration_transition,interval_between_two_consecutive_same_phase_taps,2026-09-23,08:03:56,2026-09-23 08:03:56,1790125436861,420,Wed,3,8,3,56,,chant,breath_chant_cycle,1,,1,,false,,,,2,0,197,42,2026-09-23_S01,1,42,0,1.273,1.273,47.132757,-1.058,1.058,-45.388245,21.392732,1,protocol_valid,3,1.635667,0.602363,36.826765,1.043108,39.640122,5,1.6822,0.712661,42.364799,1.104615,41.125636,10,1.7143,0.737138,42.999333,1.290308,40.155701,21,1.568952,0.60488,38.553126,0.971379,42.710276,2026-09-23 08:03,2026-09-23 08,40,257,2026-09-23 08:02:46,2026-09-23 08:11:43,536.761,8.946017,70.281,247,2.181955,1.7825,6.549586,300.170474,9.221093,1.150612,0.8,104.089,0.75625,37.185837,33.660592,11.959017,32.16014,43.525346,30.846328,-12.679018,-1.897721,27.498272,2,309,309,4,11.167883,2026-09-23 08:02:46,2026-09-23 09:10:12,2.196961,1.906,5.885197,267.879029,8.281836,0.98947,0.8,104.089,0.753,35.359873,31.479538,11.595809,32.793695,154,-12.80929,232,41.764518,2.248767,232,41.764518,2.248767,232,41.764518,2.248767
legacy_199,legacy,nam_mo_a_mi_tuo_fo_phase_marker_v1,self_timed_phase_locked_respiration_chant,南無阿彌陀佛,南無,阿,彌陀佛,inspiration_to_expiration_transition,interval_between_two_consecutive_same_phase_taps,2026-09-23,08:03:58,2026-09-23 08:03:58,1790125438075,420,Wed,3,8,3,58,,chant,breath_chant_cycle,1,,1,,false,,,,2,1,198,43,2026-09-23_S01,1,43,0,1.214,1.214,49.423394,-0.059,0.059,-4.634721,2.290636,1,protocol_valid,3,1.606,0.628561,39.138297,0.749281,40.765392,5,1.414,0.531346,37.577539,0.759102,46.313641,10,1.6974,0.747442,44.034543,1.286097,40.759646,21,1.520429,0.589626,38.78028,0.944746,43.784262,2026-09-23 08:03,2026-09-23 08,40,257,2026-09-23 08:02:46,2026-09-23 08:11:43,536.761,8.946017,71.495,247,2.181955,1.7825,6.549586,300.170474,9.221093,1.150612,0.8,104.089,0.75625,37.185837,33.660592,11.959017,32.16014,43.525346,30.846328,-12.679018,-1.897721,27.498272,2,309,309,4,11.167883,2026-09-23 08:02:46,2026-09-23 09:10:12,2.196961,1.906,5.885197,267.879029,8.281836,0.98947,0.8,104.089,0.753,35.359873,31.479538,11.595809,32.793695,154,-12.80929,232,41.764518,2.248767,232,41.764518,2.248767,232,41.764518,2.248767
legacy_200,legacy,nam_mo_a_mi_tuo_fo_phase_marker_v1,self_timed_phase_locked_respiration_chant,南無阿彌陀佛,南無,阿,彌陀佛,inspiration_to_expiration_transition,interval_between_two_consecutive_same_phase_taps,2026-09-23,08:03:59,2026-09-23 08:03:59,1790125439808,420,Wed,3,8,3,59,,chant,breath_chant_cycle,1,,1,,false,,,,2,2,199,44,2026-09-23_S01,1,44,0,1.733,1.733,34.622043,0.519,0.519,42.751236,-14.801351,1,protocol_valid,3,1.406667,0.284148,20.200126,0.369352,43.726065,5,1.5708,0.472208,30.061611,0.782462,40.59316,10,1.7006,0.747528,43.956719,1.287654,40.694513,21,1.54481,0.587207,38.01159,0.950137,43.092929,2026-09-23 08:03,2026-09-23 08,40,257,2026-09-23 08:02:46,2026-09-23 08:11:43,536.761,8.946017,73.228,247,2.181955,1.7825,6.549586,300.170474,9.221093,1.150612,0.8,104.089,0.75625,37.185837,33.660592,11.959017,32.16014,43.525346,30.846328,-12.679018,-1.897721,27.498272,2,309,309,4,11.167883,2026-09-23 08:02:46,2026-09-23 09:10:12,2.196961,1.906,5.885197,267.879029,8.281836,0.98947,0.8,104.089,0.753,35.359873,31.479538,11.595809,32.793695,154,-12.80929,232,41.764518,2.248767,232,41.764518,2.248767,232,41.764518,2.248767
legacy_201,legacy,nam_mo_a_mi_tuo_fo_phase_marker_v1,self_timed_phase_locked_respiration_chant,南無阿彌陀佛,南無,阿,彌陀佛,inspiration_to_expiration_transition,interval_between_two_consecutive_same_phase_taps,2026-09-23,08:04:01,2026-09-23 08:04:01,1790125441457,420,Wed,3,8,4,1,,chant,breath_chant_cycle,1,,1,,false,,,,2,3,200,45,2026-09-23_S01,1,45,0,1.649,1.649,36.385688,-0.084,0.084,-4.847086,1.763646,1,protocol_valid,3,1.532,0.27858,18.184095,0.371764,40.143708,5,1.64,0.447877,27.309586,0.591452,38.660782,10,1.7437,0.728802,41.796273,1.102801,39.406973,21,1.577333,0.57227,36.280842,0.949762,41.867876,2026-09-23 08:04,2026-09-23 08,47,257,2026-09-23 08:02:46,2026-09-23 08:11:43,536.761,8.946017,74.877,247,2.181955,1.7825,6.549586,300.170474,9.221093,1.150612,0.8,104.089,0.75625,37.185837,33.660592,11.959017,32.16014,43.525346,30.846328,-12.679018,-1.897721,27.498272,2,309,309,4,11.167883,2026-09-23 08:02:46,2026-09-23 09:10:12,2.196961,1.906,5.885197,267.879029,8.281836,0.98947,0.8,104.089,0.753,35.359873,31.479538,11.595809,32.793695,154,-12.80929,232,41.764518,2.248767,232,41.764518,2.248767,232,41.764518,2.248767
legacy_202,legacy,nam_mo_a_mi_tuo_fo_phase_marker_v1,self_timed_phase_locked_respiration_chant,南無阿彌陀佛,南無,阿,彌陀佛,inspiration_to_expiration_transition,interval_between_two_consecutive_same_phase_taps,2026-09-23,08:04:03,2026-09-23 08:04:03,1790125443039,420,Wed,3,8,4,3,,chant,breath_chant_cycle,1,,1,,false,,,,2,4,201,46,2026-09-23_S01,1,46,0,1.582,1.582,37.926675,-0.067,0.067,-4.063069,1.540987,1,protocol_valid,3,1.654667,0.075659,4.572481,0.075977,36.311469,5,1.4902,0.232411,15.595935,0.26664,41.098111,10,1.5805,0.514067,32.525624,0.879268,41.332808,21,1.599714,0.562264,35.147794,0.926485,41.104535,2026-09-23 08:04,2026-09-23 08,47,257,2026-09-23 08:02:46,2026-09-23 08:11:43,536.761,8.946017,76.459,247,2.181955,1.7825,6.549586,300.170474,9.221093,1.150612,0.8,104.089,0.75625,37.185837,33.660592,11.959017,32.16014,43.525346,30.846328,-12.679018,-1.897721,27.498272,2,309,309,4,11.167883,2026-09-23 08:02:46,2026-09-23 09:10:12,2.196961,1.906,5.885197,267.879029,8.281836,0.98947,0.8,104.089,0.753,35.359873,31.479538,11.595809,32.793695,154,-12.80929,232,41.764518,2.248767,232,41.764518,2.248767,232,41.764518,2.248767
legacy_203,legacy,nam_mo_a_mi_tuo_fo_phase_marker_v1,self_timed_phase_locked_respiration_chant,南無阿彌陀佛,南無,阿,彌陀佛,inspiration_to_expiration_transition,interval_between_two_consecutive_same_phase_taps,2026-09-23,08:04:04,2026-09-23 08:04:04,1790125444540,420,Wed,3,8,4,4,,chant,breath_chant_cycle,1,,1,,false,,,,2,5,202,47,2026-09-23_S01,1,47,0,1.501,1.501,39.973351,-0.081,0.081,-5.120101,2.046676,1,protocol_valid,3,1.577333,0.07411,4.698454,0.07433,38.095238,5,1.5358,0.199125,12.965545,0.26808,39.66623,10,1.609,0.499302,31.031846,0.758042,40.395933,21,1.573619,0.55301,35.142581,0.916401,41.613619,2026-09-23 08:04,2026-09-23 08,47,257,2026-09-23 08:02:46,2026-09-23 08:11:43,536.761,8.946017,77.96,247,2.181955,1.7825,6.549586,300.170474,9.221093,1.150612,0.8,104.089,0.75625,37.185837,33.660592,11.959017,32.16014,43.525346,30.846328,-12.679018,-1.897721,27.498272,2,309,309,4,11.167883,2026-09-23 08:02:46,2026-09-23 09:10:12,2.196961,1.906,5.885197,267.879029,8.281836,0.98947,0.8,104.089,0.753,35.359873,31.479538,11.595809,32.793695,154,-12.80929,232,41.764518,2.248767,232,41.764518,2.248767,232,41.764518,2.248767
legacy_204,legacy,nam_mo_a_mi_tuo_fo_phase_marker_v1,self_timed_phase_locked_respiration_chant,南無阿彌陀佛,南無,阿,彌陀佛,inspiration_to_expiration_transition,interval_between_two_consecutive_same_phase_taps,2026-09-23,08:04:06,2026-09-23 08:04:06,1790125446477,420,Wed,3,8,4,6,,chant,breath_chant_cycle,1,,1,,false,,,,2,6,203,48,2026-09-23_S01,1,48,0,1.937,1.937,30.975736,0.436,0.436,29.047302,-8.997615,1,protocol_valid,3,1.673333,0.231906,13.858917,0.313574,36.291921,5,1.6804,0.166931,9.933976,0.228146,35.976699,10,1.5472,0.396961,25.656728,0.556028,41.14517,21,1.597571,0.557535,34.89893,0.919397,41.096225,2026-09-23 08:04,2026-09-23 08,47,257,2026-09-23 08:02:46,2026-09-23 08:11:43,536.761,8.946017,79.897,247,2.181955,1.7825,6.549586,300.170474,9.221093,1.150612,0.8,104.089,0.75625,37.185837,33.660592,11.959017,32.16014,43.525346,30.846328,-12.679018,-1.897721,27.498272,2,309,309,4,11.167883,2026-09-23 08:02:46,2026-09-23 09:10:12,2.196961,1.906,5.885197,267.879029,8.281836,0.98947,0.8,104.089,0.753,35.359873,31.479538,11.595809,32.793695,154,-12.80929,232,41.764518,2.248767,232,41.764518,2.248767,232,41.764518,2.248767
legacy_205,legacy,nam_mo_a_mi_tuo_fo_phase_marker_v1,self_timed_phase_locked_respiration_chant,南無阿彌陀佛,南無,阿,彌陀佛,inspiration_to_expiration_transition,interval_between_two_consecutive_same_phase_taps,2026-09-23,08:04:07,2026-09-23 08:04:07,1790125447678,420,Wed,3,8,4,7,,chant,breath_chant_cycle,1,,1,,false,,,,2,7,204,49,2026-09-23_S01,1,49,0,1.201,1.201,49.958368,-0.736,0.736,-37.996902,18.982632,1,protocol_valid,3,1.546333,0.370088,23.933279,0.604893,40.302485,5,1.574,0.265479,16.866507,0.430941,39.043964,10,1.5724,0.36115,22.96806,0.596181,39.818562,21,1.599952,0.555636,34.728311,0.933743,40.992882,2026-09-23 08:04,2026-09-23 08,47,257,2026-09-23 08:02:46,2026-09-23 08:11:43,536.761,8.946017,81.098,247,2.181955,1.7825,6.549586,300.170474,9.221093,1.150612,0.8,104.089,0.75625,37.185837,33.660592,11.959017,32.16014,43.525346,30.846328,-12.679018,-1.897721,27.498272,2,309,309,4,11.167883,2026-09-23 08:02:46,2026-09-23 09:10:12,2.196961,1.906,5.885197,267.879029,8.281836,0.98947,0.8,104.089,0.753,35.359873,31.479538,11.595809,32.793695,154,-12.80929,232,41.764518,2.248767,232,41.764518,2.248767,232,41.764518,2.248767
legacy_206,legacy,nam_mo_a_mi_tuo_fo_phase_marker_v1,self_timed_phase_locked_respiration_chant,南無阿彌陀佛,南無,阿,彌陀佛,inspiration_to_expiration_transition,interval_between_two_consecutive_same_phase_taps,2026-09-23,08:04:08,2026-09-23 08:04:08,1790125448546,420,Wed,3,8,4,8,,chant,breath_chant_cycle,1,,1,,false,,,,2,8,205,50,2026-09-23_S01,1,50,0,0.868,0.868,69.124424,-0.333,0.333,-27.726894,19.166056,1,protocol_valid,3,1.335333,0.547014,40.964604,0.57122,50.019509,5,1.4178,0.40396,28.492032,0.460772,45.591711,10,1.5289,0.4188,27.39226,0.500332,42.126246,21,1.581714,0.573657,36.26803,0.919424,42.000634,2026-09-23 08:04,2026-09-23 08,47,257,2026-09-23 08:02:46,2026-09-23 08:11:43,536.761,8.946017,81.966,247,2.181955,1.7825,6.549586,300.170474,9.221093,1.150612,0.8,104.089,0.75625,37.185837,33.660592,11.959017,32.16014,43.525346,30.846328,-12.679018,-1.897721,27.498272,2,309,309,4,11.167883,2026-09-23 08:02:46,2026-09-23 09:10:12,2.196961,1.906,5.885197,267.879029,8.281836,0.98947,0.8,104.089,0.753,35.359873,31.479538,11.595809,32.793695,154,-12.80929,232,41.764518,2.248767,232,41.764518,2.248767,232,41.764518,2.248767
legacy_207,legacy,nam_mo_a_mi_tuo_fo_phase_marker_v1,self_timed_phase_locked_respiration_chant,南無阿彌陀佛,南無,阿,彌陀佛,inspiration_to_expiration_transition,interval_between_two_consecutive_same_phase_taps,2026-09-23,08:04:09,2026-09-23 08:04:09,1790125449415,420,Wed,3,8,4,9,,chant,breath_chant_cycle,1,,1,,false,,,,2,9,206,51,2026-09-23_S01,1,51,0,0.869,0.869,69.044879,0.001,0.001,0.115207,-0.079545,1,protocol_valid,3,0.979333,0.19197,19.602071,0.235468,62.709224,5,1.2752,0.454225,35.61989,0.458989,51.815352,10,1.3827,0.358531,25.929795,0.354907,46.456732,21,1.525381,0.583172,38.231229,0.899564,43.896116,2026-09-23 08:04,2026-09-23 08,47,257,2026-09-23 08:02:46,2026-09-23 08:11:43,536.761,8.946017,82.835,247,2.181955,1.7825,6.549586,300.170474,9.221093,1.150612,0.8,104.089,0.75625,37.185837,33.660592,11.959017,32.16014,43.525346,30.846328,-12.679018,-1.897721,27.498272,2,309,309,4,11.167883,2026-09-23 08:02:46,2026-09-23 09:10:12,2.196961,1.906,5.885197,267.879029,8.281836,0.98947,0.8,104.089,0.753,35.359873,31.479538,11.595809,32.793695,154,-12.80929,232,41.764518,2.248767,232,41.764518,2.248767,232,41.764518,2.248767
legacy_208,legacy,nam_mo_a_mi_tuo_fo_phase_marker_v1,self_timed_phase_locked_respiration_chant,南無阿彌陀佛,南無,阿,彌陀佛,inspiration_to_expiration_transition,interval_between_two_consecutive_same_phase_taps,2026-09-23,08:04:10,2026-09-23 08:04:10,1790125450412,420,Wed,3,8,4,10,,chant,breath_chant_cycle,1,,1,,false,,,,2,10,207,52,2026-09-23_S01,1,52,0,0.997,0.997,60.180542,0.128,0.128,14.729574,-8.864338,1,protocol_valid,3,0.911333,0.074191,8.14095,0.090512,66.116615,5,1.1744,0.447462,38.101286,0.408953,55.85679,10,1.3551,0.378009,27.895259,0.356921,47.76151,21,1.515619,0.590525,38.962637,0.899891,44.384865,2026-09-23 08:04,2026-09-23 08,47,257,2026-09-23 08:02:46,2026-09-23 08:11:43,536.761,8.946017,83.832,247,2.181955,1.7825,6.549586,300.170474,9.221093,1.150612,0.8,104.089,0.75625,37.185837,33.660592,11.959017,32.16014,43.525346,30.846328,-12.679018,-1.897721,27.498272,2,309,309,4,11.167883,2026-09-23 08:02:46,2026-09-23 09:10:12,2.196961,1.906,5.885197,267.879029,8.281836,0.98947,0.8,104.089,0.753,35.359873,31.479538,11.595809,32.793695,154,-12.80929,232,41.764518,2.248767,232,41.764518,2.248767,232,41.764518,2.248767
legacy_209,legacy,nam_mo_a_mi_tuo_fo_phase_marker_v1,self_timed_phase_locked_respiration_chant,南無阿彌陀佛,南無,阿,彌陀佛,inspiration_to_expiration_transition,interval_between_two_consecutive_same_phase_taps,2026-09-23,08:04:11,2026-09-23 08:04:11,1790125451393,420,Wed,3,8,4,11,,chant,breath_chant_cycle,1,,1,,false,,,,2,11,208,53,2026-09-23_S01,1,53,0,0.981,0.981,61.16208,-0.016,0.016,-1.604814,0.981538,1,protocol_valid,3,0.949,0.069742,7.349039,0.091214,63.4625,5,0.9832,0.135964,13.828719,0.178557,61.894058,10,1.3318,0.394494,29.621093,0.312237,48.935379,21,1.508333,0.596384,39.539246,0.898174,44.777819,2026-09-23 08:04,2026-09-23 08,47,257,2026-09-23 08:02:46,2026-09-23 08:11:43,536.761,8.946017,84.813,247,2.181955,1.7825,6.549586,300.170474,9.221093,1.150612,0.8,104.089,0.75625,37.185837,33.660592,11.959017,32.16014,43.525346,30.846328,-12.679018,-1.897721,27.498272,2,309,309,4,11.167883,2026-09-23 08:02:46,2026-09-23 09:10:12,2.196961,1.906,5.885197,267.879029,8.281836,0.98947,0.8,104.089,0.753,35.359873,31.479538,11.595809,32.793695,154,-12.80929,232,41.764518,2.248767,232,41.764518,2.248767,232,41.764518,2.248767
legacy_210,legacy,nam_mo_a_mi_tuo_fo_phase_marker_v1,self_timed_phase_locked_respiration_chant,南無阿彌陀佛,南無,阿,彌陀佛,inspiration_to_expiration_transition,interval_between_two_consecutive_same_phase_taps,2026-09-23,08:04:12,2026-09-23 08:04:12,1790125452274,420,Wed,3,8,4,12,,chant,breath_chant_cycle,1,,1,,false,,,,2,12,209,54,2026-09-23_S01,1,54,0,0.881,0.881,68.104427,-0.1,0.1,-10.19368,6.942347,1,protocol_valid,3,0.953,0.062865,6.59653,0.07161,63.149016,5,0.9192,0.064173,6.981419,0.08161,65.52327,10,1.2466,0.390199,31.301048,0.31276,52.283617,21,1.484429,0.611527,41.196126,0.895634,45.954984,2026-09-23 08:04,2026-09-23 08,47,257,2026-09-23 08:02:46,2026-09-23 08:11:43,536.761,8.946017,85.694,247,2.181955,1.7825,6.549586,300.170474,9.221093,1.150612,0.8,104.089,0.75625,37.185837,33.660592,11.959017,32.16014,43.525346,30.846328,-12.679018,-1.897721,27.498272,2,309,309,4,11.167883,2026-09-23 08:02:46,2026-09-23 09:10:12,2.196961,1.906,5.885197,267.879029,8.281836,0.98947,0.8,104.089,0.753,35.359873,31.479538,11.595809,32.793695,154,-12.80929,232,41.764518,2.248767,232,41.764518,2.248767,232,41.764518,2.248767
legacy_211,legacy,nam_mo_a_mi_tuo_fo_phase_marker_v1,self_timed_phase_locked_respiration_chant,南無阿彌陀佛,南無,阿,彌陀佛,inspiration_to_expiration_transition,interval_between_two_consecutive_same_phase_taps,2026-09-23,08:04:13,2026-09-23 08:04:13,1790125453177,420,Wed,3,8,4,13,,chant,breath_chant_cycle,1,,1,,false,,,,2,13,210,55,2026-09-23_S01,1,55,0,0.903,0.903,66.445183,0.022,0.022,2.497162,-1.659244,1,protocol_valid,3,0.921667,0.052548,5.701453,0.072402,65.23723,5,0.9262,0.058883,6.357475,0.082347,64.987422,10,1.172,0.375763,32.061683,0.312048,55.289566,21,1.446429,0.622099,43.009302,0.889112,47.439356,2026-09-23 08:04,2026-09-23 08,47,257,2026-09-23 08:02:46,2026-09-23 08:11:43,536.761,8.946017,86.597,247,2.181955,1.7825,6.549586,300.170474,9.221093,1.150612,0.8,104.089,0.75625,37.185837,33.660592,11.959017,32.16014,43.525346,30.846328,-12.679018,-1.897721,27.498272,2,309,309,4,11.167883,2026-09-23 08:02:46,2026-09-23 09:10:12,2.196961,1.906,5.885197,267.879029,8.281836,0.98947,0.8,104.089,0.753,35.359873,31.479538,11.595809,32.793695,154,-12.80929,232,41.764518,2.248767,232,41.764518,2.248767,232,41.764518,2.248767
legacy_212,legacy,nam_mo_a_mi_tuo_fo_phase_marker_v1,self_timed_phase_locked_respiration_chant,南無阿彌陀佛,南無,阿,彌陀佛,inspiration_to_expiration_transition,interval_between_two_consecutive_same_phase_taps,2026-09-23,08:04:14,2026-09-23 08:04:14,1790125454090,420,Wed,3,8,4,14,,chant,breath_chant_cycle,1,,1,,false,,,,2,14,211,56,2026-09-23_S01,1,56,0,0.913,0.913,65.717415,0.01,0.01,1.10742,-0.727768,1,protocol_valid,3,0.899,0.016371,1.820991,0.017088,66.755675,5,0.935,0.050951,5.4493,0.052058,64.321929,10,1.1051,0.353554,31.992956,0.310896,58.06864,21,1.431905,0.631192,44.08061,0.768976,48.222991,2026-09-23 08:04,2026-09-23 08,47,257,2026-09-23 08:02:46,2026-09-23 08:11:43,536.761,8.946017,87.51,247,2.181955,1.7825,6.549586,300.170474,9.221093,1.150612,0.8,104.089,0.75625,37.185837,33.660592,11.959017,32.16014,43.525346,30.846328,-12.679018,-1.897721,27.498272,2,309,309,4,11.167883,2026-09-23 08:02:46,2026-09-23 09:10:12,2.196961,1.906,5.885197,267.879029,8.281836,0.98947,0.8,104.089,0.753,35.359873,31.479538,11.595809,32.793695,154,-12.80929,232,41.764518,2.248767,232,41.764518,2.248767,232,41.764518,2.248767
legacy_213,legacy,nam_mo_a_mi_tuo_fo_phase_marker_v1,self_timed_phase_locked_respiration_chant,南無阿彌陀佛,南無,阿,彌陀佛,inspiration_to_expiration_transition,interval_between_two_consecutive_same_phase_taps,2026-09-23,08:04:14,2026-09-23 08:04:14,1790125454935,420,Wed,3,8,4,14,,chant,breath_chant_cycle,1,,1,,false,,,,2,15,212,57,2026-09-23_S01,1,57,0,0.845,0.845,71.005917,-0.068,0.068,-7.447974,5.288502,1,protocol_valid,3,0.887,0.036715,4.139247,0.0486,67.722838,5,0.9046,0.050048,5.532609,0.06166,66.487004,10,1.0395,0.332146,31.952442,0.275768,61.171897,21,1.319095,0.493428,37.406548,0.626063,50.715257,2026-09-23 08:04,2026-09-23 08,47,257,2026-09-23 08:02:46,2026-09-23 08:11:43,536.761,8.946017,88.355,247,2.181955,1.7825,6.549586,300.170474,9.221093,1.150612,0.8,104.089,0.75625,37.185837,33.660592,11.959017,32.16014,43.525346,30.846328,-12.679018,-1.897721,27.498272,2,309,309,4,11.167883,2026-09-23 08:02:46,2026-09-23 09:10:12,2.196961,1.906,5.885197,267.879029,8.281836,0.98947,0.8,104.089,0.753,35.359873,31.479538,11.595809,32.793695,154,-12.80929,232,41.764518,2.248767,232,41.764518,2.248767,232,41.764518,2.248767
legacy_214,legacy,nam_mo_a_mi_tuo_fo_phase_marker_v1,self_timed_phase_locked_respiration_chant,南無阿彌陀佛,南無,阿,彌陀佛,inspiration_to_expiration_transition,interval_between_two_consecutive_same_phase_taps,2026-09-23,08:04:16,2026-09-23 08:04:16,1790125456087,420,Wed,3,8,4,16,,chant,breath_chant_cycle,1,,1,,false,,,,2,16,213,58,2026-09-23_S01,1,58,0,1.152,1.152,52.083333,0.307,0.307,36.331361,-18.922584,1,protocol_valid,3,0.97,0.161242,16.622892,0.222343,62.935555,5,0.9388,0.122005,12.995837,0.157684,64.671255,10,0.961,0.124013,12.904624,0.162271,63.282657,21,1.316048,0.494293,37.558936,0.554095,50.845792,2026-09-23 08:04,2026-09-23 08,47,257,2026-09-23 08:02:46,2026-09-23 08:11:43,536.761,8.946017,89.507,247,2.181955,1.7825,6.549586,300.170474,9.221093,1.150612,0.8,104.089,0.75625,37.185837,33.660592,11.959017,32.16014,43.525346,30.846328,-12.679018,-1.897721,27.498272,2,309,309,4,11.167883,2026-09-23 08:02:46,2026-09-23 09:10:12,2.196961,1.906,5.885197,267.879029,8.281836,0.98947,0.8,104.089,0.753,35.359873,31.479538,11.595809,32.793695,154,-12.80929,232,41.764518,2.248767,232,41.764518,2.248767,232,41.764518,2.248767
legacy_215,legacy,nam_mo_a_mi_tuo_fo_phase_marker_v1,self_timed_phase_locked_respiration_chant,南無阿彌陀佛,南無,阿,彌陀佛,inspiration_to_expiration_transition,interval_between_two_consecutive_same_phase_taps,2026-09-23,08:04:17,2026-09-23 08:04:17,1790125457067,420,Wed,3,8,4,17,,chant,breath_chant_cycle,1,,1,,false,,,,2,17,214,59,2026-09-23_S01,1,59,0,0.98,0.98,61.22449,-0.172,0.172,-14.930556,9.141156,1,protocol_valid,3,0.992333,0.153871,15.505995,0.24883,61.437913,5,0.9586,0.118255,12.336244,0.179274,63.295268,10,0.9389,0.092069,9.806088,0.131522,64.409269,21,1.241048,0.409043,32.95948,0.42372,52.642988,2026-09-23 08:04,2026-09-23 08,47,257,2026-09-23 08:02:46,2026-09-23 08:11:43,536.761,8.946017,90.487,247,2.181955,1.7825,6.549586,300.170474,9.221093,1.150612,0.8,104.089,0.75625,37.185837,33.660592,11.959017,32.16014,43.525346,30.846328,-12.679018,-1.897721,27.498272,2,309,309,4,11.167883,2026-09-23 08:02:46,2026-09-23 09:10:12,2.196961,1.906,5.885197,267.879029,8.281836,0.98947,0.8,104.089,0.753,35.359873,31.479538,11.595809,32.793695,154,-12.80929,232,41.764518,2.248767,232,41.764518,2.248767,232,41.764518,2.248767
legacy_216,legacy,nam_mo_a_mi_tuo_fo_phase_marker_v1,self_timed_phase_locked_respiration_chant,南無阿彌陀佛,南無,阿,彌陀佛,inspiration_to_expiration_transition,interval_between_two_consecutive_same_phase_taps,2026-09-23,08:04:18,2026-09-23 08:04:18,1790125458218,420,Wed,3,8,4,18,,chant,breath_chant_cycle,1,,1,,false,,,,2,18,215,60,2026-09-23_S01,1,60,0,1.151,1.151,52.128584,0.171,0.171,17.44898,-9.095906,1,protocol_valid,3,1.094333,0.099017,9.048142,0.171501,55.145469,5,1.0082,0.13925,13.811793,0.198556,60.431948,10,0.9672,0.109667,11.338603,0.143342,62.709685,21,1.250667,0.404178,32.316992,0.418013,52.114614,2026-09-23 08:04,2026-09-23 08,47,257,2026-09-23 08:02:46,2026-09-23 08:11:43,536.761,8.946017,91.638,247,2.181955,1.7825,6.549586,300.170474,9.221093,1.150612,0.8,104.089,0.75625,37.185837,33.660592,11.959017,32.16014,43.525346,30.846328,-12.679018,-1.897721,27.498272,2,309,309,4,11.167883,2026-09-23 08:02:46,2026-09-23 09:10:12,2.196961,1.906,5.885197,267.879029,8.281836,0.98947,0.8,104.089,0.753,35.359873,31.479538,11.595809,32.793695,154,-12.80929,232,41.764518,2.248767,232,41.764518,2.248767,232,41.764518,2.248767
legacy_217,legacy,nam_mo_a_mi_tuo_fo_phase_marker_v1,self_timed_phase_locked_respiration_chant,南無阿彌陀佛,南無,阿,彌陀佛,inspiration_to_expiration_transition,interval_between_two_consecutive_same_phase_taps,2026-09-23,08:04:19,2026-09-23 08:04:19,1790125459247,420,Wed,3,8,4,19,,chant,breath_chant_cycle,1,,1,,false,,,,2,19,216,61,2026-09-23_S01,1,61,0,1.029,1.029,58.309038,-0.122,0.122,-10.599479,6.180454,1,protocol_valid,3,1.053333,0.088059,8.360002,0.148535,57.220704,5,1.0314,0.128687,12.476908,0.204913,58.950272,10,0.9832,0.105334,10.713403,0.142759,61.636101,21,1.237619,0.406818,32.871016,0.3502,52.698493,2026-09-23 08:04,2026-09-23 08,47,257,2026-09-23 08:02:46,2026-09-23 08:11:43,536.761,8.946017,92.667,247,2.181955,1.7825,6.549586,300.170474,9.221093,1.150612,0.8,104.089,0.75625,37.185837,33.660592,11.959017,32.16014,43.525346,30.846328,-12.679018,-1.897721,27.498272,2,309,309,4,11.167883,2026-09-23 08:02:46,2026-09-23 09:10:12,2.196961,1.906,5.885197,267.879029,8.281836,0.98947,0.8,104.089,0.753,35.359873,31.479538,11.595809,32.793695,154,-12.80929,232,41.764518,2.248767,232,41.764518,2.248767,232,41.764518,2.248767
legacy_218,legacy,nam_mo_a_mi_tuo_fo_phase_marker_v1,self_timed_phase_locked_respiration_chant,南無阿彌陀佛,南無,阿,彌陀佛,inspiration_to_expiration_transition,interval_between_two_consecutive_same_phase_taps,2026-09-23,08:04:20,2026-09-23 08:04:20,1790125460611,420,Wed,3,8,4,20,,chant,breath_chant_cycle,1,,1,,false,,,,2,20,217,62,2026-09-23_S01,1,62,0,1.364,1.364,43.98827,0.335,0.335,32.555879,-14.320768,1,protocol_valid,3,1.181333,0.169547,14.35221,0.2521,51.475297,5,1.1352,0.148532,13.084198,0.2156,53.546743,10,1.0199,0.16028,15.715259,0.181166,60.016874,21,1.191571,0.322953,27.103158,0.268855,53.567457,2026-09-23 08:04,2026-09-23 08,47,257,2026-09-23 08:02:46,2026-09-23 08:11:43,536.761,8.946017,94.031,247,2.181955,1.7825,6.549586,300.170474,9.221093,1.150612,0.8,104.089,0.75625,37.185837,33.660592,11.959017,32.16014,43.525346,30.846328,-12.679018,-1.897721,27.498272,2,309,309,4,11.167883,2026-09-23 08:02:46,2026-09-23 09:10:12,2.196961,1.906,5.885197,267.879029,8.281836,0.98947,0.8,104.089,0.753,35.359873,31.479538,11.595809,32.793695,154,-12.80929,232,41.764518,2.248767,232,41.764518,2.248767,232,41.764518,2.248767
legacy_219,legacy,nam_mo_a_mi_tuo_fo_phase_marker_v1,self_timed_phase_locked_respiration_chant,南無阿彌陀佛,南無,阿,彌陀佛,inspiration_to_expiration_transition,interval_between_two_consecutive_same_phase_taps,2026-09-23,08:04:21,2026-09-23 08:04:21,1790125461996,420,Wed,3,8,4,21,,chant,breath_chant_cycle,1,,1,,false,,,,3,0,218,63,2026-09-23_S01,1,63,0,1.385,1.385,43.3213,0.021,0.021,1.539589,-0.66697,1,protocol_valid,3,1.259333,0.199751,15.861621,0.237346,48.539536,5,1.1818,0.186753,15.802424,0.197984,51.794336,10,1.0603,0.196262,18.510075,0.178211,58.232796,21,1.196905,0.325282,27.176921,0.268572,53.385959,2026-09-23 08:04,2026-09-23 08,47,257,2026-09-23 08:02:46,2026-09-23 08:11:43,536.761,8.946017,95.416,247,2.181955,1.7825,6.549586,300.170474,9.221093,1.150612,0.8,104.089,0.75625,37.185837,33.660592,11.959017,32.16014,43.525346,30.846328,-12.679018,-1.897721,27.498272,2,309,309,4,11.167883,2026-09-23 08:02:46,2026-09-23 09:10:12,2.196961,1.906,5.885197,267.879029,8.281836,0.98947,0.8,104.089,0.753,35.359873,31.479538,11.595809,32.793695,154,-12.80929,232,41.764518,2.248767,232,41.764518,2.248767,232,41.764518,2.248767
legacy_220,legacy,nam_mo_a_mi_tuo_fo_phase_marker_v1,self_timed_phase_locked_respiration_chant,南無阿彌陀佛,南無,阿,彌陀佛,inspiration_to_expiration_transition,interval_between_two_consecutive_same_phase_taps,2026-09-23,08:04:23,2026-09-23 08:04:23,1790125463281,420,Wed,3,8,4,23,,chant,breath_chant_cycle,1,,1,,false,,,,3,1,219,64,2026-09-23_S01,1,64,0,1.285,1.285,46.692607,-0.1,0.1,-7.220217,3.371307,1,protocol_valid,3,1.344667,0.052729,3.921334,0.072253,44.667392,5,1.2428,0.150689,12.124967,0.185439,48.88796,10,1.1007,0.196833,17.882556,0.181153,56.091614,21,1.200286,0.325837,27.146615,0.243234,53.255921,2026-09-23 08:04,2026-09-23 08,47,257,2026-09-23 08:02:46,2026-09-23 08:11:43,536.761,8.946017,96.701,247,2.181955,1.7825,6.549586,300.170474,9.221093,1.150612,0.8,104.089,0.75625,37.185837,33.660592,11.959017,32.16014,43.525346,30.846328,-12.679018,-1.897721,27.498272,2,309,309,4,11.167883,2026-09-23 08:02:46,2026-09-23 09:10:12,2.196961,1.906,5.885197,267.879029,8.281836,0.98947,0.8,104.089,0.753,35.359873,31.479538,11.595809,32.793695,154,-12.80929,232,41.764518,2.248767,232,41.764518,2.248767,232,41.764518,2.248767
legacy_221,legacy,nam_mo_a_mi_tuo_fo_phase_marker_v1,self_timed_phase_locked_respiration_chant,南無阿彌陀佛,南無,阿,彌陀佛,inspiration_to_expiration_transition,interval_between_two_consecutive_same_phase_taps,2026-09-23,08:04:24,2026-09-23 08:04:24,1790125464464,420,Wed,3,8,4,24,,chant,breath_chant_cycle,1,,1,,false,,,,3,2,220,65,2026-09-23_S01,1,65,0,1.183,1.183,50.718512,-0.102,0.102,-7.937743,4.025905,1,protocol_valid,3,1.284333,0.101002,7.864131,0.101005,46.910806,5,1.2492,0.146435,11.7223,0.182394,48.605945,10,1.1287,0.185154,16.404184,0.184286,54.518947,21,1.174095,0.302118,25.731971,0.243578,54.02242,2026-09-23 08:04,2026-09-23 08,47,257,2026-09-23 08:02:46,2026-09-23 08:11:43,536.761,8.946017,97.884,247,2.181955,1.7825,6.549586,300.170474,9.221093,1.150612,0.8,104.089,0.75625,37.185837,33.660592,11.959017,32.16014,43.525346,30.846328,-12.679018,-1.897721,27.498272,2,309,309,4,11.167883,2026-09-23 08:02:46,2026-09-23 09:10:12,2.196961,1.906,5.885197,267.879029,8.281836,0.98947,0.8,104.089,0.753,35.359873,31.479538,11.595809,32.793695,154,-12.80929,232,41.764518,2.248767,232,41.764518,2.248767,232,41.764518,2.248767
legacy_222,legacy,nam_mo_a_mi_tuo_fo_phase_marker_v1,self_timed_phase_locked_respiration_chant,南無阿彌陀佛,南無,阿,彌陀佛,inspiration_to_expiration_transition,interval_between_two_consecutive_same_phase_taps,2026-09-23,08:04:25,2026-09-23 08:04:25,1790125465798,420,Wed,3,8,4,25,,chant,breath_chant_cycle,1,,1,,false,,,,3,3,221,66,2026-09-23_S01,1,66,0,1.334,1.334,44.977511,0.151,0.151,12.764159,-5.741001,1,protocol_valid,3,1.267333,0.077035,6.078482,0.128851,47.462877,5,1.3102,0.080422,6.138148,0.104458,45.93964,10,1.1708,0.178399,15.237353,0.189687,52.444956,21,1.159095,0.284676,24.560231,0.245451,54.431554,2026-09-23 08:04,2026-09-23 08,47,257,2026-09-23 08:02:46,2026-09-23 08:11:43,536.761,8.946017,99.218,247,2.181955,1.7825,6.549586,300.170474,9.221093,1.150612,0.8,104.089,0.75625,37.185837,33.660592,11.959017,32.16014,43.525346,30.846328,-12.679018,-1.897721,27.498272,2,309,309,4,11.167883,2026-09-23 08:02:46,2026-09-23 09:10:12,2.196961,1.906,5.885197,267.879029,8.281836,0.98947,0.8,104.089,0.753,35.359873,31.479538,11.595809,32.793695,154,-12.80929,232,41.764518,2.248767,232,41.764518,2.248767,232,41.764518,2.248767
legacy_223,legacy,nam_mo_a_mi_tuo_fo_phase_marker_v1,self_timed_phase_locked_respiration_chant,南無阿彌陀佛,南無,阿,彌陀佛,inspiration_to_expiration_transition,interval_between_two_consecutive_same_phase_taps,2026-09-23,08:04:27,2026-09-23 08:04:27,1790125467017,420,Wed,3,8,4,27,,chant,breath_chant_cycle,1,,1,,false,,,,3,4,222,67,2026-09-23_S01,1,67,0,1.219,1.219,49.220673,-0.115,0.115,-8.62069,4.243161,1,protocol_valid,3,1.245333,0.078869,6.333171,0.134213,48.305565,5,1.2812,0.082293,6.423148,0.118775,46.986121,10,1.2082,0.13688,11.329263,0.164251,50.266432,21,1.14181,0.268261,23.494374,0.246128,54.969364,2026-09-23 08:04,2026-09-23 08,47,257,2026-09-23 08:02:46,2026-09-23 08:11:43,536.761,8.946017,100.437,247,2.181955,1.7825,6.549586,300.170474,9.221093,1.150612,0.8,104.089,0.75625,37.185837,33.660592,11.959017,32.16014,43.525346,30.846328,-12.679018,-1.897721,27.498272,2,309,309,4,11.167883,2026-09-23 08:02:46,2026-09-23 09:10:12,2.196961,1.906,5.885197,267.879029,8.281836,0.98947,0.8,104.089,0.753,35.359873,31.479538,11.595809,32.793695,154,-12.80929,232,41.764518,2.248767,232,41.764518,2.248767,232,41.764518,2.248767
legacy_224,legacy,nam_mo_a_mi_tuo_fo_phase_marker_v1,self_timed_phase_locked_respiration_chant,南無阿彌陀佛,南無,阿,彌陀佛,inspiration_to_expiration_transition,interval_between_two_consecutive_same_phase_taps,2026-09-23,08:04:28,2026-09-23 08:04:28,1790125468199,420,Wed,3,8,4,28,,chant,breath_chant_cycle,1,,1,,false,,,,3,5,223,68,2026-09-23_S01,1,68,0,1.182,1.182,50.761421,-0.037,0.037,-3.035275,1.540749,1,protocol_valid,3,1.245,0.079265,6.366697,0.085422,48.319868,5,1.2406,0.06692,5.394172,0.109315,48.474145,10,1.2112,0.135836,11.215021,0.154413,50.134241,21,1.126619,0.255639,22.690854,0.226148,55.483081,2026-09-23 08:04,2026-09-23 08,47,257,2026-09-23 08:02:46,2026-09-23 08:11:43,536.761,8.946017,101.619,247,2.181955,1.7825,6.549586,300.170474,9.221093,1.150612,0.8,104.089,0.75625,37.185837,33.660592,11.959017,32.16014,43.525346,30.846328,-12.679018,-1.897721,27.498272,2,309,309,4,11.167883,2026-09-23 08:02:46,2026-09-23 09:10:12,2.196961,1.906,5.885197,267.879029,8.281836,0.98947,0.8,104.089,0.753,35.359873,31.479538,11.595809,32.793695,154,-12.80929,232,41.764518,2.248767,232,41.764518,2.248767,232,41.764518,2.248767
legacy_225,legacy,nam_mo_a_mi_tuo_fo_phase_marker_v1,self_timed_phase_locked_respiration_chant,南無阿彌陀佛,南無,阿,彌陀佛,inspiration_to_expiration_transition,interval_between_two_consecutive_same_phase_taps,2026-09-23,08:04:29,2026-09-23 08:04:29,1790125469299,420,Wed,3,8,4,29,,chant,breath_chant_cycle,1,,1,,false,,,,3,6,224,69,2026-09-23_S01,1,69,0,1.1,1.1,54.545455,-0.082,0.082,-6.937394,3.784033,1,protocol_valid,3,1.167,0.060902,5.218643,0.063612,51.509183,5,1.2036,0.084949,7.057894,0.105023,50.044714,10,1.2232,0.117159,9.578055,0.146087,49.466337,21,1.086762,0.175736,16.170594,0.156187,56.605449,2026-09-23 08:04,2026-09-23 08,47,257,2026-09-23 08:02:46,2026-09-23 08:11:43,536.761,8.946017,102.719,247,2.181955,1.7825,6.549586,300.170474,9.221093,1.150612,0.8,104.089,0.75625,37.185837,33.660592,11.959017,32.16014,43.525346,30.846328,-12.679018,-1.897721,27.498272,2,309,309,4,11.167883,2026-09-23 08:02:46,2026-09-23 09:10:12,2.196961,1.906,5.885197,267.879029,8.281836,0.98947,0.8,104.089,0.753,35.359873,31.479538,11.595809,32.793695,154,-12.80929,232,41.764518,2.248767,232,41.764518,2.248767,232,41.764518,2.248767
legacy_226,legacy,nam_mo_a_mi_tuo_fo_phase_marker_v1,self_timed_phase_locked_respiration_chant,南無阿彌陀佛,南無,阿,彌陀佛,inspiration_to_expiration_transition,interval_between_two_consecutive_same_phase_taps,2026-09-23,08:04:30,2026-09-23 08:04:30,1790125470565,420,Wed,3,8,4,30,,chant,breath_chant_cycle,1,,1,,false,,,,3,7,225,70,2026-09-23_S01,1,70,0,1.266,1.266,47.393365,0.166,0.166,15.090909,-7.15209,1,protocol_valid,3,1.182667,0.083002,7.018208,0.13092,50.90008,5,1.2202,0.087973,7.209697,0.110537,49.379685,10,1.2347,0.114907,9.306453,0.150829,48.992815,21,1.089857,0.178401,16.369187,0.142224,56.483306,2026-09-23 08:04,2026-09-23 08,47,257,2026-09-23 08:02:46,2026-09-23 08:11:43,536.761,8.946017,103.985,247,2.181955,1.7825,6.549586,300.170474,9.221093,1.150612,0.8,104.089,0.75625,37.185837,33.660592,11.959017,32.16014,43.525346,30.846328,-12.679018,-1.897721,27.498272,2,309,309,4,11.167883,2026-09-23 08:02:46,2026-09-23 09:10:12,2.196961,1.906,5.885197,267.879029,8.281836,0.98947,0.8,104.089,0.753,35.359873,31.479538,11.595809,32.793695,154,-12.80929,232,41.764518,2.248767,232,41.764518,2.248767,232,41.764518,2.248767
legacy_227,legacy,nam_mo_a_mi_tuo_fo_phase_marker_v1,self_timed_phase_locked_respiration_chant,南無阿彌陀佛,南無,阿,彌陀佛,inspiration_to_expiration_transition,interval_between_two_consecutive_same_phase_taps,2026-09-23,08:04:31,2026-09-23 08:04:31,1790125471697,420,Wed,3,8,4,31,,chant,breath_chant_cycle,1,,1,,false,,,,3,8,226,71,2026-09-23_S01,1,71,0,1.132,1.132,53.003534,-0.134,0.134,-10.584518,5.610169,1,protocol_valid,3,1.166,0.088068,7.553015,0.150851,51.647451,5,1.1798,0.066379,5.626311,0.115764,50.984889,10,1.245,0.097756,7.851882,0.110793,48.462265,21,1.102429,0.171139,15.523844,0.145346,55.715644,2026-09-23 08:04,2026-09-23 08,47,257,2026-09-23 08:02:46,2026-09-23 08:11:43,536.761,8.946017,105.117,247,2.181955,1.7825,6.549586,300.170474,9.221093,1.150612,0.8,104.089,0.75625,37.185837,33.660592,11.959017,32.16014,43.525346,30.846328,-12.679018,-1.897721,27.498272,2,309,309,4,11.167883,2026-09-23 08:02:46,2026-09-23 09:10:12,2.196961,1.906,5.885197,267.879029,8.281836,0.98947,0.8,104.089,0.753,35.359873,31.479538,11.595809,32.793695,154,-12.80929,232,41.764518,2.248767,232,41.764518,2.248767,232,41.764518,2.248767
legacy_228,legacy,nam_mo_a_mi_tuo_fo_phase_marker_v1,self_timed_phase_locked_respiration_chant,南無阿彌陀佛,南無,阿,彌陀佛,inspiration_to_expiration_transition,interval_between_two_consecutive_same_phase_taps,2026-09-23,08:04:33,2026-09-23 08:04:33,1790125473034,420,Wed,3,8,4,33,,chant,breath_chant_cycle,1,,1,,false,,,,3,9,227,72,2026-09-23_S01,1,72,0,1.337,1.337,44.876589,0.205,0.205,18.109541,-8.126944,1,protocol_valid,3,1.245,0.104101,8.361519,0.173178,48.424496,5,1.2034,0.097487,8.101,0.15351,50.116073,10,1.2423,0.09442,7.600413,0.129983,48.551097,21,1.124714,0.169688,15.087182,0.149691,54.564774,2026-09-23 08:04,2026-09-23 08,47,257,2026-09-23 08:02:46,2026-09-23 08:11:43,536.761,8.946017,106.454,247,2.181955,1.7825,6.549586,300.170474,9.221093,1.150612,0.8,104.089,0.75625,37.185837,33.660592,11.959017,32.16014,43.525346,30.846328,-12.679018,-1.897721,27.498272,2,309,309,4,11.167883,2026-09-23 08:02:46,2026-09-23 09:10:12,2.196961,1.906,5.885197,267.879029,8.281836,0.98947,0.8,104.089,0.753,35.359873,31.479538,11.595809,32.793695,154,-12.80929,232,41.764518,2.248767,232,41.764518,2.248767,232,41.764518,2.248767
legacy_229,legacy,nam_mo_a_mi_tuo_fo_phase_marker_v1,self_timed_phase_locked_respiration_chant,南無阿彌陀佛,南無,阿,彌陀佛,inspiration_to_expiration_transition,interval_between_two_consecutive_same_phase_taps,2026-09-23,08:04:34,2026-09-23 08:04:34,1790125474103,420,Wed,3,8,4,34,,chant,breath_chant_cycle,1,,1,,false,,,,3,10,228,73,2026-09-23_S01,1,73,0,1.069,1.069,56.127222,-0.268,0.268,-20.044877,11.250632,1,protocol_valid,3,1.179333,0.14013,11.882112,0.238589,51.335782,5,1.1808,0.115181,9.754502,0.1996,51.189233,10,1.2107,0.094234,7.783415,0.154159,49.831689,21,1.128143,0.167694,14.864594,0.161201,54.371758,2026-09-23 08:04,2026-09-23 08,47,257,2026-09-23 08:02:46,2026-09-23 08:11:43,536.761,8.946017,107.523,247,2.181955,1.7825,6.549586,300.170474,9.221093,1.150612,0.8,104.089,0.75625,37.185837,33.660592,11.959017,32.16014,43.525346,30.846328,-12.679018,-1.897721,27.498272,2,309,309,4,11.167883,2026-09-23 08:02:46,2026-09-23 09:10:12,2.196961,1.906,5.885197,267.879029,8.281836,0.98947,0.8,104.089,0.753,35.359873,31.479538,11.595809,32.793695,154,-12.80929,232,41.764518,2.248767,232,41.764518,2.248767,232,41.764518,2.248767
legacy_230,legacy,nam_mo_a_mi_tuo_fo_phase_marker_v1,self_timed_phase_locked_respiration_chant,南無阿彌陀佛,南無,阿,彌陀佛,inspiration_to_expiration_transition,interval_between_two_consecutive_same_phase_taps,2026-09-23,08:04:35,2026-09-23 08:04:35,1790125475501,420,Wed,3,8,4,35,,chant,breath_chant_cycle,1,,1,,false,,,,3,11,229,74,2026-09-23_S01,1,74,0,1.398,1.398,42.918455,0.329,0.329,30.776427,-13.208767,1,protocol_valid,3,1.268,0.175017,13.802614,0.300054,47.974089,5,1.2404,0.137798,11.109162,0.244972,48.863833,10,1.222,0.109648,8.972825,0.186107,49.454274,21,1.148,0.173971,15.154241,0.175778,53.503014,2026-09-23 08:04,2026-09-23 08,47,257,2026-09-23 08:02:46,2026-09-23 08:11:43,536.761,8.946017,108.921,247,2.181955,1.7825,6.549586,300.170474,9.221093,1.150612,0.8,104.089,0.75625,37.185837,33.660592,11.959017,32.16014,43.525346,30.846328,-12.679018,-1.897721,27.498272,2,309,309,4,11.167883,2026-09-23 08:02:46,2026-09-23 09:10:12,2.196961,1.906,5.885197,267.879029,8.281836,0.98947,0.8,104.089,0.753,35.359873,31.479538,11.595809,32.793695,154,-12.80929,232,41.764518,2.248767,232,41.764518,2.248767,232,41.764518,2.248767
legacy_231,legacy,nam_mo_a_mi_tuo_fo_phase_marker_v1,self_timed_phase_locked_respiration_chant,南無阿彌陀佛,南無,阿,彌陀佛,inspiration_to_expiration_transition,interval_between_two_consecutive_same_phase_taps,2026-09-23,08:04:36,2026-09-23 08:04:36,1790125476704,420,Wed,3,8,4,36,,chant,breath_chant_cycle,1,,1,,false,,,,3,12,230,75,2026-09-23_S01,1,75,0,1.203,1.203,49.875312,-0.195,0.195,-13.948498,6.956857,1,protocol_valid,3,1.223333,0.16544,13.523691,0.270431,49.640329,5,1.2278,0.137752,11.219442,0.255007,49.360222,10,1.224,0.109038,8.908351,0.190597,49.369954,21,1.163333,0.163113,14.021144,0.181038,52.634961,2026-09-23 08:04,2026-09-23 08,47,257,2026-09-23 08:02:46,2026-09-23 08:11:43,536.761,8.946017,110.124,247,2.181955,1.7825,6.549586,300.170474,9.221093,1.150612,0.8,104.089,0.75625,37.185837,33.660592,11.959017,32.16014,43.525346,30.846328,-12.679018,-1.897721,27.498272,2,309,309,4,11.167883,2026-09-23 08:02:46,2026-09-23 09:10:12,2.196961,1.906,5.885197,267.879029,8.281836,0.98947,0.8,104.089,0.753,35.359873,31.479538,11.595809,32.793695,154,-12.80929,232,41.764518,2.248767,232,41.764518,2.248767,232,41.764518,2.248767
legacy_232,legacy,nam_mo_a_mi_tuo_fo_phase_marker_v1,self_timed_phase_locked_respiration_chant,南無阿彌陀佛,南無,阿,彌陀佛,inspiration_to_expiration_transition,interval_between_two_consecutive_same_phase_taps,2026-09-23,08:04:37,2026-09-23 08:04:37,1790125477899,420,Wed,3,8,4,37,,chant,breath_chant_cycle,1,,1,,false,,,,3,13,231,76,2026-09-23_S01,1,76,0,1.195,1.195,50.209205,-0.008,0.008,-0.665004,0.333893,1,protocol_valid,3,1.265333,0.114962,9.085536,0.138002,47.667657,5,1.2404,0.129429,10.434436,0.233535,48.801357,10,1.2101,0.102096,8.437014,0.186721,49.893123,21,1.177238,0.151869,12.900448,0.181033,51.861819,2026-09-23 08:04,2026-09-23 08,47,257,2026-09-23 08:02:46,2026-09-23 08:11:43,536.761,8.946017,111.319,247,2.181955,1.7825,6.549586,300.170474,9.221093,1.150612,0.8,104.089,0.75625,37.185837,33.660592,11.959017,32.16014,43.525346,30.846328,-12.679018,-1.897721,27.498272,2,309,309,4,11.167883,2026-09-23 08:02:46,2026-09-23 09:10:12,2.196961,1.906,5.885197,267.879029,8.281836,0.98947,0.8,104.089,0.753,35.359873,31.479538,11.595809,32.793695,154,-12.80929,232,41.764518,2.248767,232,41.764518,2.248767,232,41.764518,2.248767
legacy_233,legacy,nam_mo_a_mi_tuo_fo_phase_marker_v1,self_timed_phase_locked_respiration_chant,南無阿彌陀佛,南無,阿,彌陀佛,inspiration_to_expiration_transition,interval_between_two_consecutive_same_phase_taps,2026-09-23,08:04:39,2026-09-23 08:04:39,1790125479084,420,Wed,3,8,4,39,,chant,breath_chant_cycle,1,,1,,false,,,,3,14,232,77,2026-09-23_S01,1,77,0,1.185,1.185,50.632911,-0.01,0.01,-0.83682,0.423706,1,protocol_valid,3,1.194333,0.009018,0.755107,0.009055,50.239143,5,1.21,0.118453,9.789465,0.191331,49.952621,10,1.2067,0.102333,8.480388,0.186343,50.034347,21,1.19019,0.139284,11.702643,0.180408,51.14351,2026-09-23 08:04,2026-09-23 08,47,257,2026-09-23 08:02:46,2026-09-23 08:11:43,536.761,8.946017,112.504,247,2.181955,1.7825,6.549586,300.170474,9.221093,1.150612,0.8,104.089,0.75625,37.185837,33.660592,11.959017,32.16014,43.525346,30.846328,-12.679018,-1.897721,27.498272,2,309,309,4,11.167883,2026-09-23 08:02:46,2026-09-23 09:10:12,2.196961,1.906,5.885197,267.879029,8.281836,0.98947,0.8,104.089,0.753,35.359873,31.479538,11.595809,32.793695,154,-12.80929,232,41.764518,2.248767,232,41.764518,2.248767,232,41.764518,2.248767
legacy_234,legacy,nam_mo_a_mi_tuo_fo_phase_marker_v1,self_timed_phase_locked_respiration_chant,南無阿彌陀佛,南無,阿,彌陀佛,inspiration_to_expiration_transition,interval_between_two_consecutive_same_phase_taps,2026-09-23,08:04:40,2026-09-23 08:04:40,1790125480235,420,Wed,3,8,4,40,,chant,breath_chant_cycle,1,,1,,false,,,,3,15,233,78,2026-09-23_S01,1,78,0,1.151,1.151,52.128584,-0.034,0.034,-2.869198,1.495672,1,protocol_valid,3,1.177,0.023065,1.959654,0.02506,50.990233,5,1.2264,0.097953,7.987039,0.099178,49.152893,10,1.2036,0.103626,8.609638,0.184676,50.171063,21,1.204762,0.115308,9.57104,0.16701,50.244589,2026-09-23 08:04,2026-09-23 08,47,257,2026-09-23 08:02:46,2026-09-23 08:11:43,536.761,8.946017,113.655,247,2.181955,1.7825,6.549586,300.170474,9.221093,1.150612,0.8,104.089,0.75625,37.185837,33.660592,11.959017,32.16014,43.525346,30.846328,-12.679018,-1.897721,27.498272,2,309,309,4,11.167883,2026-09-23 08:02:46,2026-09-23 09:10:12,2.196961,1.906,5.885197,267.879029,8.281836,0.98947,0.8,104.089,0.753,35.359873,31.479538,11.595809,32.793695,154,-12.80929,232,41.764518,2.248767,232,41.764518,2.248767,232,41.764518,2.248767
legacy_235,legacy,nam_mo_a_mi_tuo_fo_phase_marker_v1,self_timed_phase_locked_respiration_chant,南無阿彌陀佛,南無,阿,彌陀佛,inspiration_to_expiration_transition,interval_between_two_consecutive_same_phase_taps,2026-09-23,08:04:42,2026-09-23 08:04:42,1790125482187,420,Wed,3,8,4,42,,chant,breath_chant_cycle,1,,1,,false,,,,3,16,234,79,2026-09-23_S01,1,79,0,1.952,1.952,30.737705,0.801,0.801,69.591659,-21.390879,1,protocol_valid,3,1.429333,0.452962,31.69042,0.566903,44.499733,5,1.3372,0.344255,25.744433,0.400912,46.716743,10,1.2888,0.252416,19.585335,0.319894,47.790288,21,1.242857,0.198875,16.001429,0.241853,49.228131,2026-09-23 08:04,2026-09-23 08,47,257,2026-09-23 08:02:46,2026-09-23 08:11:43,536.761,8.946017,115.607,247,2.181955,1.7825,6.549586,300.170474,9.221093,1.150612,0.8,104.089,0.75625,37.185837,33.660592,11.959017,32.16014,43.525346,30.846328,-12.679018,-1.897721,27.498272,2,309,309,4,11.167883,2026-09-23 08:02:46,2026-09-23 09:10:12,2.196961,1.906,5.885197,267.879029,8.281836,0.98947,0.8,104.089,0.753,35.359873,31.479538,11.595809,32.793695,154,-12.80929,232,41.764518,2.248767,232,41.764518,2.248767,232,41.764518,2.248767
legacy_236,legacy,nam_mo_a_mi_tuo_fo_phase_marker_v1,self_timed_phase_locked_respiration_chant,南無阿彌陀佛,南無,阿,彌陀佛,inspiration_to_expiration_transition,interval_between_two_consecutive_same_phase_taps,2026-09-23,08:04:44,2026-09-23 08:04:44,1790125484054,420,Wed,3,8,4,44,,chant,breath_chant_cycle,1,,1,,false,,,,3,17,235,80,2026-09-23_S01,1,80,0,1.867,1.867,32.137118,-0.085,0.085,-4.354508,1.399413,1,protocol_valid,3,1.656667,0.439978,26.558007,0.569573,38.334469,5,1.47,0.402661,27.391915,0.403138,43.169105,10,1.3489,0.311109,23.063899,0.318025,46.264663,21,1.285095,0.231735,18.032496,0.239567,47.843018,2026-09-23 08:04,2026-09-23 08,47,257,2026-09-23 08:02:46,2026-09-23 08:11:43,536.761,8.946017,117.474,247,2.181955,1.7825,6.549586,300.170474,9.221093,1.150612,0.8,104.089,0.75625,37.185837,33.660592,11.959017,32.16014,43.525346,30.846328,-12.679018,-1.897721,27.498272,2,309,309,4,11.167883,2026-09-23 08:02:46,2026-09-23 09:10:12,2.196961,1.906,5.885197,267.879029,8.281836,0.98947,0.8,104.089,0.753,35.359873,31.479538,11.595809,32.793695,154,-12.80929,232,41.764518,2.248767,232,41.764518,2.248767,232,41.764518,2.248767
legacy_237,legacy,nam_mo_a_mi_tuo_fo_phase_marker_v1,self_timed_phase_locked_respiration_chant,南無阿彌陀佛,南無,阿,彌陀佛,inspiration_to_expiration_transition,interval_between_two_consecutive_same_phase_taps,2026-09-23,08:04:45,2026-09-23 08:04:45,1790125485790,420,Wed,3,8,4,45,,chant,breath_chant_cycle,1,,1,,false,,,,3,18,236,81,2026-09-23_S01,1,81,0,1.736,1.736,34.562212,-0.131,0.131,-7.016604,2.425094,1,protocol_valid,3,1.851667,0.108813,5.876506,0.110422,32.479012,5,1.5782,0.382472,24.234687,0.408394,40.039706,10,1.4093,0.322735,22.900342,0.313652,44.420531,21,1.312952,0.249305,18.988101,0.239804,47.006524,2026-09-23 08:04,2026-09-23 08,47,257,2026-09-23 08:02:46,2026-09-23 08:11:43,536.761,8.946017,119.21,247,2.181955,1.7825,6.549586,300.170474,9.221093,1.150612,0.8,104.089,0.75625,37.185837,33.660592,11.959017,32.16014,43.525346,30.846328,-12.679018,-1.897721,27.498272,2,309,309,4,11.167883,2026-09-23 08:02:46,2026-09-23 09:10:12,2.196961,1.906,5.885197,267.879029,8.281836,0.98947,0.8,104.089,0.753,35.359873,31.479538,11.595809,32.793695,154,-12.80929,232,41.764518,2.248767,232,41.764518,2.248767,232,41.764518,2.248767
legacy_238,legacy,nam_mo_a_mi_tuo_fo_phase_marker_v1,self_timed_phase_locked_respiration_chant,南無阿彌陀佛,南無,阿,彌陀佛,inspiration_to_expiration_transition,interval_between_two_consecutive_same_phase_taps,2026-09-23,08:04:47,2026-09-23 08:04:47,1790125487408,420,Wed,3,8,4,47,,chant,breath_chant_cycle,1,,1,,false,,,,3,19,237,82,2026-09-23_S01,1,82,0,1.618,1.618,37.082818,-0.118,0.118,-6.797235,2.520606,1,protocol_valid,3,1.740333,0.124557,7.157051,0.12467,34.59405,5,1.6648,0.314093,18.866738,0.412284,37.329687,10,1.4374,0.327931,22.814199,0.303223,43.641154,21,1.341,0.248894,18.56031,0.229327,45.995751,2026-09-23 08:04,2026-09-23 08,47,257,2026-09-23 08:02:46,2026-09-23 08:11:43,536.761,8.946017,120.828,247,2.181955,1.7825,6.549586,300.170474,9.221093,1.150612,0.8,104.089,0.75625,37.185837,33.660592,11.959017,32.16014,43.525346,30.846328,-12.679018,-1.897721,27.498272,2,309,309,4,11.167883,2026-09-23 08:02:46,2026-09-23 09:10:12,2.196961,1.906,5.885197,267.879029,8.281836,0.98947,0.8,104.089,0.753,35.359873,31.479538,11.595809,32.793695,154,-12.80929,232,41.764518,2.248767,232,41.764518,2.248767,232,41.764518,2.248767
legacy_239,legacy,nam_mo_a_mi_tuo_fo_phase_marker_v1,self_timed_phase_locked_respiration_chant,南無阿彌陀佛,南無,阿,彌陀佛,inspiration_to_expiration_transition,interval_between_two_consecutive_same_phase_taps,2026-09-23,08:04:48,2026-09-23 08:04:48,1790125488942,420,Wed,3,8,4,48,,chant,breath_chant_cycle,1,,1,,false,,,,3,20,238,83,2026-09-23_S01,1,83,0,1.534,1.534,39.113429,-0.084,0.084,-5.191595,2.030611,1,protocol_valid,3,1.629333,0.101476,6.228055,0.102421,36.919486,5,1.7414,0.172046,9.879748,0.106496,34.726657,10,1.4839,0.301817,20.339436,0.28408,41.939775,21,1.349095,0.252419,18.710234,0.230047,45.763616,2026-09-23 08:04,2026-09-23 08,47,257,2026-09-23 08:02:46,2026-09-23 08:11:43,536.761,8.946017,122.362,247,2.181955,1.7825,6.549586,300.170474,9.221093,1.150612,0.8,104.089,0.75625,37.185837,33.660592,11.959017,32.16014,43.525346,30.846328,-12.679018,-1.897721,27.498272,2,309,309,4,11.167883,2026-09-23 08:02:46,2026-09-23 09:10:12,2.196961,1.906,5.885197,267.879029,8.281836,0.98947,0.8,104.089,0.753,35.359873,31.479538,11.595809,32.793695,154,-12.80929,232,41.764518,2.248767,232,41.764518,2.248767,232,41.764518,2.248767
legacy_240,legacy,nam_mo_a_mi_tuo_fo_phase_marker_v1,self_timed_phase_locked_respiration_chant,南無阿彌陀佛,南無,阿,彌陀佛,inspiration_to_expiration_transition,interval_between_two_consecutive_same_phase_taps,2026-09-23,08:04:50,2026-09-23 08:04:50,1790125490360,420,Wed,3,8,4,50,,chant,breath_chant_cycle,1,,1,,false,,,,4,0,239,84,2026-09-23_S01,1,84,0,1.418,1.418,42.313117,-0.116,0.116,-7.56193,3.199688,1,protocol_valid,3,1.523333,0.100426,6.592501,0.101272,39.503121,5,1.6346,0.174358,10.666723,0.113575,37.041739,10,1.4859,0.30125,20.273918,0.279234,41.879241,21,1.350667,0.252756,18.713431,0.230423,45.715607,2026-09-23 08:04,2026-09-23 08,47,257,2026-09-23 08:02:46,2026-09-23 08:11:43,536.761,8.946017,123.78,247,2.181955,1.7825,6.549586,300.170474,9.221093,1.150612,0.8,104.089,0.75625,37.185837,33.660592,11.959017,32.16014,43.525346,30.846328,-12.679018,-1.897721,27.498272,2,309,309,4,11.167883,2026-09-23 08:02:46,2026-09-23 09:10:12,2.196961,1.906,5.885197,267.879029,8.281836,0.98947,0.8,104.089,0.753,35.359873,31.479538,11.595809,32.793695,154,-12.80929,232,41.764518,2.248767,232,41.764518,2.248767,232,41.764518,2.248767
legacy_241,legacy,nam_mo_a_mi_tuo_fo_phase_marker_v1,self_timed_phase_locked_respiration_chant,南無阿彌陀佛,南無,阿,彌陀佛,inspiration_to_expiration_transition,interval_between_two_consecutive_same_phase_taps,2026-09-23,08:04:51,2026-09-23 08:04:51,1790125491744,420,Wed,3,8,4,51,,chant,breath_chant_cycle,1,,1,,false,,,,4,1,240,85,2026-09-23_S01,1,85,0,1.384,1.384,43.352601,-0.034,0.034,-2.397743,1.039484,1,protocol_valid,3,1.445333,0.078647,5.441436,0.085475,41.593049,5,1.538,0.144686,9.407404,0.094329,39.284835,10,1.504,0.287487,19.11484,0.279451,41.22697,21,1.355381,0.252393,18.621557,0.229417,45.556559,2026-09-23 08:04,2026-09-23 08,47,257,2026-09-23 08:02:46,2026-09-23 08:11:43,536.761,8.946017,125.164,247,2.181955,1.7825,6.549586,300.170474,9.221093,1.150612,0.8,104.089,0.75625,37.185837,33.660592,11.959017,32.16014,43.525346,30.846328,-12.679018,-1.897721,27.498272,2,309,309,4,11.167883,2026-09-23 08:02:46,2026-09-23 09:10:12,2.196961,1.906,5.885197,267.879029,8.281836,0.98947,0.8,104.089,0.753,35.359873,31.479538,11.595809,32.793695,154,-12.80929,232,41.764518,2.248767,232,41.764518,2.248767,232,41.764518,2.248767
legacy_242,legacy,nam_mo_a_mi_tuo_fo_phase_marker_v1,self_timed_phase_locked_respiration_chant,南無阿彌陀佛,南無,阿,彌陀佛,inspiration_to_expiration_transition,interval_between_two_consecutive_same_phase_taps,2026-09-23,08:04:53,2026-09-23 08:04:53,1790125493028,420,Wed,3,8,4,53,,chant,breath_chant_cycle,1,,1,,false,,,,4,2,241,86,2026-09-23_S01,1,86,0,1.284,1.284,46.728972,-0.1,0.1,-7.225434,3.376371,1,protocol_valid,3,1.362,0.069656,5.114266,0.074686,44.131563,5,1.4476,0.130563,9.019301,0.088978,41.718187,10,1.5129,0.278082,18.380733,0.281412,40.878947,21,1.36019,0.249894,18.371978,0.228018,45.366581,2026-09-23 08:04,2026-09-23 08,47,257,2026-09-23 08:02:46,2026-09-23 08:11:43,536.761,8.946017,126.448,247,2.181955,1.7825,6.549586,300.170474,9.221093,1.150612,0.8,104.089,0.75625,37.185837,33.660592,11.959017,32.16014,43.525346,30.846328,-12.679018,-1.897721,27.498272,2,309,309,4,11.167883,2026-09-23 08:02:46,2026-09-23 09:10:12,2.196961,1.906,5.885197,267.879029,8.281836,0.98947,0.8,104.089,0.753,35.359873,31.479538,11.595809,32.793695,154,-12.80929,232,41.764518,2.248767,232,41.764518,2.248767,232,41.764518,2.248767
legacy_243,legacy,nam_mo_a_mi_tuo_fo_phase_marker_v1,self_timed_phase_locked_respiration_chant,南無阿彌陀佛,南無,阿,彌陀佛,inspiration_to_expiration_transition,interval_between_two_consecutive_same_phase_taps,2026-09-23,08:04:54,2026-09-23 08:04:54,1790125494362,420,Wed,3,8,4,54,,chant,breath_chant_cycle,1,,1,,false,,,,4,3,242,87,2026-09-23_S01,1,87,0,1.334,1.334,44.977511,0.05,0.05,3.894081,-1.751461,1,protocol_valid,3,1.334,0.05,3.748126,0.079057,45.019695,5,1.3908,0.094769,6.814006,0.082329,43.297126,10,1.5278,0.262093,17.154914,0.281677,40.313407,21,1.36019,0.249894,18.371978,0.226839,45.366581,2026-09-23 08:04,2026-09-23 08,47,257,2026-09-23 08:02:46,2026-09-23 08:11:43,536.761,8.946017,127.782,247,2.181955,1.7825,6.549586,300.170474,9.221093,1.150612,0.8,104.089,0.75625,37.185837,33.660592,11.959017,32.16014,43.525346,30.846328,-12.679018,-1.897721,27.498272,2,309,309,4,11.167883,2026-09-23 08:02:46,2026-09-23 09:10:12,2.196961,1.906,5.885197,267.879029,8.281836,0.98947,0.8,104.089,0.753,35.359873,31.479538,11.595809,32.793695,154,-12.80929,232,41.764518,2.248767,232,41.764518,2.248767,232,41.764518,2.248767
legacy_244,legacy,nam_mo_a_mi_tuo_fo_phase_marker_v1,self_timed_phase_locked_respiration_chant,南無阿彌陀佛,南無,阿,彌陀佛,inspiration_to_expiration_transition,interval_between_two_consecutive_same_phase_taps,2026-09-23,08:04:55,2026-09-23 08:04:55,1790125495559,420,Wed,3,8,4,55,,chant,breath_chant_cycle,1,,1,,false,,,,4,4,243,88,2026-09-23_S01,1,88,0,1.197,1.197,50.125313,-0.137,0.137,-10.269865,5.147802,1,protocol_valid,3,1.271667,0.069328,5.451721,0.103124,47.277265,5,1.3234,0.086982,6.572586,0.090035,45.499503,10,1.5324,0.255054,16.644081,0.10069,40.11308,21,1.359143,0.250561,18.435194,0.228749,45.40966,2026-09-23 08:04,2026-09-23 08,47,257,2026-09-23 08:02:46,2026-09-23 08:11:43,536.761,8.946017,128.979,247,2.181955,1.7825,6.549586,300.170474,9.221093,1.150612,0.8,104.089,0.75625,37.185837,33.660592,11.959017,32.16014,43.525346,30.846328,-12.679018,-1.897721,27.498272,2,309,309,4,11.167883,2026-09-23 08:02:46,2026-09-23 09:10:12,2.196961,1.906,5.885197,267.879029,8.281836,0.98947,0.8,104.089,0.753,35.359873,31.479538,11.595809,32.793695,154,-12.80929,232,41.764518,2.248767,232,41.764518,2.248767,232,41.764518,2.248767
legacy_245,legacy,nam_mo_a_mi_tuo_fo_phase_marker_v1,self_timed_phase_locked_respiration_chant,南無阿彌陀佛,南無,阿,彌陀佛,inspiration_to_expiration_transition,interval_between_two_consecutive_same_phase_taps,2026-09-23,08:04:56,2026-09-23 08:04:56,1790125496794,420,Wed,3,8,4,56,,chant,breath_chant_cycle,1,,1,,false,,,,4,5,244,89,2026-09-23_S01,1,89,0,1.235,1.235,48.582996,0.038,0.038,3.174603,-1.542317,1,protocol_valid,3,1.255333,0.070727,5.634135,0.100531,47.895273,5,1.2868,0.074885,5.819442,0.090434,46.753479,10,1.4607,0.222722,15.247626,0.097449,41.897609,21,1.361667,0.248949,18.282658,0.228171,45.305925,2026-09-23 08:04,2026-09-23 08,47,257,2026-09-23 08:02:46,2026-09-23 08:11:43,536.761,8.946017,130.214,247,2.181955,1.7825,6.549586,300.170474,9.221093,1.150612,0.8,104.089,0.75625,37.185837,33.660592,11.959017,32.16014,43.525346,30.846328,-12.679018,-1.897721,27.498272,2,309,309,4,11.167883,2026-09-23 08:02:46,2026-09-23 09:10:12,2.196961,1.906,5.885197,267.879029,8.281836,0.98947,0.8,104.089,0.753,35.359873,31.479538,11.595809,32.793695,154,-12.80929,232,41.764518,2.248767,232,41.764518,2.248767,232,41.764518,2.248767
legacy_246,legacy,nam_mo_a_mi_tuo_fo_phase_marker_v1,self_timed_phase_locked_respiration_chant,南無阿彌陀佛,南無,阿,彌陀佛,inspiration_to_expiration_transition,interval_between_two_consecutive_same_phase_taps,2026-09-23,08:04:57,2026-09-23 08:04:57,1790125497997,420,Wed,3,8,4,57,,chant,breath_chant_cycle,1,,1,,false,,,,4,6,245,90,2026-09-23_S01,1,90,0,1.203,1.203,49.875312,-0.032,0.032,-2.591093,1.292316,1,protocol_valid,3,1.211667,0.020429,1.686003,0.035128,49.527874,5,1.2506,0.057994,4.637291,0.077034,48.058021,10,1.3943,0.183692,13.174525,0.087768,43.671428,21,1.366571,0.244511,17.892285,0.225245,45.083537,2026-09-23 08:04,2026-09-23 08,47,257,2026-09-23 08:02:46,2026-09-23 08:11:43,536.761,8.946017,131.417,247,2.181955,1.7825,6.549586,300.170474,9.221093,1.150612,0.8,104.089,0.75625,37.185837,33.660592,11.959017,32.16014,43.525346,30.846328,-12.679018,-1.897721,27.498272,2,309,309,4,11.167883,2026-09-23 08:02:46,2026-09-23 09:10:12,2.196961,1.906,5.885197,267.879029,8.281836,0.98947,0.8,104.089,0.753,35.359873,31.479538,11.595809,32.793695,154,-12.80929,232,41.764518,2.248767,232,41.764518,2.248767,232,41.764518,2.248767
legacy_247,legacy,nam_mo_a_mi_tuo_fo_phase_marker_v1,self_timed_phase_locked_respiration_chant,南無阿彌陀佛,南無,阿,彌陀佛,inspiration_to_expiration_transition,interval_between_two_consecutive_same_phase_taps,2026-09-23,08:04:59,2026-09-23 08:04:59,1790125499113,420,Wed,3,8,4,59,,chant,breath_chant_cycle,1,,1,,false,,,,4,7,246,91,2026-09-23_S01,1,91,0,1.116,1.116,53.763441,-0.087,0.087,-7.23192,3.888129,1,protocol_valid,3,1.184667,0.061582,5.198249,0.065548,50.740583,5,1.217,0.078756,6.471319,0.084862,49.464915,10,1.3323,0.158443,11.892453,0.083649,45.591551,21,1.359429,0.249731,18.37029,0.224089,45.386874,2026-09-23 08:04,2026-09-23 08,47,257,2026-09-23 08:02:46,2026-09-23 08:11:43,536.761,8.946017,132.533,247,2.181955,1.7825,6.549586,300.170474,9.221093,1.150612,0.8,104.089,0.75625,37.185837,33.660592,11.959017,32.16014,43.525346,30.846328,-12.679018,-1.897721,27.498272,2,309,309,4,11.167883,2026-09-23 08:02:46,2026-09-23 09:10:12,2.196961,1.906,5.885197,267.879029,8.281836,0.98947,0.8,104.089,0.753,35.359873,31.479538,11.595809,32.793695,154,-12.80929,232,41.764518,2.248767,232,41.764518,2.248767,232,41.764518,2.248767
legacy_248,legacy,nam_mo_a_mi_tuo_fo_phase_marker_v1,self_timed_phase_locked_respiration_chant,南無阿彌陀佛,南無,阿,彌陀佛,inspiration_to_expiration_transition,interval_between_two_consecutive_same_phase_taps,2026-09-23,08:05:00,2026-09-23 08:05:00,1790125500158,420,Wed,3,8,5,0,,chant,breath_chant_cycle,1,,1,,false,,,,4,8,247,92,2026-09-23_S01,1,92,0,1.045,1.045,57.416268,-0.071,0.071,-6.362007,3.652827,1,protocol_valid,3,1.121333,0.079135,7.057215,0.079404,53.685007,5,1.1592,0.077461,6.682277,0.061396,51.952666,10,1.275,0.146826,11.515798,0.0823,47.624896,21,1.355286,0.254371,18.768811,0.219925,45.597004,2026-09-23 08:05,2026-09-23 08,33,257,2026-09-23 08:02:46,2026-09-23 08:11:43,536.761,8.946017,133.578,247,2.181955,1.7825,6.549586,300.170474,9.221093,1.150612,0.8,104.089,0.75625,37.185837,33.660592,11.959017,32.16014,43.525346,30.846328,-12.679018,-1.897721,27.498272,2,309,309,4,11.167883,2026-09-23 08:02:46,2026-09-23 09:10:12,2.196961,1.906,5.885197,267.879029,8.281836,0.98947,0.8,104.089,0.753,35.359873,31.479538,11.595809,32.793695,154,-12.80929,232,41.764518,2.248767,232,41.764518,2.248767,232,41.764518,2.248767
legacy_249,legacy,nam_mo_a_mi_tuo_fo_phase_marker_v1,self_timed_phase_locked_respiration_chant,南無阿彌陀佛,南無,阿,彌陀佛,inspiration_to_expiration_transition,interval_between_two_consecutive_same_phase_taps,2026-09-23,08:05:01,2026-09-23 08:05:01,1790125501255,420,Wed,3,8,5,1,,chant,breath_chant_cycle,1,,1,,false,,,,4,9,248,93,2026-09-23_S01,1,93,0,1.097,1.097,54.694622,0.052,0.052,4.976077,-2.721646,1,protocol_valid,3,1.086,0.036756,3.384526,0.062229,55.291443,5,1.1392,0.078168,6.861637,0.06391,52.866528,10,1.2313,0.124512,10.112201,0.07469,49.183015,21,1.343857,0.26055,19.388225,0.211922,46.06453,2026-09-23 08:05,2026-09-23 08,33,257,2026-09-23 08:02:46,2026-09-23 08:11:43,536.761,8.946017,134.675,247,2.181955,1.7825,6.549586,300.170474,9.221093,1.150612,0.8,104.089,0.75625,37.185837,33.660592,11.959017,32.16014,43.525346,30.846328,-12.679018,-1.897721,27.498272,2,309,309,4,11.167883,2026-09-23 08:02:46,2026-09-23 09:10:12,2.196961,1.906,5.885197,267.879029,8.281836,0.98947,0.8,104.089,0.753,35.359873,31.479538,11.595809,32.793695,154,-12.80929,232,41.764518,2.248767,232,41.764518,2.248767,232,41.764518,2.248767
legacy_250,legacy,nam_mo_a_mi_tuo_fo_phase_marker_v1,self_timed_phase_locked_respiration_chant,南無阿彌陀佛,南無,阿,彌陀佛,inspiration_to_expiration_transition,interval_between_two_consecutive_same_phase_taps,2026-09-23,08:05:05,2026-09-23 08:05:05,1790125505546,420,Wed,3,8,5,5,,chant,breath_chant_cycle,1,,1,,false,,,,4,10,249,94,2026-09-23_S01,1,94,0,4.291,4.291,13.982755,3.194,3.194,291.157703,-40.711867,1,protocol_valid,3,2.144333,1.85925,86.705254,2.258798,42.031215,5,1.7504,1.42138,81.203127,1.598198,45.946479,10,1.5186,0.979854,64.5235,1.067223,46.349979,21,1.497286,0.68824,45.965839,0.741337,44.05765,2026-09-23 08:05,2026-09-23 08,33,257,2026-09-23 08:02:46,2026-09-23 08:11:43,536.761,8.946017,138.966,247,2.181955,1.7825,6.549586,300.170474,9.221093,1.150612,0.8,104.089,0.75625,37.185837,33.660592,11.959017,32.16014,43.525346,30.846328,-12.679018,-1.897721,27.498272,2,309,309,4,11.167883,2026-09-23 08:02:46,2026-09-23 09:10:12,2.196961,1.906,5.885197,267.879029,8.281836,0.98947,0.8,104.089,0.753,35.359873,31.479538,11.595809,32.793695,154,-12.80929,232,41.764518,2.248767,232,41.764518,2.248767,232,41.764518,2.248767
legacy_251,legacy,nam_mo_a_mi_tuo_fo_phase_marker_v1,self_timed_phase_locked_respiration_chant,南無阿彌陀佛,南無,阿,彌陀佛,inspiration_to_expiration_transition,interval_between_two_consecutive_same_phase_taps,2026-09-23,08:05:06,2026-09-23 08:05:06,1790125506614,420,Wed,3,8,5,6,,chant,breath_chant_cycle,1,,1,,false,,,,4,11,250,95,2026-09-23_S01,1,95,0,1.068,1.068,56.179775,-3.223,3.223,-75.110697,42.197021,1,protocol_valid,3,2.152,1.852485,86.082021,3.208533,41.619051,5,1.7234,1.435588,83.299784,2.269202,47.207372,10,1.487,0.989723,66.558355,1.513951,47.632696,21,1.481571,0.69436,46.866481,1.032989,44.689142,2026-09-23 08:05,2026-09-23 08,33,257,2026-09-23 08:02:46,2026-09-23 08:11:43,536.761,8.946017,140.034,247,2.181955,1.7825,6.549586,300.170474,9.221093,1.150612,0.8,104.089,0.75625,37.185837,33.660592,11.959017,32.16014,43.525346,30.846328,-12.679018,-1.897721,27.498272,2,309,309,4,11.167883,2026-09-23 08:02:46,2026-09-23 09:10:12,2.196961,1.906,5.885197,267.879029,8.281836,0.98947,0.8,104.089,0.753,35.359873,31.479538,11.595809,32.793695,154,-12.80929,232,41.764518,2.248767,232,41.764518,2.248767,232,41.764518,2.248767
legacy_252,legacy,nam_mo_a_mi_tuo_fo_phase_marker_v1,self_timed_phase_locked_respiration_chant,南無阿彌陀佛,南無,阿,彌陀佛,inspiration_to_expiration_transition,interval_between_two_consecutive_same_phase_taps,2026-09-23,08:05:07,2026-09-23 08:05:07,1790125507566,420,Wed,3,8,5,7,,chant,breath_chant_cycle,1,,1,,false,,,,4,12,251,96,2026-09-23_S01,1,96,0,0.952,0.952,63.02521,-0.116,0.116,-10.861423,6.845435,1,protocol_valid,3,2.103667,1.895174,90.089081,2.280481,44.395913,5,1.6906,1.454682,86.045321,2.269665,49.059726,10,1.4538,1.002771,68.975881,1.514353,49.26232,21,1.469619,0.701519,47.734734,1.033313,45.315327,2026-09-23 08:05,2026-09-23 08,33,257,2026-09-23 08:02:46,2026-09-23 08:11:43,536.761,8.946017,140.986,247,2.181955,1.7825,6.549586,300.170474,9.221093,1.150612,0.8,104.089,0.75625,37.185837,33.660592,11.959017,32.16014,43.525346,30.846328,-12.679018,-1.897721,27.498272,2,309,309,4,11.167883,2026-09-23 08:02:46,2026-09-23 09:10:12,2.196961,1.906,5.885197,267.879029,8.281836,0.98947,0.8,104.089,0.753,35.359873,31.479538,11.595809,32.793695,154,-12.80929,232,41.764518,2.248767,232,41.764518,2.248767,232,41.764518,2.248767
legacy_253,legacy,nam_mo_a_mi_tuo_fo_phase_marker_v1,self_timed_phase_locked_respiration_chant,南無阿彌陀佛,南無,阿,彌陀佛,inspiration_to_expiration_transition,interval_between_two_consecutive_same_phase_taps,2026-09-23,08:05:08,2026-09-23 08:05:08,1790125508603,420,Wed,3,8,5,8,,chant,breath_chant_cycle,1,,1,,false,,,,4,13,252,97,2026-09-23_S01,1,97,0,1.037,1.037,57.859209,0.085,0.085,8.928571,-5.166001,1,protocol_valid,3,1.019,0.060058,5.893847,0.101688,59.021398,5,1.689,1.455574,86.179629,2.269914,49.148314,10,1.4241,1.011078,70.997661,1.513929,50.55049,21,1.462095,0.705448,48.249086,1.033485,45.679613,2026-09-23 08:05,2026-09-23 08,33,257,2026-09-23 08:02:46,2026-09-23 08:11:43,536.761,8.946017,142.023,247,2.181955,1.7825,6.549586,300.170474,9.221093,1.150612,0.8,104.089,0.75625,37.185837,33.660592,11.959017,32.16014,43.525346,30.846328,-12.679018,-1.897721,27.498272,2,309,309,4,11.167883,2026-09-23 08:02:46,2026-09-23 09:10:12,2.196961,1.906,5.885197,267.879029,8.281836,0.98947,0.8,104.089,0.753,35.359873,31.479538,11.595809,32.793695,154,-12.80929,232,41.764518,2.248767,232,41.764518,2.248767,232,41.764518,2.248767
legacy_254,legacy,nam_mo_a_mi_tuo_fo_phase_marker_v1,self_timed_phase_locked_respiration_chant,南無阿彌陀佛,南無,阿,彌陀佛,inspiration_to_expiration_transition,interval_between_two_consecutive_same_phase_taps,2026-09-23,08:05:09,2026-09-23 08:05:09,1790125509901,420,Wed,3,8,5,9,,chant,breath_chant_cycle,1,,1,,false,,,,4,14,253,98,2026-09-23_S01,1,98,0,1.298,1.298,46.224961,0.261,0.261,25.168756,-11.634248,1,protocol_valid,3,1.095667,0.180306,16.456302,0.194095,55.703127,5,1.7292,1.437804,83.148495,1.618373,47.454382,10,1.4342,1.009059,70.356958,1.516374,50.160455,21,1.467476,0.703657,47.950147,1.035104,45.469711,2026-09-23 08:05,2026-09-23 08,33,257,2026-09-23 08:02:46,2026-09-23 08:11:43,536.761,8.946017,143.321,247,2.181955,1.7825,6.549586,300.170474,9.221093,1.150612,0.8,104.089,0.75625,37.185837,33.660592,11.959017,32.16014,43.525346,30.846328,-12.679018,-1.897721,27.498272,2,309,309,4,11.167883,2026-09-23 08:02:46,2026-09-23 09:10:12,2.196961,1.906,5.885197,267.879029,8.281836,0.98947,0.8,104.089,0.753,35.359873,31.479538,11.595809,32.793695,154,-12.80929,232,41.764518,2.248767,232,41.764518,2.248767,232,41.764518,2.248767
legacy_255,legacy,nam_mo_a_mi_tuo_fo_phase_marker_v1,self_timed_phase_locked_respiration_chant,南無阿彌陀佛,南無,阿,彌陀佛,inspiration_to_expiration_transition,interval_between_two_consecutive_same_phase_taps,2026-09-23,08:05:10,2026-09-23 08:05:10,1790125510918,420,Wed,3,8,5,10,,chant,breath_chant_cycle,1,,1,,false,,,,4,15,254,99,2026-09-23_S01,1,99,0,1.017,1.017,58.99705,-0.281,0.281,-21.64869,12.772089,1,protocol_valid,3,1.117333,0.156781,14.031727,0.271184,54.360407,5,1.0744,0.132016,12.287443,0.204794,56.457241,10,1.4124,1.016171,71.946407,1.519226,51.20186,21,1.461095,0.707269,48.406748,1.021424,45.796781,2026-09-23 08:05,2026-09-23 08,33,257,2026-09-23 08:02:46,2026-09-23 08:11:43,536.761,8.946017,144.338,247,2.181955,1.7825,6.549586,300.170474,9.221093,1.150612,0.8,104.089,0.75625,37.185837,33.660592,11.959017,32.16014,43.525346,30.846328,-12.679018,-1.897721,27.498272,2,309,309,4,11.167883,2026-09-23 08:02:46,2026-09-23 09:10:12,2.196961,1.906,5.885197,267.879029,8.281836,0.98947,0.8,104.089,0.753,35.359873,31.479538,11.595809,32.793695,154,-12.80929,232,41.764518,2.248767,232,41.764518,2.248767,232,41.764518,2.248767
legacy_256,legacy,nam_mo_a_mi_tuo_fo_phase_marker_v1,self_timed_phase_locked_respiration_chant,南無阿彌陀佛,南無,阿,彌陀佛,inspiration_to_expiration_transition,interval_between_two_consecutive_same_phase_taps,2026-09-23,08:05:12,2026-09-23 08:05:12,1790125512069,420,Wed,3,8,5,12,,chant,breath_chant_cycle,1,,1,,false,,,,4,16,255,100,2026-09-23_S01,1,100,0,1.151,1.151,52.128584,0.134,0.134,13.176008,-6.868466,1,protocol_valid,3,1.155333,0.14055,12.16533,0.220133,52.450198,5,1.091,0.136164,12.480615,0.207523,55.647003,10,1.4072,1.017494,72.306271,1.519606,51.427188,21,1.422952,0.701042,49.266726,1.021687,46.815394,2026-09-23 08:05,2026-09-23 08,33,257,2026-09-23 08:02:46,2026-09-23 08:11:43,536.761,8.946017,145.489,247,2.181955,1.7825,6.549586,300.170474,9.221093,1.150612,0.8,104.089,0.75625,37.185837,33.660592,11.959017,32.16014,43.525346,30.846328,-12.679018,-1.897721,27.498272,2,309,309,4,11.167883,2026-09-23 08:02:46,2026-09-23 09:10:12,2.196961,1.906,5.885197,267.879029,8.281836,0.98947,0.8,104.089,0.753,35.359873,31.479538,11.595809,32.793695,154,-12.80929,232,41.764518,2.248767,232,41.764518,2.248767,232,41.764518,2.248767
legacy_257,legacy,nam_mo_a_mi_tuo_fo_phase_marker_v1,self_timed_phase_locked_respiration_chant,南無阿彌陀佛,南無,阿,彌陀佛,inspiration_to_expiration_transition,interval_between_two_consecutive_same_phase_taps,2026-09-23,08:05:13,2026-09-23 08:05:13,1790125513151,420,Wed,3,8,5,13,,chant,breath_chant_cycle,1,,1,,false,,,,4,17,256,101,2026-09-23_S01,1,101,0,1.082,1.082,55.452865,-0.069,0.069,-5.994787,3.324281,1,protocol_valid,3,1.083333,0.06701,6.185534,0.106576,55.526166,5,1.117,0.113514,10.162428,0.206033,54.132534,10,1.4038,1.018631,72.562416,1.519596,51.59613,21,1.385571,0.697098,50.311261,1.021384,47.925668,2026-09-23 08:05,2026-09-23 08,33,257,2026-09-23 08:02:46,2026-09-23 08:11:43,536.761,8.946017,146.571,247,2.181955,1.7825,6.549586,300.170474,9.221093,1.150612,0.8,104.089,0.75625,37.185837,33.660592,11.959017,32.16014,43.525346,30.846328,-12.679018,-1.897721,27.498272,2,309,309,4,11.167883,2026-09-23 08:02:46,2026-09-23 09:10:12,2.196961,1.906,5.885197,267.879029,8.281836,0.98947,0.8,104.089,0.753,35.359873,31.479538,11.595809,32.793695,154,-12.80929,232,41.764518,2.248767,232,41.764518,2.248767,232,41.764518,2.248767
legacy_258,legacy,nam_mo_a_mi_tuo_fo_phase_marker_v1,self_timed_phase_locked_respiration_chant,南無阿彌陀佛,南無,阿,彌陀佛,inspiration_to_expiration_transition,interval_between_two_consecutive_same_phase_taps,2026-09-23,08:05:14,2026-09-23 08:05:14,1790125514187,420,Wed,3,8,5,14,,chant,breath_chant_cycle,1,,1,,false,,,,4,18,257,102,2026-09-23_S01,1,102,0,1.036,1.036,57.915058,-0.046,0.046,-4.251386,2.462193,1,protocol_valid,3,1.089667,0.057882,5.311906,0.058639,55.165502,5,1.1168,0.113691,10.18009,0.161085,54.143704,10,1.4029,1.018987,72.634354,1.519575,51.646009,21,1.352238,0.69624,51.487945,1.021095,49.037708,2026-09-23 08:05,2026-09-23 08,33,257,2026-09-23 08:02:46,2026-09-23 08:11:43,536.761,8.946017,147.607,247,2.181955,1.7825,6.549586,300.170474,9.221093,1.150612,0.8,104.089,0.75625,37.185837,33.660592,11.959017,32.16014,43.525346,30.846328,-12.679018,-1.897721,27.498272,2,309,309,4,11.167883,2026-09-23 08:02:46,2026-09-23 09:10:12,2.196961,1.906,5.885197,267.879029,8.281836,0.98947,0.8,104.089,0.753,35.359873,31.479538,11.595809,32.793695,154,-12.80929,232,41.764518,2.248767,232,41.764518,2.248767,232,41.764518,2.248767
legacy_259,legacy,nam_mo_a_mi_tuo_fo_phase_marker_v1,self_timed_phase_locked_respiration_chant,南無阿彌陀佛,南無,阿,彌陀佛,inspiration_to_expiration_transition,interval_between_two_consecutive_same_phase_taps,2026-09-23,08:05:15,2026-09-23 08:05:15,1790125515534,420,Wed,3,8,5,15,,chant,breath_chant_cycle,1,,1,,false,,,,4,19,258,103,2026-09-23_S01,1,103,0,1.347,1.347,44.54343,0.311,0.311,30.019305,-13.371628,1,protocol_valid,3,1.155,0.16786,14.533339,0.222303,52.637118,5,1.1266,0.133586,11.857474,0.174323,53.807397,10,1.4279,1.013702,70.992473,1.089192,50.63089,21,1.339333,0.693574,51.785003,1.023287,49.392975,2026-09-23 08:05,2026-09-23 08,33,257,2026-09-23 08:02:46,2026-09-23 08:11:43,536.761,8.946017,148.954,247,2.181955,1.7825,6.549586,300.170474,9.221093,1.150612,0.8,104.089,0.75625,37.185837,33.660592,11.959017,32.16014,43.525346,30.846328,-12.679018,-1.897721,27.498272,2,309,309,4,11.167883,2026-09-23 08:02:46,2026-09-23 09:10:12,2.196961,1.906,5.885197,267.879029,8.281836,0.98947,0.8,104.089,0.753,35.359873,31.479538,11.595809,32.793695,154,-12.80929,232,41.764518,2.248767,232,41.764518,2.248767,232,41.764518,2.248767
legacy_260,legacy,nam_mo_a_mi_tuo_fo_phase_marker_v1,self_timed_phase_locked_respiration_chant,南無阿彌陀佛,南無,阿,彌陀佛,inspiration_to_expiration_transition,interval_between_two_consecutive_same_phase_taps,2026-09-23,08:05:17,2026-09-23 08:05:17,1790125517137,420,Wed,3,8,5,17,,chant,breath_chant_cycle,1,,1,,false,,,,4,20,259,104,2026-09-23_S01,1,104,0,1.603,1.603,37.429819,0.256,0.256,19.005197,-7.113611,1,protocol_valid,3,1.328667,0.283944,21.370615,0.284831,46.629436,5,1.2438,0.233263,18.754073,0.20563,49.493951,10,1.1591,0.19975,17.233206,0.198565,52.975596,21,1.342619,0.694705,51.742499,1.024559,49.312803,2026-09-23 08:05,2026-09-23 08,33,257,2026-09-23 08:02:46,2026-09-23 08:11:43,536.761,8.946017,150.557,247,2.181955,1.7825,6.549586,300.170474,9.221093,1.150612,0.8,104.089,0.75625,37.185837,33.660592,11.959017,32.16014,43.525346,30.846328,-12.679018,-1.897721,27.498272,2,309,309,4,11.167883,2026-09-23 08:02:46,2026-09-23 09:10:12,2.196961,1.906,5.885197,267.879029,8.281836,0.98947,0.8,104.089,0.753,35.359873,31.479538,11.595809,32.793695,154,-12.80929,232,41.764518,2.248767,232,41.764518,2.248767,232,41.764518,2.248767
legacy_261,legacy,nam_mo_a_mi_tuo_fo_phase_marker_v1,self_timed_phase_locked_respiration_chant,南無阿彌陀佛,南無,阿,彌陀佛,inspiration_to_expiration_transition,interval_between_two_consecutive_same_phase_taps,2026-09-23,08:05:18,2026-09-23 08:05:18,1790125518440,420,Wed,3,8,5,18,,chant,breath_chant_cycle,1,,1,,false,,,,5,0,260,105,2026-09-23_S01,1,105,0,1.303,1.303,46.047583,-0.3,0.3,-18.71491,8.617763,1,protocol_valid,3,1.417667,0.162004,11.427518,0.278869,42.67361,5,1.2742,0.227991,17.89284,0.252177,48.277751,10,1.1826,0.201656,17.051922,0.218936,51.962377,21,1.337143,0.694534,51.941643,1.026725,49.490635,2026-09-23 08:05,2026-09-23 08,33,257,2026-09-23 08:02:46,2026-09-23 08:11:43,536.761,8.946017,151.86,247,2.181955,1.7825,6.549586,300.170474,9.221093,1.150612,0.8,104.089,0.75625,37.185837,33.660592,11.959017,32.16014,43.525346,30.846328,-12.679018,-1.897721,27.498272,2,309,309,4,11.167883,2026-09-23 08:02:46,2026-09-23 09:10:12,2.196961,1.906,5.885197,267.879029,8.281836,0.98947,0.8,104.089,0.753,35.359873,31.479538,11.595809,32.793695,154,-12.80929,232,41.764518,2.248767,232,41.764518,2.248767,232,41.764518,2.248767
legacy_262,legacy,nam_mo_a_mi_tuo_fo_phase_marker_v1,self_timed_phase_locked_respiration_chant,南無阿彌陀佛,南無,阿,彌陀佛,inspiration_to_expiration_transition,interval_between_two_consecutive_same_phase_taps,2026-09-23,08:05:20,2026-09-23 08:05:20,1790125520067,420,Wed,3,8,5,20,,chant,breath_chant_cycle,1,,1,,false,,,,5,1,261,106,2026-09-23_S01,1,106,0,1.627,1.627,36.877689,0.324,0.324,24.865695,-9.169894,1,protocol_valid,3,1.511,0.180533,11.947885,0.312231,40.118364,5,1.3832,0.24292,17.562186,0.298845,44.562716,10,1.2501,0.227239,18.177682,0.242475,49.347625,21,1.348714,0.697372,51.70644,1.029035,49.182306,2026-09-23 08:05,2026-09-23 08,33,257,2026-09-23 08:02:46,2026-09-23 08:11:43,536.761,8.946017,153.487,247,2.181955,1.7825,6.549586,300.170474,9.221093,1.150612,0.8,104.089,0.75625,37.185837,33.660592,11.959017,32.16014,43.525346,30.846328,-12.679018,-1.897721,27.498272,2,309,309,4,11.167883,2026-09-23 08:02:46,2026-09-23 09:10:12,2.196961,1.906,5.885197,267.879029,8.281836,0.98947,0.8,104.089,0.753,35.359873,31.479538,11.595809,32.793695,154,-12.80929,232,41.764518,2.248767,232,41.764518,2.248767,232,41.764518,2.248767
legacy_263,legacy,nam_mo_a_mi_tuo_fo_phase_marker_v1,self_timed_phase_locked_respiration_chant,南無阿彌陀佛,南無,阿,彌陀佛,inspiration_to_expiration_transition,interval_between_two_consecutive_same_phase_taps,2026-09-23,08:05:21,2026-09-23 08:05:21,1790125521884,420,Wed,3,8,5,21,,chant,breath_chant_cycle,1,,1,,false,,,,5,2,262,107,2026-09-23_S01,1,107,0,1.817,1.817,33.021464,0.19,0.19,11.677935,-3.856225,1,protocol_valid,3,1.582333,0.259895,16.424785,0.26559,38.648912,5,1.5394,0.213122,13.844456,0.27231,39.583997,10,1.3281,0.274846,20.694676,0.235024,46.86385,21,1.374095,0.704561,51.274564,1.029851,48.529567,2026-09-23 08:05,2026-09-23 08,33,257,2026-09-23 08:02:46,2026-09-23 08:11:43,536.761,8.946017,155.304,247,2.181955,1.7825,6.549586,300.170474,9.221093,1.150612,0.8,104.089,0.75625,37.185837,33.660592,11.959017,32.16014,43.525346,30.846328,-12.679018,-1.897721,27.498272,2,309,309,4,11.167883,2026-09-23 08:02:46,2026-09-23 09:10:12,2.196961,1.906,5.885197,267.879029,8.281836,0.98947,0.8,104.089,0.753,35.359873,31.479538,11.595809,32.793695,154,-12.80929,232,41.764518,2.248767,232,41.764518,2.248767,232,41.764518,2.248767
legacy_264,legacy,nam_mo_a_mi_tuo_fo_phase_marker_v1,self_timed_phase_locked_respiration_chant,南無阿彌陀佛,南無,阿,彌陀佛,inspiration_to_expiration_transition,interval_between_two_consecutive_same_phase_taps,2026-09-23,08:05:23,2026-09-23 08:05:23,1790125523854,420,Wed,3,8,5,23,,chant,breath_chant_cycle,1,,1,,false,,,,5,3,263,108,2026-09-23_S01,1,108,0,1.97,1.97,30.456853,0.153,0.153,8.420473,-2.564611,1,protocol_valid,3,1.804667,0.171832,9.521552,0.172495,33.452002,5,1.664,0.251225,15.097656,0.252233,36.766681,10,1.3953,0.340887,24.431073,0.221504,45.287039,21,1.404381,0.716323,51.006302,1.029963,47.838107,2026-09-23 08:05,2026-09-23 08,33,257,2026-09-23 08:02:46,2026-09-23 08:11:43,536.761,8.946017,157.274,247,2.181955,1.7825,6.549586,300.170474,9.221093,1.150612,0.8,104.089,0.75625,37.185837,33.660592,11.959017,32.16014,43.525346,30.846328,-12.679018,-1.897721,27.498272,2,309,309,4,11.167883,2026-09-23 08:02:46,2026-09-23 09:10:12,2.196961,1.906,5.885197,267.879029,8.281836,0.98947,0.8,104.089,0.753,35.359873,31.479538,11.595809,32.793695,154,-12.80929,232,41.764518,2.248767,232,41.764518,2.248767,232,41.764518,2.248767
legacy_265,legacy,nam_mo_a_mi_tuo_fo_phase_marker_v1,self_timed_phase_locked_respiration_chant,南無阿彌陀佛,南無,阿,彌陀佛,inspiration_to_expiration_transition,interval_between_two_consecutive_same_phase_taps,2026-09-23,08:05:26,2026-09-23 08:05:26,1790125526221,420,Wed,3,8,5,26,,chant,breath_chant_cycle,1,,1,,false,,,,5,4,264,109,2026-09-23_S01,1,109,0,2.367,2.367,25.348542,0.397,0.397,20.152284,-5.10831,1,protocol_valid,3,2.051333,0.283877,13.838673,0.300847,29.608953,5,1.8168,0.395666,21.778155,0.283767,34.350426,10,1.5303,0.430074,28.103912,0.254128,41.922189,21,1.460095,0.744339,50.978795,1.033747,46.658261,2026-09-23 08:05,2026-09-23 08,33,257,2026-09-23 08:02:46,2026-09-23 08:11:43,536.761,8.946017,159.641,247,2.181955,1.7825,6.549586,300.170474,9.221093,1.150612,0.8,104.089,0.75625,37.185837,33.660592,11.959017,32.16014,43.525346,30.846328,-12.679018,-1.897721,27.498272,2,309,309,4,11.167883,2026-09-23 08:02:46,2026-09-23 09:10:12,2.196961,1.906,5.885197,267.879029,8.281836,0.98947,0.8,104.089,0.753,35.359873,31.479538,11.595809,32.793695,154,-12.80929,232,41.764518,2.248767,232,41.764518,2.248767,232,41.764518,2.248767
legacy_266,legacy,nam_mo_a_mi_tuo_fo_phase_marker_v1,self_timed_phase_locked_respiration_chant,南無阿彌陀佛,南無,阿,彌陀佛,inspiration_to_expiration_transition,interval_between_two_consecutive_same_phase_taps,2026-09-23,08:05:28,2026-09-23 08:05:28,1790125528073,420,Wed,3,8,5,28,,chant,breath_chant_cycle,1,,1,,false,,,,5,5,265,110,2026-09-23_S01,1,110,0,1.852,1.852,32.397408,-0.515,0.515,-21.757499,7.048866,1,protocol_valid,3,2.063,0.269802,13.078128,0.459801,29.400934,5,1.9266,0.275306,14.289724,0.347255,31.620391,10,1.6004,0.418351,26.140389,0.305813,39.949071,21,1.489476,0.747181,50.164043,1.040117,45.887519,2026-09-23 08:05,2026-09-23 08,33,257,2026-09-23 08:02:46,2026-09-23 08:11:43,536.761,8.946017,161.493,247,2.181955,1.7825,6.549586,300.170474,9.221093,1.150612,0.8,104.089,0.75625,37.185837,33.660592,11.959017,32.16014,43.525346,30.846328,-12.679018,-1.897721,27.498272,2,309,309,4,11.167883,2026-09-23 08:02:46,2026-09-23 09:10:12,2.196961,1.906,5.885197,267.879029,8.281836,0.98947,0.8,104.089,0.753,35.359873,31.479538,11.595809,32.793695,154,-12.80929,232,41.764518,2.248767,232,41.764518,2.248767,232,41.764518,2.248767
legacy_267,legacy,nam_mo_a_mi_tuo_fo_phase_marker_v1,self_timed_phase_locked_respiration_chant,南無阿彌陀佛,南無,阿,彌陀佛,inspiration_to_expiration_transition,interval_between_two_consecutive_same_phase_taps,2026-09-23,08:05:30,2026-09-23 08:05:30,1790125530124,420,Wed,3,8,5,30,,chant,breath_chant_cycle,1,,1,,false,,,,5,6,266,111,2026-09-23_S01,1,111,0,2.051,2.051,29.254022,0.199,0.199,10.74514,-3.143386,1,protocol_valid,3,2.09,0.259706,12.426105,0.390401,28.999991,5,2.0114,0.219621,10.918803,0.348513,30.095658,10,1.6973,0.396591,23.366012,0.312548,37.329187,21,1.529857,0.75381,49.27325,1.040886,44.905553,2026-09-23 08:05,2026-09-23 08,33,257,2026-09-23 08:02:46,2026-09-23 08:11:43,536.761,8.946017,163.544,247,2.181955,1.7825,6.549586,300.170474,9.221093,1.150612,0.8,104.089,0.75625,37.185837,33.660592,11.959017,32.16014,43.525346,30.846328,-12.679018,-1.897721,27.498272,2,309,309,4,11.167883,2026-09-23 08:02:46,2026-09-23 09:10:12,2.196961,1.906,5.885197,267.879029,8.281836,0.98947,0.8,104.089,0.753,35.359873,31.479538,11.595809,32.793695,154,-12.80929,232,41.764518,2.248767,232,41.764518,2.248767,232,41.764518,2.248767
legacy_268,legacy,nam_mo_a_mi_tuo_fo_phase_marker_v1,self_timed_phase_locked_respiration_chant,南無阿彌陀佛,南無,阿,彌陀佛,inspiration_to_expiration_transition,interval_between_two_consecutive_same_phase_taps,2026-09-23,08:05:32,2026-09-23 08:05:32,1790125532692,420,Wed,3,8,5,32,,chant,breath_chant_cycle,1,,1,,false,,,,5,7,267,112,2026-09-23_S01,1,112,0,2.568,2.568,23.364486,0.517,0.517,25.207216,-5.889536,1,protocol_valid,3,2.157,0.369582,17.134084,0.391721,28.338639,5,2.1616,0.296709,13.726366,0.427119,28.164262,10,1.8505,0.408474,22.07372,0.341524,33.87413,21,1.599,0.780086,48.785835,1.047166,43.457984,2026-09-23 08:05,2026-09-23 08,33,257,2026-09-23 08:02:46,2026-09-23 08:11:43,536.761,8.946017,166.112,247,2.181955,1.7825,6.549586,300.170474,9.221093,1.150612,0.8,104.089,0.75625,37.185837,33.660592,11.959017,32.16014,43.525346,30.846328,-12.679018,-1.897721,27.498272,2,309,309,4,11.167883,2026-09-23 08:02:46,2026-09-23 09:10:12,2.196961,1.906,5.885197,267.879029,8.281836,0.98947,0.8,104.089,0.753,35.359873,31.479538,11.595809,32.793695,154,-12.80929,232,41.764518,2.248767,232,41.764518,2.248767,232,41.764518,2.248767
legacy_269,legacy,nam_mo_a_mi_tuo_fo_phase_marker_v1,self_timed_phase_locked_respiration_chant,南無阿彌陀佛,南無,阿,彌陀佛,inspiration_to_expiration_transition,interval_between_two_consecutive_same_phase_taps,2026-09-23,08:05:34,2026-09-23 08:05:34,1790125534772,420,Wed,3,8,5,34,,chant,breath_chant_cycle,1,,1,,false,,,,5,8,268,113,2026-09-23_S01,1,113,0,2.08,2.08,28.846154,-0.488,0.488,-19.003115,5.481668,1,protocol_valid,3,2.233,0.290481,13.008537,0.502709,27.154887,5,2.1836,0.282698,12.94643,0.450072,27.842123,10,1.9238,0.372244,19.349407,0.368534,32.304402,21,1.648286,0.776019,47.080355,1.052772,42.097502,2026-09-23 08:05,2026-09-23 08,33,257,2026-09-23 08:02:46,2026-09-23 08:11:43,536.761,8.946017,168.192,247,2.181955,1.7825,6.549586,300.170474,9.221093,1.150612,0.8,104.089,0.75625,37.185837,33.660592,11.959017,32.16014,43.525346,30.846328,-12.679018,-1.897721,27.498272,2,309,309,4,11.167883,2026-09-23 08:02:46,2026-09-23 09:10:12,2.196961,1.906,5.885197,267.879029,8.281836,0.98947,0.8,104.089,0.753,35.359873,31.479538,11.595809,32.793695,154,-12.80929,232,41.764518,2.248767,232,41.764518,2.248767,232,41.764518,2.248767
legacy_270,legacy,nam_mo_a_mi_tuo_fo_phase_marker_v1,self_timed_phase_locked_respiration_chant,南無阿彌陀佛,南無,阿,彌陀佛,inspiration_to_expiration_transition,interval_between_two_consecutive_same_phase_taps,2026-09-23,08:05:36,2026-09-23 08:05:36,1790125536788,420,Wed,3,8,5,36,,chant,breath_chant_cycle,1,,1,,false,,,,5,9,269,114,2026-09-23_S01,1,114,0,2.016,2.016,29.761905,-0.064,0.064,-3.076923,0.915751,1,protocol_valid,3,2.221333,0.301923,13.59196,0.348023,27.324182,5,2.1134,0.26902,12.729255,0.370517,28.724795,10,1.9651,0.355218,18.076352,0.355348,31.537611,21,1.692048,0.769259,45.46319,0.773597,40.91023,2026-09-23 08:05,2026-09-23 08,33,257,2026-09-23 08:02:46,2026-09-23 08:11:43,536.761,8.946017,170.208,247,2.181955,1.7825,6.549586,300.170474,9.221093,1.150612,0.8,104.089,0.75625,37.185837,33.660592,11.959017,32.16014,43.525346,30.846328,-12.679018,-1.897721,27.498272,2,309,309,4,11.167883,2026-09-23 08:02:46,2026-09-23 09:10:12,2.196961,1.906,5.885197,267.879029,8.281836,0.98947,0.8,104.089,0.753,35.359873,31.479538,11.595809,32.793695,154,-12.80929,232,41.764518,2.248767,232,41.764518,2.248767,232,41.764518,2.248767
legacy_271,legacy,nam_mo_a_mi_tuo_fo_phase_marker_v1,self_timed_phase_locked_respiration_chant,南無阿彌陀佛,南無,阿,彌陀佛,inspiration_to_expiration_transition,interval_between_two_consecutive_same_phase_taps,2026-09-23,08:05:39,2026-09-23 08:05:39,1790125539090,420,Wed,3,8,5,39,,chant,breath_chant_cycle,1,,1,,false,,,,5,10,270,115,2026-09-23_S01,1,115,0,2.302,2.302,26.064292,0.286,0.286,14.186508,-3.697613,1,protocol_valid,3,2.132667,0.150098,7.038031,0.207234,28.224117,5,2.2034,0.232501,10.551928,0.384488,27.458172,10,2.065,0.281059,13.610591,0.351705,29.539282,21,1.597333,0.513044,32.118787,0.288366,41.485541,2026-09-23 08:05,2026-09-23 08,33,257,2026-09-23 08:02:46,2026-09-23 08:11:43,536.761,8.946017,172.51,247,2.181955,1.7825,6.549586,300.170474,9.221093,1.150612,0.8,104.089,0.75625,37.185837,33.660592,11.959017,32.16014,43.525346,30.846328,-12.679018,-1.897721,27.498272,2,309,309,4,11.167883,2026-09-23 08:02:46,2026-09-23 09:10:12,2.196961,1.906,5.885197,267.879029,8.281836,0.98947,0.8,104.089,0.753,35.359873,31.479538,11.595809,32.793695,154,-12.80929,232,41.764518,2.248767,232,41.764518,2.248767,232,41.764518,2.248767
legacy_272,legacy,nam_mo_a_mi_tuo_fo_phase_marker_v1,self_timed_phase_locked_respiration_chant,南無阿彌陀佛,南無,阿,彌陀佛,inspiration_to_expiration_transition,interval_between_two_consecutive_same_phase_taps,2026-09-23,08:05:41,2026-09-23 08:05:41,1790125541641,420,Wed,3,8,5,41,,chant,breath_chant_cycle,1,,1,,false,,,,5,11,271,116,2026-09-23_S01,1,116,0,2.551,2.551,23.520188,0.249,0.249,10.816681,-2.544104,1,protocol_valid,3,2.289667,0.267713,11.692233,0.268139,26.448795,5,2.3034,0.256821,11.149629,0.310659,26.311405,10,2.1574,0.272829,12.646189,0.355773,28.203531,21,1.667952,0.537998,32.255014,0.292544,39.930323,2026-09-23 08:05,2026-09-23 08,33,257,2026-09-23 08:02:46,2026-09-23 08:11:43,536.761,8.946017,175.061,247,2.181955,1.7825,6.549586,300.170474,9.221093,1.150612,0.8,104.089,0.75625,37.185837,33.660592,11.959017,32.16014,43.525346,30.846328,-12.679018,-1.897721,27.498272,2,309,309,4,11.167883,2026-09-23 08:02:46,2026-09-23 09:10:12,2.196961,1.906,5.885197,267.879029,8.281836,0.98947,0.8,104.089,0.753,35.359873,31.479538,11.595809,32.793695,154,-12.80929,232,41.764518,2.248767,232,41.764518,2.248767,232,41.764518,2.248767
legacy_273,legacy,nam_mo_a_mi_tuo_fo_phase_marker_v1,self_timed_phase_locked_respiration_chant,南無阿彌陀佛,南無,阿,彌陀佛,inspiration_to_expiration_transition,interval_between_two_consecutive_same_phase_taps,2026-09-23,08:05:43,2026-09-23 08:05:43,1790125543693,420,Wed,3,8,5,43,,chant,breath_chant_cycle,1,,1,,false,,,,5,12,272,117,2026-09-23_S01,1,117,0,2.052,2.052,29.239766,-0.499,0.499,-19.560956,5.719578,1,protocol_valid,3,2.301667,0.2495,10.839978,0.394336,26.274749,5,2.2002,0.225702,10.25823,0.314998,27.486461,10,2.1809,0.249362,11.433926,0.38941,27.825362,21,1.720333,0.517983,30.109458,0.312524,38.321492,2026-09-23 08:05,2026-09-23 08,33,257,2026-09-23 08:02:46,2026-09-23 08:11:43,536.761,8.946017,177.113,247,2.181955,1.7825,6.549586,300.170474,9.221093,1.150612,0.8,104.089,0.75625,37.185837,33.660592,11.959017,32.16014,43.525346,30.846328,-12.679018,-1.897721,27.498272,2,309,309,4,11.167883,2026-09-23 08:02:46,2026-09-23 09:10:12,2.196961,1.906,5.885197,267.879029,8.281836,0.98947,0.8,104.089,0.753,35.359873,31.479538,11.595809,32.793695,154,-12.80929,232,41.764518,2.248767,232,41.764518,2.248767,232,41.764518,2.248767
legacy_274,legacy,nam_mo_a_mi_tuo_fo_phase_marker_v1,self_timed_phase_locked_respiration_chant,南無阿彌陀佛,南無,阿,彌陀佛,inspiration_to_expiration_transition,interval_between_two_consecutive_same_phase_taps,2026-09-23,08:05:45,2026-09-23 08:05:45,1790125545962,420,Wed,3,8,5,45,,chant,breath_chant_cycle,1,,1,,false,,,,5,13,273,118,2026-09-23_S01,1,118,0,2.269,2.269,26.443367,0.217,0.217,10.575049,-2.796399,1,protocol_valid,3,2.290667,0.250205,10.922784,0.384766,26.401107,5,2.238,0.216163,9.658764,0.33162,27.005904,10,2.2108,0.238974,10.809395,0.37331,27.424013,21,1.779,0.506357,28.462996,0.310837,36.825499,2026-09-23 08:05,2026-09-23 08,33,257,2026-09-23 08:02:46,2026-09-23 08:11:43,536.761,8.946017,179.382,247,2.181955,1.7825,6.549586,300.170474,9.221093,1.150612,0.8,104.089,0.75625,37.185837,33.660592,11.959017,32.16014,43.525346,30.846328,-12.679018,-1.897721,27.498272,2,309,309,4,11.167883,2026-09-23 08:02:46,2026-09-23 09:10:12,2.196961,1.906,5.885197,267.879029,8.281836,0.98947,0.8,104.089,0.753,35.359873,31.479538,11.595809,32.793695,154,-12.80929,232,41.764518,2.248767,232,41.764518,2.248767,232,41.764518,2.248767
legacy_275,legacy,nam_mo_a_mi_tuo_fo_phase_marker_v1,self_timed_phase_locked_respiration_chant,南無阿彌陀佛,南無,阿,彌陀佛,inspiration_to_expiration_transition,interval_between_two_consecutive_same_phase_taps,2026-09-23,08:05:48,2026-09-23 08:05:48,1790125548096,420,Wed,3,8,5,48,,chant,breath_chant_cycle,1,,1,,false,,,,5,14,274,119,2026-09-23_S01,1,119,0,2.134,2.134,28.116214,-0.135,0.135,-5.949758,1.672847,1,protocol_valid,3,2.151667,0.109573,5.09249,0.180712,27.933116,5,2.2616,0.190823,8.437509,0.306723,26.676765,10,2.1875,0.233345,10.667195,0.334538,27.70078,21,1.81881,0.499466,27.461148,0.305913,35.963178,2026-09-23 08:05,2026-09-23 08,33,257,2026-09-23 08:02:46,2026-09-23 08:11:43,536.761,8.946017,181.516,247,2.181955,1.7825,6.549586,300.170474,9.221093,1.150612,0.8,104.089,0.75625,37.185837,33.660592,11.959017,32.16014,43.525346,30.846328,-12.679018,-1.897721,27.498272,2,309,309,4,11.167883,2026-09-23 08:02:46,2026-09-23 09:10:12,2.196961,1.906,5.885197,267.879029,8.281836,0.98947,0.8,104.089,0.753,35.359873,31.479538,11.595809,32.793695,154,-12.80929,232,41.764518,2.248767,232,41.764518,2.248767,232,41.764518,2.248767
legacy_276,legacy,nam_mo_a_mi_tuo_fo_phase_marker_v1,self_timed_phase_locked_respiration_chant,南無阿彌陀佛,南無,阿,彌陀佛,inspiration_to_expiration_transition,interval_between_two_consecutive_same_phase_taps,2026-09-23,08:05:50,2026-09-23 08:05:50,1790125550182,420,Wed,3,8,5,50,,chant,breath_chant_cycle,1,,1,,false,,,,5,15,275,120,2026-09-23_S01,1,120,0,2.086,2.086,28.763183,-0.048,0.048,-2.249297,0.646969,1,protocol_valid,3,2.163,0.094884,4.386692,0.101314,27.774255,5,2.2184,0.203424,9.16985,0.281345,27.216544,10,2.2109,0.206105,9.32224,0.328286,27.337358,21,1.869714,0.467087,24.981717,0.304631,34.52347,2026-09-23 08:05,2026-09-23 08,33,257,2026-09-23 08:02:46,2026-09-23 08:11:43,536.761,8.946017,183.602,247,2.181955,1.7825,6.549586,300.170474,9.221093,1.150612,0.8,104.089,0.75625,37.185837,33.660592,11.959017,32.16014,43.525346,30.846328,-12.679018,-1.897721,27.498272,2,309,309,4,11.167883,2026-09-23 08:02:46,2026-09-23 09:10:12,2.196961,1.906,5.885197,267.879029,8.281836,0.98947,0.8,104.089,0.753,35.359873,31.479538,11.595809,32.793695,154,-12.80929,232,41.764518,2.248767,232,41.764518,2.248767,232,41.764518,2.248767
legacy_277,legacy,nam_mo_a_mi_tuo_fo_phase_marker_v1,self_timed_phase_locked_respiration_chant,南無阿彌陀佛,南無,阿,彌陀佛,inspiration_to_expiration_transition,interval_between_two_consecutive_same_phase_taps,2026-09-23,08:05:52,2026-09-23 08:05:52,1790125552434,420,Wed,3,8,5,52,,chant,breath_chant_cycle,1,,1,,false,,,,5,16,276,121,2026-09-23_S01,1,121,0,2.252,2.252,26.642984,0.166,0.166,7.957814,-2.120199,1,protocol_valid,3,2.157333,0.085424,3.959723,0.122188,27.840794,5,2.1586,0.097662,4.524306,0.154251,27.841103,10,2.231,0.198437,8.894542,0.284841,27.076254,21,1.922143,0.44358,23.077381,0.306496,33.30987,2026-09-23 08:05,2026-09-23 08,33,257,2026-09-23 08:02:46,2026-09-23 08:11:43,536.761,8.946017,185.854,247,2.181955,1.7825,6.549586,300.170474,9.221093,1.150612,0.8,104.089,0.75625,37.185837,33.660592,11.959017,32.16014,43.525346,30.846328,-12.679018,-1.897721,27.498272,2,309,309,4,11.167883,2026-09-23 08:02:46,2026-09-23 09:10:12,2.196961,1.906,5.885197,267.879029,8.281836,0.98947,0.8,104.089,0.753,35.359873,31.479538,11.595809,32.793695,154,-12.80929,232,41.764518,2.248767,232,41.764518,2.248767,232,41.764518,2.248767
legacy_278,legacy,nam_mo_a_mi_tuo_fo_phase_marker_v1,self_timed_phase_locked_respiration_chant,南無阿彌陀佛,南無,阿,彌陀佛,inspiration_to_expiration_transition,interval_between_two_consecutive_same_phase_taps,2026-09-23,08:05:54,2026-09-23 08:05:54,1790125554786,420,Wed,3,8,5,54,,chant,breath_chant_cycle,1,,1,,false,,,,5,17,277,122,2026-09-23_S01,1,122,0,2.352,2.352,25.510204,0.1,0.1,4.440497,-1.13278,1,protocol_valid,3,2.23,0.134358,6.02501,0.137033,26.972124,5,2.2186,0.107461,4.843626,0.120504,27.09519,10,2.2094,0.166934,7.555622,0.236189,27.290826,21,1.982619,0.408497,20.603923,0.307138,31.884029,2026-09-23 08:05,2026-09-23 08,33,257,2026-09-23 08:02:46,2026-09-23 08:11:43,536.761,8.946017,188.206,247,2.181955,1.7825,6.549586,300.170474,9.221093,1.150612,0.8,104.089,0.75625,37.185837,33.660592,11.959017,32.16014,43.525346,30.846328,-12.679018,-1.897721,27.498272,2,309,309,4,11.167883,2026-09-23 08:02:46,2026-09-23 09:10:12,2.196961,1.906,5.885197,267.879029,8.281836,0.98947,0.8,104.089,0.753,35.359873,31.479538,11.595809,32.793695,154,-12.80929,232,41.764518,2.248767,232,41.764518,2.248767,232,41.764518,2.248767
legacy_279,legacy,nam_mo_a_mi_tuo_fo_phase_marker_v1,self_timed_phase_locked_respiration_chant,南無阿彌陀佛,南無,阿,彌陀佛,inspiration_to_expiration_transition,interval_between_two_consecutive_same_phase_taps,2026-09-23,08:05:57,2026-09-23 08:05:57,1790125557154,420,Wed,3,8,5,57,,chant,breath_chant_cycle,1,,1,,false,,,,5,18,278,123,2026-09-23_S01,1,123,0,2.368,2.368,25.337838,0.016,0.016,0.680272,-0.172366,1,protocol_valid,3,2.324,0.062865,2.705032,0.07161,25.830342,5,2.2384,0.126502,5.651455,0.100145,26.874085,10,2.2382,0.166972,7.460113,0.235284,26.939994,21,2.046048,0.353931,17.298284,0.299183,30.332733,2026-09-23 08:05,2026-09-23 08,33,257,2026-09-23 08:02:46,2026-09-23 08:11:43,536.761,8.946017,190.574,247,2.181955,1.7825,6.549586,300.170474,9.221093,1.150612,0.8,104.089,0.75625,37.185837,33.660592,11.959017,32.16014,43.525346,30.846328,-12.679018,-1.897721,27.498272,2,309,309,4,11.167883,2026-09-23 08:02:46,2026-09-23 09:10:12,2.196961,1.906,5.885197,267.879029,8.281836,0.98947,0.8,104.089,0.753,35.359873,31.479538,11.595809,32.793695,154,-12.80929,232,41.764518,2.248767,232,41.764518,2.248767,232,41.764518,2.248767
legacy_280,legacy,nam_mo_a_mi_tuo_fo_phase_marker_v1,self_timed_phase_locked_respiration_chant,南無阿彌陀佛,南無,阿,彌陀佛,inspiration_to_expiration_transition,interval_between_two_consecutive_same_phase_taps,2026-09-23,08:05:59,2026-09-23 08:05:59,1790125559389,420,Wed,3,8,5,59,,chant,breath_chant_cycle,1,,1,,false,,,,5,19,279,124,2026-09-23_S01,1,124,0,2.235,2.235,26.845638,-0.133,0.133,-5.616554,1.5078,1,protocol_valid,3,2.318333,0.072611,3.132027,0.094723,25.897893,5,2.2586,0.113008,5.003452,0.117793,26.619969,10,2.2601,0.147858,6.542117,0.219626,26.648367,21,2.088333,0.317398,15.198631,0.295158,29.489981,2026-09-23 08:05,2026-09-23 08,33,257,2026-09-23 08:02:46,2026-09-23 08:11:43,536.761,8.946017,192.809,247,2.181955,1.7825,6.549586,300.170474,9.221093,1.150612,0.8,104.089,0.75625,37.185837,33.660592,11.959017,32.16014,43.525346,30.846328,-12.679018,-1.897721,27.498272,2,309,309,4,11.167883,2026-09-23 08:02:46,2026-09-23 09:10:12,2.196961,1.906,5.885197,267.879029,8.281836,0.98947,0.8,104.089,0.753,35.359873,31.479538,11.595809,32.793695,154,-12.80929,232,41.764518,2.248767,232,41.764518,2.248767,232,41.764518,2.248767
legacy_281,legacy,nam_mo_a_mi_tuo_fo_phase_marker_v1,self_timed_phase_locked_respiration_chant,南無阿彌陀佛,南無,阿,彌陀佛,inspiration_to_expiration_transition,interval_between_two_consecutive_same_phase_taps,2026-09-23,08:06:01,2026-09-23 08:06:01,1790125561825,420,Wed,3,8,6,1,,chant,breath_chant_cycle,1,,1,,false,,,,5,20,280,125,2026-09-23_S01,1,125,0,2.436,2.436,24.630542,0.201,0.201,8.993289,-2.215096,1,protocol_valid,3,2.346333,0.102237,4.357295,0.170426,25.604672,5,2.3286,0.084058,3.609822,0.130715,25.793441,10,2.2735,0.157814,6.941474,0.214093,26.504992,21,2.128,0.305541,14.358153,0.290927,28.880491,2026-09-23 08:06,2026-09-23 08,29,257,2026-09-23 08:02:46,2026-09-23 08:11:43,536.761,8.946017,195.245,247,2.181955,1.7825,6.549586,300.170474,9.221093,1.150612,0.8,104.089,0.75625,37.185837,33.660592,11.959017,32.16014,43.525346,30.846328,-12.679018,-1.897721,27.498272,2,309,309,4,11.167883,2026-09-23 08:02:46,2026-09-23 09:10:12,2.196961,1.906,5.885197,267.879029,8.281836,0.98947,0.8,104.089,0.753,35.359873,31.479538,11.595809,32.793695,154,-12.80929,232,41.764518,2.248767,232,41.764518,2.248767,232,41.764518,2.248767
legacy_282,legacy,nam_mo_a_mi_tuo_fo_phase_marker_v1,self_timed_phase_locked_respiration_chant,南無阿彌陀佛,南無,阿,彌陀佛,inspiration_to_expiration_transition,interval_between_two_consecutive_same_phase_taps,2026-09-23,08:06:04,2026-09-23 08:06:04,1790125564193,420,Wed,3,8,6,4,,chant,breath_chant_cycle,1,,1,,false,,,,6,0,281,126,2026-09-23_S01,1,126,0,2.368,2.368,25.337838,-0.068,0.068,-2.791461,0.707296,1,protocol_valid,3,2.346333,0.102237,4.357295,0.150042,25.604672,5,2.3518,0.072899,3.099692,0.125469,25.532412,10,2.2552,0.130266,5.77626,0.136685,26.686757,21,2.178714,0.243934,11.196238,0.282171,27.894313,2026-09-23 08:06,2026-09-23 08,29,257,2026-09-23 08:02:46,2026-09-23 08:11:43,536.761,8.946017,197.613,247,2.181955,1.7825,6.549586,300.170474,9.221093,1.150612,0.8,104.089,0.75625,37.185837,33.660592,11.959017,32.16014,43.525346,30.846328,-12.679018,-1.897721,27.498272,2,309,309,4,11.167883,2026-09-23 08:02:46,2026-09-23 09:10:12,2.196961,1.906,5.885197,267.879029,8.281836,0.98947,0.8,104.089,0.753,35.359873,31.479538,11.595809,32.793695,154,-12.80929,232,41.764518,2.248767,232,41.764518,2.248767,232,41.764518,2.248767
legacy_283,legacy,nam_mo_a_mi_tuo_fo_phase_marker_v1,self_timed_phase_locked_respiration_chant,南無阿彌陀佛,南無,阿,彌陀佛,inspiration_to_expiration_transition,interval_between_two_consecutive_same_phase_taps,2026-09-23,08:06:06,2026-09-23 08:06:06,1790125566294,420,Wed,3,8,6,6,,chant,breath_chant_cycle,1,,1,,false,,,,6,1,282,127,2026-09-23_S01,1,127,0,2.101,2.101,28.55783,-0.267,0.267,-11.275338,3.219992,1,protocol_valid,3,2.301667,0.177077,7.693434,0.194824,26.175403,5,2.3016,0.133751,5.811213,0.183032,26.141937,10,2.2601,0.122461,5.418401,0.14619,26.618564,21,2.201286,0.209884,9.534623,0.285272,27.498129,2026-09-23 08:06,2026-09-23 08,29,257,2026-09-23 08:02:46,2026-09-23 08:11:43,536.761,8.946017,199.714,247,2.181955,1.7825,6.549586,300.170474,9.221093,1.150612,0.8,104.089,0.75625,37.185837,33.660592,11.959017,32.16014,43.525346,30.846328,-12.679018,-1.897721,27.498272,2,309,309,4,11.167883,2026-09-23 08:02:46,2026-09-23 09:10:12,2.196961,1.906,5.885197,267.879029,8.281836,0.98947,0.8,104.089,0.753,35.359873,31.479538,11.595809,32.793695,154,-12.80929,232,41.764518,2.248767,232,41.764518,2.248767,232,41.764518,2.248767
legacy_284,legacy,nam_mo_a_mi_tuo_fo_phase_marker_v1,self_timed_phase_locked_respiration_chant,南無阿彌陀佛,南無,阿,彌陀佛,inspiration_to_expiration_transition,interval_between_two_consecutive_same_phase_taps,2026-09-23,08:06:08,2026-09-23 08:06:08,1790125568201,420,Wed,3,8,6,8,,chant,breath_chant_cycle,1,,1,,false,,,,6,2,283,128,2026-09-23_S01,1,128,0,1.907,1.907,31.463031,-0.194,0.194,-9.233698,2.905201,1,protocol_valid,3,2.125333,0.231461,10.890588,0.233372,28.452899,5,2.2094,0.21234,9.610757,0.196182,27.366976,10,2.2239,0.165485,7.441197,0.153389,27.12053,21,2.205571,0.202432,9.178193,0.286516,27.423918,2026-09-23 08:06,2026-09-23 08,29,257,2026-09-23 08:02:46,2026-09-23 08:11:43,536.761,8.946017,201.621,247,2.181955,1.7825,6.549586,300.170474,9.221093,1.150612,0.8,104.089,0.75625,37.185837,33.660592,11.959017,32.16014,43.525346,30.846328,-12.679018,-1.897721,27.498272,2,309,309,4,11.167883,2026-09-23 08:02:46,2026-09-23 09:10:12,2.196961,1.906,5.885197,267.879029,8.281836,0.98947,0.8,104.089,0.753,35.359873,31.479538,11.595809,32.793695,154,-12.80929,232,41.764518,2.248767,232,41.764518,2.248767,232,41.764518,2.248767
legacy_285,legacy,nam_mo_a_mi_tuo_fo_phase_marker_v1,self_timed_phase_locked_respiration_chant,南無阿彌陀佛,南無,阿,彌陀佛,inspiration_to_expiration_transition,interval_between_two_consecutive_same_phase_taps,2026-09-23,08:06:10,2026-09-23 08:06:10,1790125570168,420,Wed,3,8,6,10,,chant,breath_chant_cycle,1,,1,,false,,,,6,3,284,129,2026-09-23_S01,1,129,0,1.967,1.967,30.503305,0.06,0.06,3.146303,-0.959726,1,protocol_valid,3,1.991667,0.099324,4.986998,0.14359,30.174722,5,2.1558,0.236691,10.979272,0.171135,28.098509,10,2.2072,0.183058,8.293696,0.153858,27.359239,21,2.205429,0.202607,9.186747,0.272747,27.42613,2026-09-23 08:06,2026-09-23 08,29,257,2026-09-23 08:02:46,2026-09-23 08:11:43,536.761,8.946017,203.588,247,2.181955,1.7825,6.549586,300.170474,9.221093,1.150612,0.8,104.089,0.75625,37.185837,33.660592,11.959017,32.16014,43.525346,30.846328,-12.679018,-1.897721,27.498272,2,309,309,4,11.167883,2026-09-23 08:02:46,2026-09-23 09:10:12,2.196961,1.906,5.885197,267.879029,8.281836,0.98947,0.8,104.089,0.753,35.359873,31.479538,11.595809,32.793695,154,-12.80929,232,41.764518,2.248767,232,41.764518,2.248767,232,41.764518,2.248767
legacy_286,legacy,nam_mo_a_mi_tuo_fo_phase_marker_v1,self_timed_phase_locked_respiration_chant,南無阿彌陀佛,南無,阿,彌陀佛,inspiration_to_expiration_transition,interval_between_two_consecutive_same_phase_taps,2026-09-23,08:06:12,2026-09-23 08:06:12,1790125572668,420,Wed,3,8,6,12,,chant,breath_chant_cycle,1,,1,,false,,,,6,4,285,130,2026-09-23_S01,1,130,0,2.5,2.5,24,0.533,0.533,27.097102,-6.503305,1,protocol_valid,3,2.124667,0.32643,15.363807,0.379268,28.655445,5,2.1686,0.256531,11.82935,0.314886,27.972401,10,2.2486,0.198745,8.838613,0.228421,26.882921,21,2.211762,0.209859,9.488328,0.274471,27.361914,2026-09-23 08:06,2026-09-23 08,29,257,2026-09-23 08:02:46,2026-09-23 08:11:43,536.761,8.946017,206.088,247,2.181955,1.7825,6.549586,300.170474,9.221093,1.150612,0.8,104.089,0.75625,37.185837,33.660592,11.959017,32.16014,43.525346,30.846328,-12.679018,-1.897721,27.498272,2,309,309,4,11.167883,2026-09-23 08:02:46,2026-09-23 09:10:12,2.196961,1.906,5.885197,267.879029,8.281836,0.98947,0.8,104.089,0.753,35.359873,31.479538,11.595809,32.793695,154,-12.80929,232,41.764518,2.248767,232,41.764518,2.248767,232,41.764518,2.248767
legacy_287,legacy,nam_mo_a_mi_tuo_fo_phase_marker_v1,self_timed_phase_locked_respiration_chant,南無阿彌陀佛,南無,阿,彌陀佛,inspiration_to_expiration_transition,interval_between_two_consecutive_same_phase_taps,2026-09-23,08:06:14,2026-09-23 08:06:14,1790125574321,420,Wed,3,8,6,14,,chant,breath_chant_cycle,1,,1,,false,,,,6,5,286,131,2026-09-23_S01,1,131,0,1.653,1.653,36.297641,-0.847,0.847,-33.88,12.297641,1,protocol_valid,3,2.04,0.428193,20.989839,0.707636,30.266982,5,2.0256,0.311075,15.35719,0.510572,30.164361,10,2.1887,0.273728,12.506428,0.361631,27.848386,21,2.202286,0.230404,10.462031,0.330492,27.547639,2026-09-23 08:06,2026-09-23 08,29,257,2026-09-23 08:02:46,2026-09-23 08:11:43,536.761,8.946017,207.741,247,2.181955,1.7825,6.549586,300.170474,9.221093,1.150612,0.8,104.089,0.75625,37.185837,33.660592,11.959017,32.16014,43.525346,30.846328,-12.679018,-1.897721,27.498272,2,309,309,4,11.167883,2026-09-23 08:02:46,2026-09-23 09:10:12,2.196961,1.906,5.885197,267.879029,8.281836,0.98947,0.8,104.089,0.753,35.359873,31.479538,11.595809,32.793695,154,-12.80929,232,41.764518,2.248767,232,41.764518,2.248767,232,41.764518,2.248767
legacy_288,legacy,nam_mo_a_mi_tuo_fo_phase_marker_v1,self_timed_phase_locked_respiration_chant,南無阿彌陀佛,南無,阿,彌陀佛,inspiration_to_expiration_transition,interval_between_two_consecutive_same_phase_taps,2026-09-23,08:06:16,2026-09-23 08:06:16,1790125576140,420,Wed,3,8,6,16,,chant,breath_chant_cycle,1,,1,,false,,,,6,6,287,132,2026-09-23_S01,1,132,0,1.819,1.819,32.985157,0.166,0.166,10.042347,-3.312484,1,protocol_valid,3,1.990667,0.448837,22.547052,0.610313,31.094266,5,1.9692,0.319439,16.221759,0.508098,31.049827,10,2.1354,0.289817,13.572036,0.365801,28.595882,21,2.191238,0.243226,11.099926,0.31183,27.725312,2026-09-23 08:06,2026-09-23 08,29,257,2026-09-23 08:02:46,2026-09-23 08:11:43,536.761,8.946017,209.56,247,2.181955,1.7825,6.549586,300.170474,9.221093,1.150612,0.8,104.089,0.75625,37.185837,33.660592,11.959017,32.16014,43.525346,30.846328,-12.679018,-1.897721,27.498272,2,309,309,4,11.167883,2026-09-23 08:02:46,2026-09-23 09:10:12,2.196961,1.906,5.885197,267.879029,8.281836,0.98947,0.8,104.089,0.753,35.359873,31.479538,11.595809,32.793695,154,-12.80929,232,41.764518,2.248767,232,41.764518,2.248767,232,41.764518,2.248767
legacy_289,legacy,nam_mo_a_mi_tuo_fo_phase_marker_v1,self_timed_phase_locked_respiration_chant,南無阿彌陀佛,南無,阿,彌陀佛,inspiration_to_expiration_transition,interval_between_two_consecutive_same_phase_taps,2026-09-23,08:06:17,2026-09-23 08:06:17,1790125577742,420,Wed,3,8,6,17,,chant,breath_chant_cycle,1,,1,,false,,,,6,7,288,133,2026-09-23_S01,1,133,0,1.602,1.602,37.453184,-0.217,0.217,-11.929632,4.468027,1,protocol_valid,3,1.691333,0.113465,6.70862,0.19319,35.57866,5,1.9082,0.360738,18.904607,0.518687,32.247857,10,2.0588,0.321054,15.594251,0.370239,29.807416,21,2.145238,0.259229,12.083919,0.296117,28.396203,2026-09-23 08:06,2026-09-23 08,29,257,2026-09-23 08:02:46,2026-09-23 08:11:43,536.761,8.946017,211.162,247,2.181955,1.7825,6.549586,300.170474,9.221093,1.150612,0.8,104.089,0.75625,37.185837,33.660592,11.959017,32.16014,43.525346,30.846328,-12.679018,-1.897721,27.498272,2,309,309,4,11.167883,2026-09-23 08:02:46,2026-09-23 09:10:12,2.196961,1.906,5.885197,267.879029,8.281836,0.98947,0.8,104.089,0.753,35.359873,31.479538,11.595809,32.793695,154,-12.80929,232,41.764518,2.248767,232,41.764518,2.248767,232,41.764518,2.248767
legacy_290,legacy,nam_mo_a_mi_tuo_fo_phase_marker_v1,self_timed_phase_locked_respiration_chant,南無阿彌陀佛,南無,阿,彌陀佛,inspiration_to_expiration_transition,interval_between_two_consecutive_same_phase_taps,2026-09-23,08:06:19,2026-09-23 08:06:19,1790125579575,420,Wed,3,8,6,19,,chant,breath_chant_cycle,1,,1,,false,,,,6,8,289,134,2026-09-23_S01,1,134,0,1.833,1.833,32.733224,0.231,0.231,14.419476,-4.719959,1,protocol_valid,3,1.751333,0.129516,7.395266,0.224109,34.390521,5,1.8814,0.360254,19.148214,0.459732,32.693841,10,2.0186,0.321708,15.937168,0.372179,30.396175,21,2.133476,0.267799,12.552225,0.300247,28.581301,2026-09-23 08:06,2026-09-23 08,29,257,2026-09-23 08:02:46,2026-09-23 08:11:43,536.761,8.946017,212.995,247,2.181955,1.7825,6.549586,300.170474,9.221093,1.150612,0.8,104.089,0.75625,37.185837,33.660592,11.959017,32.16014,43.525346,30.846328,-12.679018,-1.897721,27.498272,2,309,309,4,11.167883,2026-09-23 08:02:46,2026-09-23 09:10:12,2.196961,1.906,5.885197,267.879029,8.281836,0.98947,0.8,104.089,0.753,35.359873,31.479538,11.595809,32.793695,154,-12.80929,232,41.764518,2.248767,232,41.764518,2.248767,232,41.764518,2.248767
legacy_291,legacy,nam_mo_a_mi_tuo_fo_phase_marker_v1,self_timed_phase_locked_respiration_chant,南無阿彌陀佛,南無,阿,彌陀佛,inspiration_to_expiration_transition,interval_between_two_consecutive_same_phase_taps,2026-09-23,08:06:21,2026-09-23 08:06:21,1790125581328,420,Wed,3,8,6,21,,chant,breath_chant_cycle,1,,1,,false,,,,6,9,290,135,2026-09-23_S01,1,135,0,1.753,1.753,34.227039,-0.08,0.08,-4.36443,1.493815,1,protocol_valid,3,1.729333,0.117304,6.783218,0.17286,34.804482,5,1.732,0.101676,5.870436,0.183307,34.739249,10,1.9503,0.294606,15.105675,0.372444,31.355825,21,2.120952,0.279463,13.176296,0.293903,28.793927,2026-09-23 08:06,2026-09-23 08,29,257,2026-09-23 08:02:46,2026-09-23 08:11:43,536.761,8.946017,214.748,247,2.181955,1.7825,6.549586,300.170474,9.221093,1.150612,0.8,104.089,0.75625,37.185837,33.660592,11.959017,32.16014,43.525346,30.846328,-12.679018,-1.897721,27.498272,2,309,309,4,11.167883,2026-09-23 08:02:46,2026-09-23 09:10:12,2.196961,1.906,5.885197,267.879029,8.281836,0.98947,0.8,104.089,0.753,35.359873,31.479538,11.595809,32.793695,154,-12.80929,232,41.764518,2.248767,232,41.764518,2.248767,232,41.764518,2.248767
legacy_292,legacy,nam_mo_a_mi_tuo_fo_phase_marker_v1,self_timed_phase_locked_respiration_chant,南無阿彌陀佛,南無,阿,彌陀佛,inspiration_to_expiration_transition,interval_between_two_consecutive_same_phase_taps,2026-09-23,08:06:23,2026-09-23 08:06:23,1790125583229,420,Wed,3,8,6,23,,chant,breath_chant_cycle,1,,1,,false,,,,6,10,291,136,2026-09-23_S01,1,136,0,1.901,1.901,31.562336,0.148,0.148,8.44267,-2.664704,1,protocol_valid,3,1.829,0.074081,4.050357,0.118962,32.840866,5,1.7816,0.113326,6.360916,0.179412,33.792188,10,1.9036,0.255448,13.419197,0.365003,31.978275,21,2.101857,0.280173,13.329768,0.290472,29.055738,2026-09-23 08:06,2026-09-23 08,29,257,2026-09-23 08:02:46,2026-09-23 08:11:43,536.761,8.946017,216.649,247,2.181955,1.7825,6.549586,300.170474,9.221093,1.150612,0.8,104.089,0.75625,37.185837,33.660592,11.959017,32.16014,43.525346,30.846328,-12.679018,-1.897721,27.498272,2,309,309,4,11.167883,2026-09-23 08:02:46,2026-09-23 09:10:12,2.196961,1.906,5.885197,267.879029,8.281836,0.98947,0.8,104.089,0.753,35.359873,31.479538,11.595809,32.793695,154,-12.80929,232,41.764518,2.248767,232,41.764518,2.248767,232,41.764518,2.248767
legacy_293,legacy,nam_mo_a_mi_tuo_fo_phase_marker_v1,self_timed_phase_locked_respiration_chant,南無阿彌陀佛,南無,阿,彌陀佛,inspiration_to_expiration_transition,interval_between_two_consecutive_same_phase_taps,2026-09-23,08:06:24,2026-09-23 08:06:24,1790125584964,420,Wed,3,8,6,24,,chant,breath_chant_cycle,1,,1,,false,,,,6,11,292,137,2026-09-23_S01,1,137,0,1.735,1.735,34.582133,-0.166,0.166,-8.732246,3.019797,1,protocol_valid,3,1.796333,0.09109,5.070868,0.157258,33.457169,5,1.7648,0.11262,6.381443,0.165243,34.111583,10,1.867,0.250188,13.400532,0.363465,32.580705,21,2.063,0.271209,13.14632,0.270743,29.582498,2026-09-23 08:06,2026-09-23 08,29,257,2026-09-23 08:02:46,2026-09-23 08:11:43,536.761,8.946017,218.384,247,2.181955,1.7825,6.549586,300.170474,9.221093,1.150612,0.8,104.089,0.75625,37.185837,33.660592,11.959017,32.16014,43.525346,30.846328,-12.679018,-1.897721,27.498272,2,309,309,4,11.167883,2026-09-23 08:02:46,2026-09-23 09:10:12,2.196961,1.906,5.885197,267.879029,8.281836,0.98947,0.8,104.089,0.753,35.359873,31.479538,11.595809,32.793695,154,-12.80929,232,41.764518,2.248767,232,41.764518,2.248767,232,41.764518,2.248767
legacy_294,legacy,nam_mo_a_mi_tuo_fo_phase_marker_v1,self_timed_phase_locked_respiration_chant,南無阿彌陀佛,南無,阿,彌陀佛,inspiration_to_expiration_transition,interval_between_two_consecutive_same_phase_taps,2026-09-23,08:06:26,2026-09-23 08:06:26,1790125586870,420,Wed,3,8,6,26,,chant,breath_chant_cycle,1,,1,,false,,,,6,12,293,138,2026-09-23_S01,1,138,0,1.906,1.906,31.479538,0.171,0.171,9.855908,-3.102594,1,protocol_valid,3,1.847333,0.097316,5.267898,0.168519,32.541335,5,1.8256,0.08013,4.389236,0.14586,32.916854,10,1.8669,0.25017,13.400309,0.367364,32.582356,21,2.056048,0.273367,13.295773,0.26909,29.689153,2026-09-23 08:06,2026-09-23 08,29,257,2026-09-23 08:02:46,2026-09-23 08:11:43,536.761,8.946017,220.29,247,2.181955,1.7825,6.549586,300.170474,9.221093,1.150612,0.8,104.089,0.75625,37.185837,33.660592,11.959017,32.16014,43.525346,30.846328,-12.679018,-1.897721,27.498272,2,309,309,4,11.167883,2026-09-23 08:02:46,2026-09-23 09:10:12,2.196961,1.906,5.885197,267.879029,8.281836,0.98947,0.8,104.089,0.753,35.359873,31.479538,11.595809,32.793695,154,-12.80929,232,41.764518,2.248767,232,41.764518,2.248767,232,41.764518,2.248767
legacy_295,legacy,nam_mo_a_mi_tuo_fo_phase_marker_v1,self_timed_phase_locked_respiration_chant,南無阿彌陀佛,南無,阿,彌陀佛,inspiration_to_expiration_transition,interval_between_two_consecutive_same_phase_taps,2026-09-23,08:06:28,2026-09-23 08:06:28,1790125588637,420,Wed,3,8,6,28,,chant,breath_chant_cycle,1,,1,,false,,,,6,13,294,139,2026-09-23_S01,1,139,0,1.767,1.767,33.955857,-0.139,0.139,-7.29276,2.476319,1,protocol_valid,3,1.802667,0.090908,5.042994,0.155824,33.339176,5,1.8124,0.083951,4.632045,0.156542,33.161381,10,1.8469,0.249272,13.496756,0.324865,32.927611,21,2.032143,0.275753,13.569569,0.269191,30.046891,2026-09-23 08:06,2026-09-23 08,29,257,2026-09-23 08:02:46,2026-09-23 08:11:43,536.761,8.946017,222.057,247,2.181955,1.7825,6.549586,300.170474,9.221093,1.150612,0.8,104.089,0.75625,37.185837,33.660592,11.959017,32.16014,43.525346,30.846328,-12.679018,-1.897721,27.498272,2,309,309,4,11.167883,2026-09-23 08:02:46,2026-09-23 09:10:12,2.196961,1.906,5.885197,267.879029,8.281836,0.98947,0.8,104.089,0.753,35.359873,31.479538,11.595809,32.793695,154,-12.80929,232,41.764518,2.248767,232,41.764518,2.248767,232,41.764518,2.248767
legacy_296,legacy,nam_mo_a_mi_tuo_fo_phase_marker_v1,self_timed_phase_locked_respiration_chant,南無阿彌陀佛,南無,阿,彌陀佛,inspiration_to_expiration_transition,interval_between_two_consecutive_same_phase_taps,2026-09-23,08:06:30,2026-09-23 08:06:30,1790125590571,420,Wed,3,8,6,30,,chant,breath_chant_cycle,1,,1,,false,,,,6,14,295,140,2026-09-23_S01,1,140,0,1.934,1.934,31.023785,0.167,0.167,9.451047,-2.932072,1,protocol_valid,3,1.869,0.089437,4.785293,0.153639,32.15306,5,1.8486,0.090688,4.905763,0.161251,32.52073,10,1.7903,0.109665,6.125521,0.170071,33.629989,21,2.022619,0.275513,13.62159,0.271557,30.185347,2026-09-23 08:06,2026-09-23 08,29,257,2026-09-23 08:02:46,2026-09-23 08:11:43,536.761,8.946017,223.991,247,2.181955,1.7825,6.549586,300.170474,9.221093,1.150612,0.8,104.089,0.75625,37.185837,33.660592,11.959017,32.16014,43.525346,30.846328,-12.679018,-1.897721,27.498272,2,309,309,4,11.167883,2026-09-23 08:02:46,2026-09-23 09:10:12,2.196961,1.906,5.885197,267.879029,8.281836,0.98947,0.8,104.089,0.753,35.359873,31.479538,11.595809,32.793695,154,-12.80929,232,41.764518,2.248767,232,41.764518,2.248767,232,41.764518,2.248767
legacy_297,legacy,nam_mo_a_mi_tuo_fo_phase_marker_v1,self_timed_phase_locked_respiration_chant,南無阿彌陀佛,南無,阿,彌陀佛,inspiration_to_expiration_transition,interval_between_two_consecutive_same_phase_taps,2026-09-23,08:06:32,2026-09-23 08:06:32,1790125592740,420,Wed,3,8,6,32,,chant,breath_chant_cycle,1,,1,,false,,,,6,15,296,141,2026-09-23_S01,1,141,0,2.169,2.169,27.662517,0.235,0.235,12.150982,-3.361268,1,protocol_valid,3,1.956667,0.201956,10.321445,0.203855,30.88072,5,1.9022,0.172078,9.046241,0.181436,31.740766,10,1.8419,0.151355,8.217327,0.178881,32.766477,21,2.026571,0.277059,13.671296,0.274093,30.132934,2026-09-23 08:06,2026-09-23 08,29,257,2026-09-23 08:02:46,2026-09-23 08:11:43,536.761,8.946017,226.16,247,2.181955,1.7825,6.549586,300.170474,9.221093,1.150612,0.8,104.089,0.75625,37.185837,33.660592,11.959017,32.16014,43.525346,30.846328,-12.679018,-1.897721,27.498272,2,309,309,4,11.167883,2026-09-23 08:02:46,2026-09-23 09:10:12,2.196961,1.906,5.885197,267.879029,8.281836,0.98947,0.8,104.089,0.753,35.359873,31.479538,11.595809,32.793695,154,-12.80929,232,41.764518,2.248767,232,41.764518,2.248767,232,41.764518,2.248767
legacy_298,legacy,nam_mo_a_mi_tuo_fo_phase_marker_v1,self_timed_phase_locked_respiration_chant,南無阿彌陀佛,南無,阿,彌陀佛,inspiration_to_expiration_transition,interval_between_two_consecutive_same_phase_taps,2026-09-23,08:06:34,2026-09-23 08:06:34,1790125594725,420,Wed,3,8,6,34,,chant,breath_chant_cycle,1,,1,,false,,,,6,16,297,142,2026-09-23_S01,1,142,0,1.985,1.985,30.2267,-0.184,0.184,-8.483172,2.564183,1,protocol_valid,3,2.029333,0.123614,6.091343,0.211046,29.637667,5,1.9522,0.145639,7.460247,0.184588,30.86968,10,1.8585,0.157541,8.476782,0.174723,32.490631,21,2.013857,0.272282,13.520399,0.27626,30.303587,2026-09-23 08:06,2026-09-23 08,29,257,2026-09-23 08:02:46,2026-09-23 08:11:43,536.761,8.946017,228.145,247,2.181955,1.7825,6.549586,300.170474,9.221093,1.150612,0.8,104.089,0.75625,37.185837,33.660592,11.959017,32.16014,43.525346,30.846328,-12.679018,-1.897721,27.498272,2,309,309,4,11.167883,2026-09-23 08:02:46,2026-09-23 09:10:12,2.196961,1.906,5.885197,267.879029,8.281836,0.98947,0.8,104.089,0.753,35.359873,31.479538,11.595809,32.793695,154,-12.80929,232,41.764518,2.248767,232,41.764518,2.248767,232,41.764518,2.248767
legacy_299,legacy,nam_mo_a_mi_tuo_fo_phase_marker_v1,self_timed_phase_locked_respiration_chant,南無阿彌陀佛,南無,阿,彌陀佛,inspiration_to_expiration_transition,interval_between_two_consecutive_same_phase_taps,2026-09-23,08:06:36,2026-09-23 08:06:36,1790125596994,420,Wed,3,8,6,36,,chant,breath_chant_cycle,1,,1,,false,,,,6,17,298,143,2026-09-23_S01,1,143,0,2.269,2.269,26.443367,0.284,0.284,14.307305,-3.783333,1,protocol_valid,3,2.141,0.144056,6.728423,0.239282,28.110862,5,2.0248,0.197937,9.77565,0.222276,29.862445,10,1.9252,0.176887,9.187989,0.183196,31.38965,21,2.009905,0.267691,13.318612,0.283442,30.348024,2026-09-23 08:06,2026-09-23 08,29,257,2026-09-23 08:02:46,2026-09-23 08:11:43,536.761,8.946017,230.414,247,2.181955,1.7825,6.549586,300.170474,9.221093,1.150612,0.8,104.089,0.75625,37.185837,33.660592,11.959017,32.16014,43.525346,30.846328,-12.679018,-1.897721,27.498272,2,309,309,4,11.167883,2026-09-23 08:02:46,2026-09-23 09:10:12,2.196961,1.906,5.885197,267.879029,8.281836,0.98947,0.8,104.089,0.753,35.359873,31.479538,11.595809,32.793695,154,-12.80929,232,41.764518,2.248767,232,41.764518,2.248767,232,41.764518,2.248767
legacy_300,legacy,nam_mo_a_mi_tuo_fo_phase_marker_v1,self_timed_phase_locked_respiration_chant,南無阿彌陀佛,南無,阿,彌陀佛,inspiration_to_expiration_transition,interval_between_two_consecutive_same_phase_taps,2026-09-23,08:06:39,2026-09-23 08:06:39,1790125599279,420,Wed,3,8,6,39,,chant,breath_chant_cycle,1,,1,,false,,,,6,18,299,144,2026-09-23_S01,1,144,0,2.285,2.285,26.258206,0.016,0.016,0.705156,-0.185161,1,protocol_valid,3,2.179667,0.168776,7.743202,0.201137,27.642758,5,2.1284,0.161474,7.58663,0.206151,28.322915,10,1.9704,0.206055,10.4575,0.181324,30.742148,21,2.005952,0.262706,13.096333,0.281901,30.391851,2026-09-23 08:06,2026-09-23 08,29,257,2026-09-23 08:02:46,2026-09-23 08:11:43,536.761,8.946017,232.699,247,2.181955,1.7825,6.549586,300.170474,9.221093,1.150612,0.8,104.089,0.75625,37.185837,33.660592,11.959017,32.16014,43.525346,30.846328,-12.679018,-1.897721,27.498272,2,309,309,4,11.167883,2026-09-23 08:02:46,2026-09-23 09:10:12,2.196961,1.906,5.885197,267.879029,8.281836,0.98947,0.8,104.089,0.753,35.359873,31.479538,11.595809,32.793695,154,-12.80929,232,41.764518,2.248767,232,41.764518,2.248767,232,41.764518,2.248767
legacy_301,legacy,nam_mo_a_mi_tuo_fo_phase_marker_v1,self_timed_phase_locked_respiration_chant,南無阿彌陀佛,南無,阿,彌陀佛,inspiration_to_expiration_transition,interval_between_two_consecutive_same_phase_taps,2026-09-23,08:06:41,2026-09-23 08:06:41,1790125601498,420,Wed,3,8,6,41,,chant,breath_chant_cycle,1,,1,,false,,,,6,19,300,145,2026-09-23_S01,1,145,0,2.219,2.219,27.039207,-0.066,0.066,-2.888403,0.781001,1,protocol_valid,3,2.257667,0.034429,1.524967,0.048021,26.58026,5,2.1854,0.1209,5.532166,0.172572,27.525999,10,2.017,0.204111,10.119511,0.175865,30.023365,21,2.00519,0.262031,13.067638,0.278686,30.401068,2026-09-23 08:06,2026-09-23 08,29,257,2026-09-23 08:02:46,2026-09-23 08:11:43,536.761,8.946017,234.918,247,2.181955,1.7825,6.549586,300.170474,9.221093,1.150612,0.8,104.089,0.75625,37.185837,33.660592,11.959017,32.16014,43.525346,30.846328,-12.679018,-1.897721,27.498272,2,309,309,4,11.167883,2026-09-23 08:02:46,2026-09-23 09:10:12,2.196961,1.906,5.885197,267.879029,8.281836,0.98947,0.8,104.089,0.753,35.359873,31.479538,11.595809,32.793695,154,-12.80929,232,41.764518,2.248767,232,41.764518,2.248767,232,41.764518,2.248767
legacy_302,legacy,nam_mo_a_mi_tuo_fo_phase_marker_v1,self_timed_phase_locked_respiration_chant,南無阿彌陀佛,南無,阿,彌陀佛,inspiration_to_expiration_transition,interval_between_two_consecutive_same_phase_taps,2026-09-23,08:06:43,2026-09-23 08:06:43,1790125603616,420,Wed,3,8,6,43,,chant,breath_chant_cycle,1,,1,,false,,,,6,20,301,146,2026-09-23_S01,1,146,0,2.118,2.118,28.328612,-0.101,0.101,-4.5516,1.289405,1,protocol_valid,3,2.207333,0.084109,3.810437,0.085314,27.208675,5,2.1752,0.12472,5.733748,0.15449,27.659218,10,2.0387,0.201931,9.904903,0.170294,29.699992,21,1.990048,0.244491,12.285696,0.279185,30.577167,2026-09-23 08:06,2026-09-23 08,29,257,2026-09-23 08:02:46,2026-09-23 08:11:43,536.761,8.946017,237.036,247,2.181955,1.7825,6.549586,300.170474,9.221093,1.150612,0.8,104.089,0.75625,37.185837,33.660592,11.959017,32.16014,43.525346,30.846328,-12.679018,-1.897721,27.498272,2,309,309,4,11.167883,2026-09-23 08:02:46,2026-09-23 09:10:12,2.196961,1.906,5.885197,267.879029,8.281836,0.98947,0.8,104.089,0.753,35.359873,31.479538,11.595809,32.793695,154,-12.80929,232,41.764518,2.248767,232,41.764518,2.248767,232,41.764518,2.248767
legacy_303,legacy,nam_mo_a_mi_tuo_fo_phase_marker_v1,self_timed_phase_locked_respiration_chant,南無阿彌陀佛,南無,阿,彌陀佛,inspiration_to_expiration_transition,interval_between_two_consecutive_same_phase_taps,2026-09-23,08:06:45,2026-09-23 08:06:45,1790125605784,420,Wed,3,8,6,45,,chant,breath_chant_cycle,1,,1,,false,,,,7,0,302,147,2026-09-23_S01,1,147,0,2.168,2.168,27.675277,0.05,0.05,2.360718,-0.653335,1,protocol_valid,3,2.168333,0.050501,2.329016,0.07969,27.681032,5,2.2118,0.06964,3.148557,0.065789,27.148934,10,2.082,0.174076,8.360998,0.161335,29.009307,21,1.980524,0.232641,11.746419,0.272956,30.688474,2026-09-23 08:06,2026-09-23 08,29,257,2026-09-23 08:02:46,2026-09-23 08:11:43,536.761,8.946017,239.204,247,2.181955,1.7825,6.549586,300.170474,9.221093,1.150612,0.8,104.089,0.75625,37.185837,33.660592,11.959017,32.16014,43.525346,30.846328,-12.679018,-1.897721,27.498272,2,309,309,4,11.167883,2026-09-23 08:02:46,2026-09-23 09:10:12,2.196961,1.906,5.885197,267.879029,8.281836,0.98947,0.8,104.089,0.753,35.359873,31.479538,11.595809,32.793695,154,-12.80929,232,41.764518,2.248767,232,41.764518,2.248767,232,41.764518,2.248767
legacy_304,legacy,nam_mo_a_mi_tuo_fo_phase_marker_v1,self_timed_phase_locked_respiration_chant,南無阿彌陀佛,南無,阿,彌陀佛,inspiration_to_expiration_transition,interval_between_two_consecutive_same_phase_taps,2026-09-23,08:06:47,2026-09-23 08:06:47,1790125607753,420,Wed,3,8,6,47,,chant,breath_chant_cycle,1,,1,,false,,,,7,1,303,148,2026-09-23_S01,1,148,0,1.969,1.969,30.472321,-0.199,0.199,-9.178967,2.797044,1,protocol_valid,3,2.085,0.103523,4.965129,0.145088,28.825403,5,2.1518,0.119456,5.551438,0.119015,27.954724,10,2.0883,0.168034,8.046438,0.168173,28.908585,21,1.974238,0.231,11.700726,0.273136,30.77964,2026-09-23 08:06,2026-09-23 08,29,257,2026-09-23 08:02:46,2026-09-23 08:11:43,536.761,8.946017,241.173,247,2.181955,1.7825,6.549586,300.170474,9.221093,1.150612,0.8,104.089,0.75625,37.185837,33.660592,11.959017,32.16014,43.525346,30.846328,-12.679018,-1.897721,27.498272,2,309,309,4,11.167883,2026-09-23 08:02:46,2026-09-23 09:10:12,2.196961,1.906,5.885197,267.879029,8.281836,0.98947,0.8,104.089,0.753,35.359873,31.479538,11.595809,32.793695,154,-12.80929,232,41.764518,2.248767,232,41.764518,2.248767,232,41.764518,2.248767
legacy_305,legacy,nam_mo_a_mi_tuo_fo_phase_marker_v1,self_timed_phase_locked_respiration_chant,南無阿彌陀佛,南無,阿,彌陀佛,inspiration_to_expiration_transition,interval_between_two_consecutive_same_phase_taps,2026-09-23,08:06:49,2026-09-23 08:06:49,1790125609803,420,Wed,3,8,6,49,,chant,breath_chant_cycle,1,,1,,false,,,,7,2,304,149,2026-09-23_S01,1,149,0,2.05,2.05,29.268293,0.081,0.081,4.113763,-1.204028,1,protocol_valid,3,2.062333,0.100072,4.85235,0.151924,29.13863,5,2.1048,0.098304,4.670473,0.121308,28.556742,10,2.1166,0.126641,5.983247,0.160973,28.439828,21,1.981048,0.231027,11.661846,0.273407,30.675128,2026-09-23 08:06,2026-09-23 08,29,257,2026-09-23 08:02:46,2026-09-23 08:11:43,536.761,8.946017,243.223,247,2.181955,1.7825,6.549586,300.170474,9.221093,1.150612,0.8,104.089,0.75625,37.185837,33.660592,11.959017,32.16014,43.525346,30.846328,-12.679018,-1.897721,27.498272,2,309,309,4,11.167883,2026-09-23 08:02:46,2026-09-23 09:10:12,2.196961,1.906,5.885197,267.879029,8.281836,0.98947,0.8,104.089,0.753,35.359873,31.479538,11.595809,32.793695,154,-12.80929,232,41.764518,2.248767,232,41.764518,2.248767,232,41.764518,2.248767
legacy_306,legacy,nam_mo_a_mi_tuo_fo_phase_marker_v1,self_timed_phase_locked_respiration_chant,南無阿彌陀佛,南無,阿,彌陀佛,inspiration_to_expiration_transition,interval_between_two_consecutive_same_phase_taps,2026-09-23,08:06:52,2026-09-23 08:06:52,1790125612035,420,Wed,3,8,6,52,,chant,breath_chant_cycle,1,,1,,false,,,,7,3,305,150,2026-09-23_S01,1,150,0,2.232,2.232,26.88172,0.182,0.182,8.878049,-2.386572,1,protocol_valid,3,2.083667,0.134693,6.464253,0.140863,28.874111,5,2.1074,0.102175,4.848407,0.142991,28.525245,10,2.1464,0.113253,5.276421,0.153156,28.025622,21,1.993667,0.237371,11.906268,0.249405,30.502672,2026-09-23 08:06,2026-09-23 08,29,257,2026-09-23 08:02:46,2026-09-23 08:11:43,536.761,8.946017,245.455,247,2.181955,1.7825,6.549586,300.170474,9.221093,1.150612,0.8,104.089,0.75625,37.185837,33.660592,11.959017,32.16014,43.525346,30.846328,-12.679018,-1.897721,27.498272,2,309,309,4,11.167883,2026-09-23 08:02:46,2026-09-23 09:10:12,2.196961,1.906,5.885197,267.879029,8.281836,0.98947,0.8,104.089,0.753,35.359873,31.479538,11.595809,32.793695,154,-12.80929,232,41.764518,2.248767,232,41.764518,2.248767,232,41.764518,2.248767
legacy_307,legacy,nam_mo_a_mi_tuo_fo_phase_marker_v1,self_timed_phase_locked_respiration_chant,南無阿彌陀佛,南無,阿,彌陀佛,inspiration_to_expiration_transition,interval_between_two_consecutive_same_phase_taps,2026-09-23,08:06:54,2026-09-23 08:06:54,1790125614168,420,Wed,3,8,6,54,,chant,breath_chant_cycle,1,,1,,false,,,,7,4,306,151,2026-09-23_S01,1,151,0,2.133,2.133,28.129395,-0.099,0.099,-4.435484,1.247675,1,protocol_valid,3,2.138333,0.091117,4.261129,0.146501,28.093136,5,2.1104,0.102783,4.870299,0.149237,28.485401,10,2.1428,0.113027,5.274727,0.144167,28.07231,21,1.97619,0.210182,10.635714,0.163776,30.69931,2026-09-23 08:06,2026-09-23 08,29,257,2026-09-23 08:02:46,2026-09-23 08:11:43,536.761,8.946017,247.588,247,2.181955,1.7825,6.549586,300.170474,9.221093,1.150612,0.8,104.089,0.75625,37.185837,33.660592,11.959017,32.16014,43.525346,30.846328,-12.679018,-1.897721,27.498272,2,309,309,4,11.167883,2026-09-23 08:02:46,2026-09-23 09:10:12,2.196961,1.906,5.885197,267.879029,8.281836,0.98947,0.8,104.089,0.753,35.359873,31.479538,11.595809,32.793695,154,-12.80929,232,41.764518,2.248767,232,41.764518,2.248767,232,41.764518,2.248767
legacy_308,legacy,nam_mo_a_mi_tuo_fo_phase_marker_v1,self_timed_phase_locked_respiration_chant,南無阿彌陀佛,南無,阿,彌陀佛,inspiration_to_expiration_transition,interval_between_two_consecutive_same_phase_taps,2026-09-23,08:06:56,2026-09-23 08:06:56,1790125616000,420,Wed,3,8,6,56,,chant,breath_chant_cycle,1,,1,,false,,,,7,5,307,152,2026-09-23_S01,1,152,0,1.832,1.832,32.751092,-0.301,0.301,-14.11158,4.621696,1,protocol_valid,3,2.065667,0.208327,10.085241,0.224056,29.254069,5,2.0432,0.153188,7.497477,0.187141,29.500564,10,2.1275,0.143112,6.726789,0.147949,28.324749,21,1.984714,0.199793,10.066571,0.173133,30.530427,2026-09-23 08:06,2026-09-23 08,29,257,2026-09-23 08:02:46,2026-09-23 08:11:43,536.761,8.946017,249.42,247,2.181955,1.7825,6.549586,300.170474,9.221093,1.150612,0.8,104.089,0.75625,37.185837,33.660592,11.959017,32.16014,43.525346,30.846328,-12.679018,-1.897721,27.498272,2,309,309,4,11.167883,2026-09-23 08:02:46,2026-09-23 09:10:12,2.196961,1.906,5.885197,267.879029,8.281836,0.98947,0.8,104.089,0.753,35.359873,31.479538,11.595809,32.793695,154,-12.80929,232,41.764518,2.248767,232,41.764518,2.248767,232,41.764518,2.248767
legacy_309,legacy,nam_mo_a_mi_tuo_fo_phase_marker_v1,self_timed_phase_locked_respiration_chant,南無阿彌陀佛,南無,阿,彌陀佛,inspiration_to_expiration_transition,interval_between_two_consecutive_same_phase_taps,2026-09-23,08:06:58,2026-09-23 08:06:58,1790125618035,420,Wed,3,8,6,58,,chant,breath_chant_cycle,1,,1,,false,,,,7,6,308,153,2026-09-23_S01,1,153,0,2.035,2.035,29.484029,0.203,0.203,11.080786,-3.267062,1,protocol_valid,3,2,0.153522,7.676099,0.25672,30.121505,5,2.0564,0.14795,7.194628,0.209007,29.302906,10,2.1041,0.136377,6.481503,0.162602,28.628815,21,1.995,0.196365,9.842881,0.172282,30.363706,2026-09-23 08:06,2026-09-23 08,29,257,2026-09-23 08:02:46,2026-09-23 08:11:43,536.761,8.946017,251.455,247,2.181955,1.7825,6.549586,300.170474,9.221093,1.150612,0.8,104.089,0.75625,37.185837,33.660592,11.959017,32.16014,43.525346,30.846328,-12.679018,-1.897721,27.498272,2,309,309,4,11.167883,2026-09-23 08:02:46,2026-09-23 09:10:12,2.196961,1.906,5.885197,267.879029,8.281836,0.98947,0.8,104.089,0.753,35.359873,31.479538,11.595809,32.793695,154,-12.80929,232,41.764518,2.248767,232,41.764518,2.248767,232,41.764518,2.248767
legacy_310,legacy,nam_mo_a_mi_tuo_fo_phase_marker_v1,self_timed_phase_locked_respiration_chant,南無阿彌陀佛,南無,阿,彌陀佛,inspiration_to_expiration_transition,interval_between_two_consecutive_same_phase_taps,2026-09-23,08:07:00,2026-09-23 08:07:00,1790125620021,420,Wed,3,8,7,0,,chant,breath_chant_cycle,1,,1,,false,,,,7,7,309,154,2026-09-23_S01,1,154,0,1.986,1.986,30.21148,-0.049,0.049,-2.407862,0.727451,1,protocol_valid,3,1.951,0.105929,5.429483,0.147665,30.815534,5,2.0436,0.151371,7.407095,0.189745,29.491543,10,2.0742,0.124576,6.005956,0.161932,29.024143,21,2.013286,0.174614,8.673067,0.164721,30.018863,2026-09-23 08:07,2026-09-23 08,17,257,2026-09-23 08:02:46,2026-09-23 08:11:43,536.761,8.946017,253.441,247,2.181955,1.7825,6.549586,300.170474,9.221093,1.150612,0.8,104.089,0.75625,37.185837,33.660592,11.959017,32.16014,43.525346,30.846328,-12.679018,-1.897721,27.498272,2,309,309,4,11.167883,2026-09-23 08:02:46,2026-09-23 09:10:12,2.196961,1.906,5.885197,267.879029,8.281836,0.98947,0.8,104.089,0.753,35.359873,31.479538,11.595809,32.793695,154,-12.80929,232,41.764518,2.248767,232,41.764518,2.248767,232,41.764518,2.248767
legacy_311,legacy,nam_mo_a_mi_tuo_fo_phase_marker_v1,self_timed_phase_locked_respiration_chant,南無阿彌陀佛,南無,阿,彌陀佛,inspiration_to_expiration_transition,interval_between_two_consecutive_same_phase_taps,2026-09-23,08:07:02,2026-09-23 08:07:02,1790125622138,420,Wed,3,8,7,2,,chant,breath_chant_cycle,1,,1,,false,,,,7,8,310,155,2026-09-23_S01,1,155,0,2.117,2.117,28.341993,0.131,0.131,6.596173,-1.869487,1,protocol_valid,3,2.046,0.066189,3.23505,0.098899,29.345834,5,2.0206,0.121348,6.005535,0.194533,29.783598,10,2.064,0.115227,5.582719,0.164303,29.154421,21,2.02681,0.170911,8.432513,0.166346,29.809757,2026-09-23 08:07,2026-09-23 08,17,257,2026-09-23 08:02:46,2026-09-23 08:11:43,536.761,8.946017,255.558,247,2.181955,1.7825,6.549586,300.170474,9.221093,1.150612,0.8,104.089,0.75625,37.185837,33.660592,11.959017,32.16014,43.525346,30.846328,-12.679018,-1.897721,27.498272,2,309,309,4,11.167883,2026-09-23 08:02:46,2026-09-23 09:10:12,2.196961,1.906,5.885197,267.879029,8.281836,0.98947,0.8,104.089,0.753,35.359873,31.479538,11.595809,32.793695,154,-12.80929,232,41.764518,2.248767,232,41.764518,2.248767,232,41.764518,2.248767
legacy_312,legacy,nam_mo_a_mi_tuo_fo_phase_marker_v1,self_timed_phase_locked_respiration_chant,南無阿彌陀佛,南無,阿,彌陀佛,inspiration_to_expiration_transition,interval_between_two_consecutive_same_phase_taps,2026-09-23,08:07:04,2026-09-23 08:07:04,1790125624157,420,Wed,3,8,7,4,,chant,breath_chant_cycle,1,,1,,false,,,,7,9,311,156,2026-09-23_S01,1,156,0,2.019,2.019,29.717682,-0.098,0.098,-4.629192,1.375689,1,protocol_valid,3,2.040667,0.068135,3.338844,0.115683,29.423719,5,1.9978,0.104488,5.230143,0.132641,30.101255,10,2.0541,0.114322,5.565533,0.166688,29.293328,21,2.039476,0.159049,7.798519,0.164487,29.595026,2026-09-23 08:07,2026-09-23 08,17,257,2026-09-23 08:02:46,2026-09-23 08:11:43,536.761,8.946017,257.577,247,2.181955,1.7825,6.549586,300.170474,9.221093,1.150612,0.8,104.089,0.75625,37.185837,33.660592,11.959017,32.16014,43.525346,30.846328,-12.679018,-1.897721,27.498272,2,309,309,4,11.167883,2026-09-23 08:02:46,2026-09-23 09:10:12,2.196961,1.906,5.885197,267.879029,8.281836,0.98947,0.8,104.089,0.753,35.359873,31.479538,11.595809,32.793695,154,-12.80929,232,41.764518,2.248767,232,41.764518,2.248767,232,41.764518,2.248767
legacy_313,legacy,nam_mo_a_mi_tuo_fo_phase_marker_v1,self_timed_phase_locked_respiration_chant,南無阿彌陀佛,南無,阿,彌陀佛,inspiration_to_expiration_transition,interval_between_two_consecutive_same_phase_taps,2026-09-23,08:07:06,2026-09-23 08:07:06,1790125626292,420,Wed,3,8,7,6,,chant,breath_chant_cycle,1,,1,,false,,,,7,10,312,157,2026-09-23_S01,1,157,0,2.135,2.135,28.103044,0.116,0.116,5.745419,-1.614638,1,protocol_valid,3,2.090333,0.062429,2.986539,0.107378,28.720907,5,2.0584,0.064504,3.133709,0.103225,29.171646,10,2.0508,0.111099,5.417367,0.157733,29.336105,21,2.050619,0.157047,7.658499,0.16233,29.430298,2026-09-23 08:07,2026-09-23 08,17,257,2026-09-23 08:02:46,2026-09-23 08:11:43,536.761,8.946017,259.712,247,2.181955,1.7825,6.549586,300.170474,9.221093,1.150612,0.8,104.089,0.75625,37.185837,33.660592,11.959017,32.16014,43.525346,30.846328,-12.679018,-1.897721,27.498272,2,309,309,4,11.167883,2026-09-23 08:02:46,2026-09-23 09:10:12,2.196961,1.906,5.885197,267.879029,8.281836,0.98947,0.8,104.089,0.753,35.359873,31.479538,11.595809,32.793695,154,-12.80929,232,41.764518,2.248767,232,41.764518,2.248767,232,41.764518,2.248767
legacy_314,legacy,nam_mo_a_mi_tuo_fo_phase_marker_v1,self_timed_phase_locked_respiration_chant,南無阿彌陀佛,南無,阿,彌陀佛,inspiration_to_expiration_transition,interval_between_two_consecutive_same_phase_taps,2026-09-23,08:07:08,2026-09-23 08:07:08,1790125628194,420,Wed,3,8,7,8,,chant,breath_chant_cycle,1,,1,,false,,,,7,11,313,158,2026-09-23_S01,1,158,0,1.902,1.902,31.545741,-0.233,0.233,-10.913349,3.442697,1,protocol_valid,3,2.018667,0.1165,5.771154,0.184045,29.788823,5,2.0318,0.096201,4.734784,0.153712,29.583988,10,2.0441,0.118363,5.790486,0.173732,29.443447,21,2.058571,0.143947,6.992588,0.166143,29.285708,2026-09-23 08:07,2026-09-23 08,17,257,2026-09-23 08:02:46,2026-09-23 08:11:43,536.761,8.946017,261.614,247,2.181955,1.7825,6.549586,300.170474,9.221093,1.150612,0.8,104.089,0.75625,37.185837,33.660592,11.959017,32.16014,43.525346,30.846328,-12.679018,-1.897721,27.498272,2,309,309,4,11.167883,2026-09-23 08:02:46,2026-09-23 09:10:12,2.196961,1.906,5.885197,267.879029,8.281836,0.98947,0.8,104.089,0.753,35.359873,31.479538,11.595809,32.793695,154,-12.80929,232,41.764518,2.248767,232,41.764518,2.248767,232,41.764518,2.248767
legacy_315,legacy,nam_mo_a_mi_tuo_fo_phase_marker_v1,self_timed_phase_locked_respiration_chant,南無阿彌陀佛,南無,阿,彌陀佛,inspiration_to_expiration_transition,interval_between_two_consecutive_same_phase_taps,2026-09-23,08:07:10,2026-09-23 08:07:10,1790125630094,420,Wed,3,8,7,10,,chant,breath_chant_cycle,1,,1,,false,,,,7,12,314,159,2026-09-23_S01,1,159,0,1.9,1.9,31.578947,-0.002,0.002,-0.105152,0.033206,1,protocol_valid,3,1.979,0.135104,6.826865,0.164762,30.409244,5,2.0146,0.112709,5.594605,0.139062,29.857482,10,2.0291,0.126741,6.246155,0.162797,29.674513,21,2.058286,0.144271,7.009278,0.16321,29.290441,2026-09-23 08:07,2026-09-23 08,17,257,2026-09-23 08:02:46,2026-09-23 08:11:43,536.761,8.946017,263.514,247,2.181955,1.7825,6.549586,300.170474,9.221093,1.150612,0.8,104.089,0.75625,37.185837,33.660592,11.959017,32.16014,43.525346,30.846328,-12.679018,-1.897721,27.498272,2,309,309,4,11.167883,2026-09-23 08:02:46,2026-09-23 09:10:12,2.196961,1.906,5.885197,267.879029,8.281836,0.98947,0.8,104.089,0.753,35.359873,31.479538,11.595809,32.793695,154,-12.80929,232,41.764518,2.248767,232,41.764518,2.248767,232,41.764518,2.248767
legacy_316,legacy,nam_mo_a_mi_tuo_fo_phase_marker_v1,self_timed_phase_locked_respiration_chant,南無阿彌陀佛,南無,阿,彌陀佛,inspiration_to_expiration_transition,interval_between_two_consecutive_same_phase_taps,2026-09-23,08:07:12,2026-09-23 08:07:12,1790125632296,420,Wed,3,8,7,12,,chant,breath_chant_cycle,1,,1,,false,,,,7,13,315,160,2026-09-23_S01,1,160,0,2.202,2.202,27.247956,0.302,0.302,15.894737,-4.330991,1,protocol_valid,3,2.001333,0.173785,8.683476,0.213551,30.124215,5,2.0316,0.136016,6.695009,0.199345,29.638674,10,2.0261,0.121657,6.004515,0.188541,29.711136,21,2.079,0.130973,6.299803,0.172636,28.971017,2026-09-23 08:07,2026-09-23 08,17,257,2026-09-23 08:02:46,2026-09-23 08:11:43,536.761,8.946017,265.716,247,2.181955,1.7825,6.549586,300.170474,9.221093,1.150612,0.8,104.089,0.75625,37.185837,33.660592,11.959017,32.16014,43.525346,30.846328,-12.679018,-1.897721,27.498272,2,309,309,4,11.167883,2026-09-23 08:02:46,2026-09-23 09:10:12,2.196961,1.906,5.885197,267.879029,8.281836,0.98947,0.8,104.089,0.753,35.359873,31.479538,11.595809,32.793695,154,-12.80929,232,41.764518,2.248767,232,41.764518,2.248767,232,41.764518,2.248767
legacy_317,legacy,nam_mo_a_mi_tuo_fo_phase_marker_v1,self_timed_phase_locked_respiration_chant,南無阿彌陀佛,南無,阿,彌陀佛,inspiration_to_expiration_transition,interval_between_two_consecutive_same_phase_taps,2026-09-23,08:07:14,2026-09-23 08:07:14,1790125634648,420,Wed,3,8,7,14,,chant,breath_chant_cycle,1,,1,,false,,,,7,14,316,161,2026-09-23_S01,1,161,0,2.352,2.352,25.510204,0.15,0.15,6.811989,-1.737752,1,protocol_valid,3,2.151333,0.23022,10.701279,0.238437,28.112369,5,2.0982,0.196418,9.361283,0.204937,28.797179,10,2.048,0.157477,7.689323,0.167275,29.449217,21,2.098905,0.139331,6.638265,0.16783,28.708466,2026-09-23 08:07,2026-09-23 08,17,257,2026-09-23 08:02:46,2026-09-23 08:11:43,536.761,8.946017,268.068,247,2.181955,1.7825,6.549586,300.170474,9.221093,1.150612,0.8,104.089,0.75625,37.185837,33.660592,11.959017,32.16014,43.525346,30.846328,-12.679018,-1.897721,27.498272,2,309,309,4,11.167883,2026-09-23 08:02:46,2026-09-23 09:10:12,2.196961,1.906,5.885197,267.879029,8.281836,0.98947,0.8,104.089,0.753,35.359873,31.479538,11.595809,32.793695,154,-12.80929,232,41.764518,2.248767,232,41.764518,2.248767,232,41.764518,2.248767
legacy_318,legacy,nam_mo_a_mi_tuo_fo_phase_marker_v1,self_timed_phase_locked_respiration_chant,南無阿彌陀佛,南無,阿,彌陀佛,inspiration_to_expiration_transition,interval_between_two_consecutive_same_phase_taps,2026-09-23,08:07:17,2026-09-23 08:07:17,1790125637034,420,Wed,3,8,7,17,,chant,breath_chant_cycle,1,,1,,false,,,,7,15,317,162,2026-09-23_S01,1,162,0,2.386,2.386,25.146689,0.034,0.034,1.445578,-0.363515,1,protocol_valid,3,2.313333,0.097905,4.232192,0.108757,25.968283,5,2.1484,0.236218,10.995052,0.169458,28.205908,10,2.1034,0.169996,8.081972,0.153397,28.688777,21,2.109238,0.152238,7.21769,0.162887,28.588665,2026-09-23 08:07,2026-09-23 08,17,257,2026-09-23 08:02:46,2026-09-23 08:11:43,536.761,8.946017,270.454,247,2.181955,1.7825,6.549586,300.170474,9.221093,1.150612,0.8,104.089,0.75625,37.185837,33.660592,11.959017,32.16014,43.525346,30.846328,-12.679018,-1.897721,27.498272,2,309,309,4,11.167883,2026-09-23 08:02:46,2026-09-23 09:10:12,2.196961,1.906,5.885197,267.879029,8.281836,0.98947,0.8,104.089,0.753,35.359873,31.479538,11.595809,32.793695,154,-12.80929,232,41.764518,2.248767,232,41.764518,2.248767,232,41.764518,2.248767
legacy_319,legacy,nam_mo_a_mi_tuo_fo_phase_marker_v1,self_timed_phase_locked_respiration_chant,南無阿彌陀佛,南無,阿,彌陀佛,inspiration_to_expiration_transition,interval_between_two_consecutive_same_phase_taps,2026-09-23,08:07:19,2026-09-23 08:07:19,1790125639735,420,Wed,3,8,7,19,,chant,breath_chant_cycle,1,,1,,false,,,,7,16,318,163,2026-09-23_S01,1,163,0,2.701,2.701,22.213995,0.315,0.315,13.202012,-2.932694,1,protocol_valid,3,2.479667,0.192433,7.760425,0.224032,24.290296,5,2.3082,0.29162,12.634085,0.231347,26.339558,10,2.17,0.251259,11.578758,0.185172,27.961773,21,2.143333,0.196706,9.177572,0.165712,28.207107,2026-09-23 08:07,2026-09-23 08,17,257,2026-09-23 08:02:46,2026-09-23 08:11:43,536.761,8.946017,273.155,247,2.181955,1.7825,6.549586,300.170474,9.221093,1.150612,0.8,104.089,0.75625,37.185837,33.660592,11.959017,32.16014,43.525346,30.846328,-12.679018,-1.897721,27.498272,2,309,309,4,11.167883,2026-09-23 08:02:46,2026-09-23 09:10:12,2.196961,1.906,5.885197,267.879029,8.281836,0.98947,0.8,104.089,0.753,35.359873,31.479538,11.595809,32.793695,154,-12.80929,232,41.764518,2.248767,232,41.764518,2.248767,232,41.764518,2.248767
legacy_320,legacy,nam_mo_a_mi_tuo_fo_phase_marker_v1,self_timed_phase_locked_respiration_chant,南無阿彌陀佛,南無,阿,彌陀佛,inspiration_to_expiration_transition,interval_between_two_consecutive_same_phase_taps,2026-09-23,08:07:21,2026-09-23 08:07:21,1790125641704,420,Wed,3,8,7,21,,chant,breath_chant_cycle,1,,1,,false,,,,7,17,319,164,2026-09-23_S01,1,164,0,1.969,1.969,30.472321,-0.732,0.732,-27.101074,8.258326,1,protocol_valid,3,2.352,0.367183,15.611502,0.563493,25.944335,5,2.322,0.268163,11.548803,0.405803,26.118233,10,2.1683,0.252696,11.654094,0.30318,27.987857,21,2.129048,0.198012,9.30052,0.232892,28.398962,2026-09-23 08:07,2026-09-23 08,17,257,2026-09-23 08:02:46,2026-09-23 08:11:43,536.761,8.946017,275.124,247,2.181955,1.7825,6.549586,300.170474,9.221093,1.150612,0.8,104.089,0.75625,37.185837,33.660592,11.959017,32.16014,43.525346,30.846328,-12.679018,-1.897721,27.498272,2,309,309,4,11.167883,2026-09-23 08:02:46,2026-09-23 09:10:12,2.196961,1.906,5.885197,267.879029,8.281836,0.98947,0.8,104.089,0.753,35.359873,31.479538,11.595809,32.793695,154,-12.80929,232,41.764518,2.248767,232,41.764518,2.248767,232,41.764518,2.248767
legacy_321,legacy,nam_mo_a_mi_tuo_fo_phase_marker_v1,self_timed_phase_locked_respiration_chant,南無阿彌陀佛,南無,阿,彌陀佛,inspiration_to_expiration_transition,interval_between_two_consecutive_same_phase_taps,2026-09-23,08:07:23,2026-09-23 08:07:23,1790125643889,420,Wed,3,8,7,23,,chant,breath_chant_cycle,1,,1,,false,,,,7,18,320,165,2026-09-23_S01,1,165,0,2.185,2.185,27.459954,0.216,0.216,10.970036,-3.012367,1,protocol_valid,3,2.285,0.376106,16.459797,0.539667,26.715423,5,2.3186,0.270165,11.652088,0.413177,26.160633,10,2.1751,0.252076,11.589169,0.309895,27.899653,21,2.124286,0.195258,9.191693,0.23739,28.456188,2026-09-23 08:07,2026-09-23 08,17,257,2026-09-23 08:02:46,2026-09-23 08:11:43,536.761,8.946017,277.309,247,2.181955,1.7825,6.549586,300.170474,9.221093,1.150612,0.8,104.089,0.75625,37.185837,33.660592,11.959017,32.16014,43.525346,30.846328,-12.679018,-1.897721,27.498272,2,309,309,4,11.167883,2026-09-23 08:02:46,2026-09-23 09:10:12,2.196961,1.906,5.885197,267.879029,8.281836,0.98947,0.8,104.089,0.753,35.359873,31.479538,11.595809,32.793695,154,-12.80929,232,41.764518,2.248767,232,41.764518,2.248767,232,41.764518,2.248767
legacy_322,legacy,nam_mo_a_mi_tuo_fo_phase_marker_v1,self_timed_phase_locked_respiration_chant,南無阿彌陀佛,南無,阿,彌陀佛,inspiration_to_expiration_transition,interval_between_two_consecutive_same_phase_taps,2026-09-23,08:07:25,2026-09-23 08:07:25,1790125645991,420,Wed,3,8,7,25,,chant,breath_chant_cycle,1,,1,,false,,,,7,19,321,166,2026-09-23_S01,1,166,0,2.102,2.102,28.544244,-0.083,0.083,-3.798627,1.084289,1,protocol_valid,3,2.085333,0.10896,5.225075,0.163623,28.825506,5,2.2686,0.285157,12.569718,0.414908,26.767441,10,2.1834,0.247693,11.344392,0.308715,27.78231,21,2.118714,0.194086,9.160548,0.237041,28.527857,2026-09-23 08:07,2026-09-23 08,17,257,2026-09-23 08:02:46,2026-09-23 08:11:43,536.761,8.946017,279.411,247,2.181955,1.7825,6.549586,300.170474,9.221093,1.150612,0.8,104.089,0.75625,37.185837,33.660592,11.959017,32.16014,43.525346,30.846328,-12.679018,-1.897721,27.498272,2,309,309,4,11.167883,2026-09-23 08:02:46,2026-09-23 09:10:12,2.196961,1.906,5.885197,267.879029,8.281836,0.98947,0.8,104.089,0.753,35.359873,31.479538,11.595809,32.793695,154,-12.80929,232,41.764518,2.248767,232,41.764518,2.248767,232,41.764518,2.248767
legacy_323,legacy,nam_mo_a_mi_tuo_fo_phase_marker_v1,self_timed_phase_locked_respiration_chant,南無阿彌陀佛,南無,阿,彌陀佛,inspiration_to_expiration_transition,interval_between_two_consecutive_same_phase_taps,2026-09-23,08:07:28,2026-09-23 08:07:28,1790125648426,420,Wed,3,8,7,28,,chant,breath_chant_cycle,1,,1,,false,,,,7,20,322,167,2026-09-23_S01,1,167,0,2.435,2.435,24.640657,0.333,0.333,15.842055,-3.903586,1,protocol_valid,3,2.240667,0.173339,7.736036,0.242671,26.881618,5,2.2784,0.290982,12.771352,0.418407,26.666234,10,2.2134,0.259086,11.705325,0.318738,27.436071,21,2.13381,0.20599,9.653624,0.248209,28.35224,2026-09-23 08:07,2026-09-23 08,17,257,2026-09-23 08:02:46,2026-09-23 08:11:43,536.761,8.946017,281.846,247,2.181955,1.7825,6.549586,300.170474,9.221093,1.150612,0.8,104.089,0.75625,37.185837,33.660592,11.959017,32.16014,43.525346,30.846328,-12.679018,-1.897721,27.498272,2,309,309,4,11.167883,2026-09-23 08:02:46,2026-09-23 09:10:12,2.196961,1.906,5.885197,267.879029,8.281836,0.98947,0.8,104.089,0.753,35.359873,31.479538,11.595809,32.793695,154,-12.80929,232,41.764518,2.248767,232,41.764518,2.248767,232,41.764518,2.248767
legacy_324,legacy,nam_mo_a_mi_tuo_fo_phase_marker_v1,self_timed_phase_locked_respiration_chant,南無阿彌陀佛,南無,阿,彌陀佛,inspiration_to_expiration_transition,interval_between_two_consecutive_same_phase_taps,2026-09-23,08:07:30,2026-09-23 08:07:30,1790125650795,420,Wed,3,8,7,30,,chant,breath_chant_cycle,1,,1,,false,,,,8,0,323,168,2026-09-23_S01,1,168,0,2.369,2.369,25.327142,-0.066,0.066,-2.710472,0.686485,1,protocol_valid,3,2.302,0.176321,7.659458,0.240047,26.170681,5,2.212,0.191217,8.644537,0.20542,27.288864,10,2.2601,0.237945,10.528079,0.319496,26.814211,21,2.143381,0.212233,9.901797,0.244633,28.240424,2026-09-23 08:07,2026-09-23 08,17,257,2026-09-23 08:02:46,2026-09-23 08:11:43,536.761,8.946017,284.215,247,2.181955,1.7825,6.549586,300.170474,9.221093,1.150612,0.8,104.089,0.75625,37.185837,33.660592,11.959017,32.16014,43.525346,30.846328,-12.679018,-1.897721,27.498272,2,309,309,4,11.167883,2026-09-23 08:02:46,2026-09-23 09:10:12,2.196961,1.906,5.885197,267.879029,8.281836,0.98947,0.8,104.089,0.753,35.359873,31.479538,11.595809,32.793695,154,-12.80929,232,41.764518,2.248767,232,41.764518,2.248767,232,41.764518,2.248767
legacy_325,legacy,nam_mo_a_mi_tuo_fo_phase_marker_v1,self_timed_phase_locked_respiration_chant,南無阿彌陀佛,南無,阿,彌陀佛,inspiration_to_expiration_transition,interval_between_two_consecutive_same_phase_taps,2026-09-23,08:07:32,2026-09-23 08:07:32,1790125652946,420,Wed,3,8,7,32,,chant,breath_chant_cycle,1,,1,,false,,,,8,1,324,169,2026-09-23_S01,1,169,0,2.151,2.151,27.894003,-0.218,0.218,-9.202195,2.566861,1,protocol_valid,3,2.318333,0.148625,6.410847,0.161059,25.953934,5,2.2484,0.145175,6.456817,0.205948,26.7732,10,2.2852,0.20696,9.056533,0.311808,26.445717,21,2.152048,0.208438,9.685583,0.248784,28.117647,2026-09-23 08:07,2026-09-23 08,17,257,2026-09-23 08:02:46,2026-09-23 08:11:43,536.761,8.946017,286.366,247,2.181955,1.7825,6.549586,300.170474,9.221093,1.150612,0.8,104.089,0.75625,37.185837,33.660592,11.959017,32.16014,43.525346,30.846328,-12.679018,-1.897721,27.498272,2,309,309,4,11.167883,2026-09-23 08:02:46,2026-09-23 09:10:12,2.196961,1.906,5.885197,267.879029,8.281836,0.98947,0.8,104.089,0.753,35.359873,31.479538,11.595809,32.793695,154,-12.80929,232,41.764518,2.248767,232,41.764518,2.248767,232,41.764518,2.248767
legacy_326,legacy,nam_mo_a_mi_tuo_fo_phase_marker_v1,self_timed_phase_locked_respiration_chant,南無阿彌陀佛,南無,阿,彌陀佛,inspiration_to_expiration_transition,interval_between_two_consecutive_same_phase_taps,2026-09-23,08:07:35,2026-09-23 08:07:35,1790125655161,420,Wed,3,8,7,35,,chant,breath_chant_cycle,1,,1,,false,,,,8,2,325,170,2026-09-23_S01,1,170,0,2.215,2.215,27.088036,0.064,0.064,2.97536,-0.805967,1,protocol_valid,3,2.245,0.112054,4.99125,0.160655,26.769727,5,2.2544,0.142495,6.320747,0.204246,26.698816,10,2.2865,0.206419,9.027743,0.308512,26.429724,21,2.159905,0.207507,9.607233,0.24585,28.013825,2026-09-23 08:07,2026-09-23 08,17,257,2026-09-23 08:02:46,2026-09-23 08:11:43,536.761,8.946017,288.581,247,2.181955,1.7825,6.549586,300.170474,9.221093,1.150612,0.8,104.089,0.75625,37.185837,33.660592,11.959017,32.16014,43.525346,30.846328,-12.679018,-1.897721,27.498272,2,309,309,4,11.167883,2026-09-23 08:02:46,2026-09-23 09:10:12,2.196961,1.906,5.885197,267.879029,8.281836,0.98947,0.8,104.089,0.753,35.359873,31.479538,11.595809,32.793695,154,-12.80929,232,41.764518,2.248767,232,41.764518,2.248767,232,41.764518,2.248767
legacy_327,legacy,nam_mo_a_mi_tuo_fo_phase_marker_v1,self_timed_phase_locked_respiration_chant,南無阿彌陀佛,南無,阿,彌陀佛,inspiration_to_expiration_transition,interval_between_two_consecutive_same_phase_taps,2026-09-23,08:09:19,2026-09-23 08:09:19,1790125759250,420,Wed,3,8,9,19,,chant,breath_chant_cycle,1,,1,,false,,,,8,3,326,171,2026-09-23_S01,1,171,0,104.089,104.089,0.57643,101.874,101.874,4599.277652,-26.511606,1,protocol_valid,3,36.151667,58.835465,162.746204,72.03581,18.51949,5,22.6518,45.524922,200.977062,50.937137,21.105254,10,12.4602,32.195732,258.388566,33.9594,23.936347,21,7.010238,22.2445,317.314479,22.781035,26.761192,2026-09-23 08:09,2026-09-23 08,21,257,2026-09-23 08:02:46,2026-09-23 08:11:43,536.761,8.946017,392.67,247,2.181955,1.7825,6.549586,300.170474,9.221093,1.150612,0.8,104.089,0.75625,37.185837,33.660592,11.959017,32.16014,43.525346,30.846328,-12.679018,-1.897721,27.498272,2,309,309,4,11.167883,2026-09-23 08:02:46,2026-09-23 09:10:12,2.196961,1.906,5.885197,267.879029,8.281836,0.98947,0.8,104.089,0.753,35.359873,31.479538,11.595809,32.793695,154,-12.80929,232,41.764518,2.248767,232,41.764518,2.248767,232,41.764518,2.248767
legacy_328,legacy,nam_mo_a_mi_tuo_fo_phase_marker_v1,self_timed_phase_locked_respiration_chant,南無阿彌陀佛,南無,阿,彌陀佛,inspiration_to_expiration_transition,interval_between_two_consecutive_same_phase_taps,2026-09-23,08:09:21,2026-09-23 08:09:21,1790125761582,420,Wed,3,8,9,21,,chant,breath_chant_cycle,1,,1,,false,,,,8,4,327,172,2026-09-23_S01,1,172,0,2.332,2.332,25.728988,-101.757,101.757,-97.75961,25.152558,1,protocol_valid,3,36.212,58.783235,162.330817,101.815517,17.797818,5,22.6312,45.536379,201.210625,71.994532,21.32292,10,12.4548,32.197614,258.515705,47.99717,23.994577,21,7.019714,22.242361,316.855648,32.197754,26.646887,2026-09-23 08:09,2026-09-23 08,21,257,2026-09-23 08:02:46,2026-09-23 08:11:43,536.761,8.946017,395.002,247,2.181955,1.7825,6.549586,300.170474,9.221093,1.150612,0.8,104.089,0.75625,37.185837,33.660592,11.959017,32.16014,43.525346,30.846328,-12.679018,-1.897721,27.498272,2,309,309,4,11.167883,2026-09-23 08:02:46,2026-09-23 09:10:12,2.196961,1.906,5.885197,267.879029,8.281836,0.98947,0.8,104.089,0.753,35.359873,31.479538,11.595809,32.793695,154,-12.80929,232,41.764518,2.248767,232,41.764518,2.248767,232,41.764518,2.248767
legacy_329,legacy,nam_mo_a_mi_tuo_fo_phase_marker_v1,self_timed_phase_locked_respiration_chant,南無阿彌陀佛,南無,阿,彌陀佛,inspiration_to_expiration_transition,interval_between_two_consecutive_same_phase_taps,2026-09-23,08:09:23,2026-09-23 08:09:23,1790125763816,420,Wed,3,8,9,23,,chant,breath_chant_cycle,1,,1,,false,,,,8,5,328,173,2026-09-23_S01,1,173,0,2.234,2.234,26.857654,-0.098,0.098,-4.202401,1.128666,1,protocol_valid,3,36.218333,58.777742,162.287263,71.953098,17.721024,5,22.6042,45.551434,201.517569,71.994466,21.629022,10,12.4081,32.213668,259.618053,47.996561,24.458943,21,7.038857,22.237846,315.929777,32.19773,26.366247,2026-09-23 08:09,2026-09-23 08,21,257,2026-09-23 08:02:46,2026-09-23 08:11:43,536.761,8.946017,397.236,247,2.181955,1.7825,6.549586,300.170474,9.221093,1.150612,0.8,104.089,0.75625,37.185837,33.660592,11.959017,32.16014,43.525346,30.846328,-12.679018,-1.897721,27.498272,2,309,309,4,11.167883,2026-09-23 08:02:46,2026-09-23 09:10:12,2.196961,1.906,5.885197,267.879029,8.281836,0.98947,0.8,104.089,0.753,35.359873,31.479538,11.595809,32.793695,154,-12.80929,232,41.764518,2.248767,232,41.764518,2.248767,232,41.764518,2.248767
legacy_330,legacy,nam_mo_a_mi_tuo_fo_phase_marker_v1,self_timed_phase_locked_respiration_chant,南無阿彌陀佛,南無,阿,彌陀佛,inspiration_to_expiration_transition,interval_between_two_consecutive_same_phase_taps,2026-09-23,08:09:25,2026-09-23 08:09:25,1790125765836,420,Wed,3,8,9,25,,chant,breath_chant_cycle,1,,1,,false,,,,8,6,329,174,2026-09-23_S01,1,174,0,2.02,2.02,29.70297,-0.214,0.214,-9.57923,2.845316,1,protocol_valid,3,2.195333,0.159554,7.26785,0.166433,27.429871,5,22.578,45.566175,201.816701,71.994539,21.990816,10,12.4132,32.211835,259.496627,47.99656,24.382008,21,7.038143,22.238015,315.964241,32.197763,26.376673,2026-09-23 08:09,2026-09-23 08,21,257,2026-09-23 08:02:46,2026-09-23 08:11:43,536.761,8.946017,399.256,247,2.181955,1.7825,6.549586,300.170474,9.221093,1.150612,0.8,104.089,0.75625,37.185837,33.660592,11.959017,32.16014,43.525346,30.846328,-12.679018,-1.897721,27.498272,2,309,309,4,11.167883,2026-09-23 08:02:46,2026-09-23 09:10:12,2.196961,1.906,5.885197,267.879029,8.281836,0.98947,0.8,104.089,0.753,35.359873,31.479538,11.595809,32.793695,154,-12.80929,232,41.764518,2.248767,232,41.764518,2.248767,232,41.764518,2.248767
legacy_331,legacy,nam_mo_a_mi_tuo_fo_phase_marker_v1,self_timed_phase_locked_respiration_chant,南無阿彌陀佛,南無,阿,彌陀佛,inspiration_to_expiration_transition,interval_between_two_consecutive_same_phase_taps,2026-09-23,08:09:27,2026-09-23 08:09:27,1790125767871,420,Wed,3,8,9,27,,chant,breath_chant_cycle,1,,1,,false,,,,8,7,330,175,2026-09-23_S01,1,175,0,2.035,2.035,29.484029,0.015,0.015,0.742574,-0.218941,1,protocol_valid,3,2.096333,0.119459,5.69845,0.151692,28.681551,5,22.542,45.586351,202.228513,50.878637,22.470014,10,12.3982,32.217162,259.853543,47.996552,24.584415,21,7.040476,22.237461,315.851656,32.19775,26.342032,2026-09-23 08:09,2026-09-23 08,21,257,2026-09-23 08:02:46,2026-09-23 08:11:43,536.761,8.946017,401.291,247,2.181955,1.7825,6.549586,300.170474,9.221093,1.150612,0.8,104.089,0.75625,37.185837,33.660592,11.959017,32.16014,43.525346,30.846328,-12.679018,-1.897721,27.498272,2,309,309,4,11.167883,2026-09-23 08:02:46,2026-09-23 09:10:12,2.196961,1.906,5.885197,267.879029,8.281836,0.98947,0.8,104.089,0.753,35.359873,31.479538,11.595809,32.793695,154,-12.80929,232,41.764518,2.248767,232,41.764518,2.248767,232,41.764518,2.248767
legacy_332,legacy,nam_mo_a_mi_tuo_fo_phase_marker_v1,self_timed_phase_locked_respiration_chant,南無阿彌陀佛,南無,阿,彌陀佛,inspiration_to_expiration_transition,interval_between_two_consecutive_same_phase_taps,2026-09-23,08:09:29,2026-09-23 08:09:29,1790125769771,420,Wed,3,8,9,29,,chant,breath_chant_cycle,1,,1,,false,,,,8,8,331,176,2026-09-23_S01,1,176,0,1.9,1.9,31.578947,-0.135,0.135,-6.633907,2.094918,1,protocol_valid,3,1.985,0.073993,3.727619,0.096047,30.255316,5,2.1042,0.174869,8.310479,0.135877,28.670518,10,12.378,32.224397,260.336059,47.996445,24.887886,21,7.030143,22.239913,316.3508,32.197757,26.496173,2026-09-23 08:09,2026-09-23 08,21,257,2026-09-23 08:02:46,2026-09-23 08:11:43,536.761,8.946017,403.191,247,2.181955,1.7825,6.549586,300.170474,9.221093,1.150612,0.8,104.089,0.75625,37.185837,33.660592,11.959017,32.16014,43.525346,30.846328,-12.679018,-1.897721,27.498272,2,309,309,4,11.167883,2026-09-23 08:02:46,2026-09-23 09:10:12,2.196961,1.906,5.885197,267.879029,8.281836,0.98947,0.8,104.089,0.753,35.359873,31.479538,11.595809,32.793695,154,-12.80929,232,41.764518,2.248767,232,41.764518,2.248767,232,41.764518,2.248767
legacy_333,legacy,nam_mo_a_mi_tuo_fo_phase_marker_v1,self_timed_phase_locked_respiration_chant,南無阿彌陀佛,南無,阿,彌陀佛,inspiration_to_expiration_transition,interval_between_two_consecutive_same_phase_taps,2026-09-23,08:09:32,2026-09-23 08:09:32,1790125772789,420,Wed,3,8,9,32,,chant,breath_chant_cycle,1,,1,,false,,,,8,9,332,177,2026-09-23_S01,1,177,0,3.018,3.018,19.880716,1.118,1.118,58.842105,-11.698232,1,protocol_valid,3,2.317667,0.610251,26.330406,0.796288,26.981231,5,2.2414,0.450371,20.093278,0.573186,27.500863,10,12.4363,32.204931,258.959107,47.997887,24.411892,21,7.077714,22.229724,314.080557,32.198717,26.027746,2026-09-23 08:09,2026-09-23 08,21,257,2026-09-23 08:02:46,2026-09-23 08:11:43,536.761,8.946017,406.209,247,2.181955,1.7825,6.549586,300.170474,9.221093,1.150612,0.8,104.089,0.75625,37.185837,33.660592,11.959017,32.16014,43.525346,30.846328,-12.679018,-1.897721,27.498272,2,309,309,4,11.167883,2026-09-23 08:02:46,2026-09-23 09:10:12,2.196961,1.906,5.885197,267.879029,8.281836,0.98947,0.8,104.089,0.753,35.359873,31.479538,11.595809,32.793695,154,-12.80929,232,41.764518,2.248767,232,41.764518,2.248767,232,41.764518,2.248767
legacy_334,legacy,nam_mo_a_mi_tuo_fo_phase_marker_v1,self_timed_phase_locked_respiration_chant,南無阿彌陀佛,南無,阿,彌陀佛,inspiration_to_expiration_transition,interval_between_two_consecutive_same_phase_taps,2026-09-23,08:09:34,2026-09-23 08:09:34,1790125774726,420,Wed,3,8,9,34,,chant,breath_chant_cycle,1,,1,,false,,,,8,10,333,178,2026-09-23_S01,1,178,0,1.937,1.937,30.975736,-1.081,1.081,-35.818423,11.09502,1,protocol_valid,3,2.285,0.635066,27.792829,1.099656,27.478466,5,2.182,0.470717,21.572732,0.780534,28.32448,10,12.3931,32.220222,259.985172,47.999184,24.976751,21,7.068286,22.231968,314.531252,32.199582,26.164541,2026-09-23 08:09,2026-09-23 08,21,257,2026-09-23 08:02:46,2026-09-23 08:11:43,536.761,8.946017,408.146,247,2.181955,1.7825,6.549586,300.170474,9.221093,1.150612,0.8,104.089,0.75625,37.185837,33.660592,11.959017,32.16014,43.525346,30.846328,-12.679018,-1.897721,27.498272,2,309,309,4,11.167883,2026-09-23 08:02:46,2026-09-23 09:10:12,2.196961,1.906,5.885197,267.879029,8.281836,0.98947,0.8,104.089,0.753,35.359873,31.479538,11.595809,32.793695,154,-12.80929,232,41.764518,2.248767,232,41.764518,2.248767,232,41.764518,2.248767
legacy_335,legacy,nam_mo_a_mi_tuo_fo_phase_marker_v1,self_timed_phase_locked_respiration_chant,南無阿彌陀佛,南無,阿,彌陀佛,inspiration_to_expiration_transition,interval_between_two_consecutive_same_phase_taps,2026-09-23,08:09:36,2026-09-23 08:09:36,1790125776794,420,Wed,3,8,9,36,,chant,breath_chant_cycle,1,,1,,false,,,,8,11,334,179,2026-09-23_S01,1,179,0,2.068,2.068,29.01354,0.131,0.131,6.763036,-1.962196,1,protocol_valid,3,2.341,0.589947,25.200624,0.769975,26.62333,5,2.1916,0.467062,21.311481,0.783242,28.186594,10,12.3848,32.223164,260.183164,47.9992,25.088705,21,7.07619,22.230068,314.15305,32.199595,26.04396,2026-09-23 08:09,2026-09-23 08,21,257,2026-09-23 08:02:46,2026-09-23 08:11:43,536.761,8.946017,410.214,247,2.181955,1.7825,6.549586,300.170474,9.221093,1.150612,0.8,104.089,0.75625,37.185837,33.660592,11.959017,32.16014,43.525346,30.846328,-12.679018,-1.897721,27.498272,2,309,309,4,11.167883,2026-09-23 08:02:46,2026-09-23 09:10:12,2.196961,1.906,5.885197,267.879029,8.281836,0.98947,0.8,104.089,0.753,35.359873,31.479538,11.595809,32.793695,154,-12.80929,232,41.764518,2.248767,232,41.764518,2.248767,232,41.764518,2.248767
legacy_336,legacy,nam_mo_a_mi_tuo_fo_phase_marker_v1,self_timed_phase_locked_respiration_chant,南無阿彌陀佛,南無,阿,彌陀佛,inspiration_to_expiration_transition,interval_between_two_consecutive_same_phase_taps,2026-09-23,08:09:38,2026-09-23 08:09:38,1790125778495,420,Wed,3,8,9,38,,chant,breath_chant_cycle,1,,1,,false,,,,8,12,335,180,2026-09-23_S01,1,180,0,1.701,1.701,35.273369,-0.367,0.367,-17.746615,6.259829,1,protocol_valid,3,1.902,0.185987,9.778473,0.275545,31.754215,5,2.1248,0.516344,24.300809,0.801613,29.344461,10,12.3334,32.241594,261.416914,33.923331,25.907238,21,7.066714,22.232427,314.6077,32.199629,26.219885,2026-09-23 08:09,2026-09-23 08,21,257,2026-09-23 08:02:46,2026-09-23 08:11:43,536.761,8.946017,411.915,247,2.181955,1.7825,6.549586,300.170474,9.221093,1.150612,0.8,104.089,0.75625,37.185837,33.660592,11.959017,32.16014,43.525346,30.846328,-12.679018,-1.897721,27.498272,2,309,309,4,11.167883,2026-09-23 08:02:46,2026-09-23 09:10:12,2.196961,1.906,5.885197,267.879029,8.281836,0.98947,0.8,104.089,0.753,35.359873,31.479538,11.595809,32.793695,154,-12.80929,232,41.764518,2.248767,232,41.764518,2.248767,232,41.764518,2.248767
legacy_337,legacy,nam_mo_a_mi_tuo_fo_phase_marker_v1,self_timed_phase_locked_respiration_chant,南無阿彌陀佛,南無,阿,彌陀佛,inspiration_to_expiration_transition,interval_between_two_consecutive_same_phase_taps,2026-09-23,08:09:40,2026-09-23 08:09:40,1790125780230,420,Wed,3,8,9,40,,chant,breath_chant_cycle,1,,1,,false,,,,8,13,336,181,2026-09-23_S01,1,181,0,1.735,1.735,34.582133,0.034,0.034,1.998824,-0.691236,1,protocol_valid,3,1.834667,0.202786,11.053039,0.260619,32.956347,5,2.0918,0.539075,25.77086,0.574797,29.945098,10,2.098,0.377875,18.011218,0.54215,29.307808,21,7.044476,22.237769,315.676693,32.199612,26.569131,2026-09-23 08:09,2026-09-23 08,21,257,2026-09-23 08:02:46,2026-09-23 08:11:43,536.761,8.946017,413.65,247,2.181955,1.7825,6.549586,300.170474,9.221093,1.150612,0.8,104.089,0.75625,37.185837,33.660592,11.959017,32.16014,43.525346,30.846328,-12.679018,-1.897721,27.498272,2,309,309,4,11.167883,2026-09-23 08:02:46,2026-09-23 09:10:12,2.196961,1.906,5.885197,267.879029,8.281836,0.98947,0.8,104.089,0.753,35.359873,31.479538,11.595809,32.793695,154,-12.80929,232,41.764518,2.248767,232,41.764518,2.248767,232,41.764518,2.248767
legacy_338,legacy,nam_mo_a_mi_tuo_fo_phase_marker_v1,self_timed_phase_locked_respiration_chant,南無阿彌陀佛,南無,阿,彌陀佛,inspiration_to_expiration_transition,interval_between_two_consecutive_same_phase_taps,2026-09-23,08:09:41,2026-09-23 08:09:41,1790125781815,420,Wed,3,8,9,41,,chant,breath_chant_cycle,1,,1,,false,,,,8,14,337,182,2026-09-23_S01,1,182,0,1.585,1.585,37.85489,-0.15,0.15,-8.645533,3.272757,1,protocol_valid,3,1.673667,0.078647,4.699077,0.108757,35.903464,5,1.8052,0.194106,10.752612,0.209467,33.539933,10,2.0233,0.399683,19.754027,0.54347,30.520398,21,7.007952,22.24649,317.446364,32.199629,27.156973,2026-09-23 08:09,2026-09-23 08,21,257,2026-09-23 08:02:46,2026-09-23 08:11:43,536.761,8.946017,415.235,247,2.181955,1.7825,6.549586,300.170474,9.221093,1.150612,0.8,104.089,0.75625,37.185837,33.660592,11.959017,32.16014,43.525346,30.846328,-12.679018,-1.897721,27.498272,2,309,309,4,11.167883,2026-09-23 08:02:46,2026-09-23 09:10:12,2.196961,1.906,5.885197,267.879029,8.281836,0.98947,0.8,104.089,0.753,35.359873,31.479538,11.595809,32.793695,154,-12.80929,232,41.764518,2.248767,232,41.764518,2.248767,232,41.764518,2.248767
legacy_339,legacy,nam_mo_a_mi_tuo_fo_phase_marker_v1,self_timed_phase_locked_respiration_chant,南無阿彌陀佛,南無,阿,彌陀佛,inspiration_to_expiration_transition,interval_between_two_consecutive_same_phase_taps,2026-09-23,08:09:43,2026-09-23 08:09:43,1790125783483,420,Wed,3,8,9,43,,chant,breath_chant_cycle,1,,1,,false,,,,8,15,338,183,2026-09-23_S01,1,183,0,1.668,1.668,35.971223,0.083,0.083,5.236593,-1.883667,1,protocol_valid,3,1.662667,0.075142,4.519372,0.121221,36.136082,5,1.7514,0.185532,10.593381,0.203245,34.539031,10,1.9667,0.406548,20.671558,0.539478,31.431755,21,6.973762,22.254499,319.117562,32.199557,27.672427,2026-09-23 08:09,2026-09-23 08,21,257,2026-09-23 08:02:46,2026-09-23 08:11:43,536.761,8.946017,416.903,247,2.181955,1.7825,6.549586,300.170474,9.221093,1.150612,0.8,104.089,0.75625,37.185837,33.660592,11.959017,32.16014,43.525346,30.846328,-12.679018,-1.897721,27.498272,2,309,309,4,11.167883,2026-09-23 08:02:46,2026-09-23 09:10:12,2.196961,1.906,5.885197,267.879029,8.281836,0.98947,0.8,104.089,0.753,35.359873,31.479538,11.595809,32.793695,154,-12.80929,232,41.764518,2.248767,232,41.764518,2.248767,232,41.764518,2.248767
legacy_340,legacy,nam_mo_a_mi_tuo_fo_phase_marker_v1,self_timed_phase_locked_respiration_chant,南無阿彌陀佛,南無,阿,彌陀佛,inspiration_to_expiration_transition,interval_between_two_consecutive_same_phase_taps,2026-09-23,08:09:45,2026-09-23 08:09:45,1790125785184,420,Wed,3,8,9,45,,chant,breath_chant_cycle,1,,1,,false,,,,8,16,339,184,2026-09-23_S01,1,184,0,1.701,1.701,35.273369,0.033,0.033,1.978417,-0.697854,1,protocol_valid,3,1.651333,0.059769,3.619439,0.063159,36.366494,5,1.678,0.057131,3.404733,0.08893,35.790996,10,1.9348,0.414341,21.415195,0.539567,31.988795,21,6.926143,22.265166,321.46559,32.199142,28.294302,2026-09-23 08:09,2026-09-23 08,21,257,2026-09-23 08:02:46,2026-09-23 08:11:43,536.761,8.946017,418.604,247,2.181955,1.7825,6.549586,300.170474,9.221093,1.150612,0.8,104.089,0.75625,37.185837,33.660592,11.959017,32.16014,43.525346,30.846328,-12.679018,-1.897721,27.498272,2,309,309,4,11.167883,2026-09-23 08:02:46,2026-09-23 09:10:12,2.196961,1.906,5.885197,267.879029,8.281836,0.98947,0.8,104.089,0.753,35.359873,31.479538,11.595809,32.793695,154,-12.80929,232,41.764518,2.248767,232,41.764518,2.248767,232,41.764518,2.248767
legacy_341,legacy,nam_mo_a_mi_tuo_fo_phase_marker_v1,self_timed_phase_locked_respiration_chant,南無阿彌陀佛,南無,阿,彌陀佛,inspiration_to_expiration_transition,interval_between_two_consecutive_same_phase_taps,2026-09-23,08:09:46,2026-09-23 08:09:46,1790125786735,420,Wed,3,8,9,46,,chant,breath_chant_cycle,1,,1,,false,,,,8,17,340,185,2026-09-23_S01,1,185,0,1.551,1.551,38.68472,-0.15,0.15,-8.818342,3.411351,1,protocol_valid,3,1.64,0.078823,4.806255,0.108602,36.643104,5,1.648,0.077711,4.715473,0.115085,36.473267,10,1.8864,0.429333,22.759403,0.540007,32.908864,21,6.906238,22.270006,322.462175,32.199123,28.685369,2026-09-23 08:09,2026-09-23 08,21,257,2026-09-23 08:02:46,2026-09-23 08:11:43,536.761,8.946017,420.155,247,2.181955,1.7825,6.549586,300.170474,9.221093,1.150612,0.8,104.089,0.75625,37.185837,33.660592,11.959017,32.16014,43.525346,30.846328,-12.679018,-1.897721,27.498272,2,309,309,4,11.167883,2026-09-23 08:02:46,2026-09-23 09:10:12,2.196961,1.906,5.885197,267.879029,8.281836,0.98947,0.8,104.089,0.753,35.359873,31.479538,11.595809,32.793695,154,-12.80929,232,41.764518,2.248767,232,41.764518,2.248767,232,41.764518,2.248767
legacy_342,legacy,nam_mo_a_mi_tuo_fo_phase_marker_v1,self_timed_phase_locked_respiration_chant,南無阿彌陀佛,南無,阿,彌陀佛,inspiration_to_expiration_transition,interval_between_two_consecutive_same_phase_taps,2026-09-23,08:09:48,2026-09-23 08:09:48,1790125788487,420,Wed,3,8,9,48,,chant,breath_chant_cycle,1,,1,,false,,,,8,18,341,186,2026-09-23_S01,1,186,0,1.752,1.752,34.246575,0.201,0.201,12.959381,-4.438144,1,protocol_valid,3,1.668,0.104484,6.264056,0.177343,36.068221,5,1.6514,0.082682,5.006777,0.133116,36.406155,10,1.8716,0.431359,23.047586,0.396505,33.175627,21,6.885619,22.274795,323.497352,32.199149,29.008541,2026-09-23 08:09,2026-09-23 08,21,257,2026-09-23 08:02:46,2026-09-23 08:11:43,536.761,8.946017,421.907,247,2.181955,1.7825,6.549586,300.170474,9.221093,1.150612,0.8,104.089,0.75625,37.185837,33.660592,11.959017,32.16014,43.525346,30.846328,-12.679018,-1.897721,27.498272,2,309,309,4,11.167883,2026-09-23 08:02:46,2026-09-23 09:10:12,2.196961,1.906,5.885197,267.879029,8.281836,0.98947,0.8,104.089,0.753,35.359873,31.479538,11.595809,32.793695,154,-12.80929,232,41.764518,2.248767,232,41.764518,2.248767,232,41.764518,2.248767
legacy_343,legacy,nam_mo_a_mi_tuo_fo_phase_marker_v1,self_timed_phase_locked_respiration_chant,南無阿彌陀佛,南無,阿,彌陀佛,inspiration_to_expiration_transition,interval_between_two_consecutive_same_phase_taps,2026-09-23,08:09:50,2026-09-23 08:09:50,1790125790438,420,Wed,3,8,9,50,,chant,breath_chant_cycle,1,,1,,false,,,,8,19,342,187,2026-09-23_S01,1,187,0,1.951,1.951,30.75346,0.199,0.199,11.358447,-3.493116,1,protocol_valid,3,1.751333,0.200001,11.419918,0.200002,34.561585,5,1.7246,0.146548,8.497503,0.160928,34.985869,10,1.7649,0.167616,9.497173,0.178259,34.262901,21,6.878429,22.276441,323.859451,32.199094,29.113742,2026-09-23 08:09,2026-09-23 08,21,257,2026-09-23 08:02:46,2026-09-23 08:11:43,536.761,8.946017,423.858,247,2.181955,1.7825,6.549586,300.170474,9.221093,1.150612,0.8,104.089,0.75625,37.185837,33.660592,11.959017,32.16014,43.525346,30.846328,-12.679018,-1.897721,27.498272,2,309,309,4,11.167883,2026-09-23 08:02:46,2026-09-23 09:10:12,2.196961,1.906,5.885197,267.879029,8.281836,0.98947,0.8,104.089,0.753,35.359873,31.479538,11.595809,32.793695,154,-12.80929,232,41.764518,2.248767,232,41.764518,2.248767,232,41.764518,2.248767
legacy_344,legacy,nam_mo_a_mi_tuo_fo_phase_marker_v1,self_timed_phase_locked_respiration_chant,南無阿彌陀佛,南無,阿,彌陀佛,inspiration_to_expiration_transition,interval_between_two_consecutive_same_phase_taps,2026-09-23,08:09:52,2026-09-23 08:09:52,1790125792573,420,Wed,3,8,9,52,,chant,breath_chant_cycle,1,,1,,false,,,,8,20,343,188,2026-09-23_S01,1,188,0,2.135,2.135,28.103044,0.184,0.184,9.431061,-2.650415,1,protocol_valid,3,1.946,0.191549,9.843214,0.191647,31.03436,5,1.818,0.227767,12.528461,0.184633,33.412234,10,1.7847,0.198967,11.148473,0.183388,33.975632,21,6.864143,22.279529,324.578457,32.199117,29.278618,2026-09-23 08:09,2026-09-23 08,21,257,2026-09-23 08:02:46,2026-09-23 08:11:43,536.761,8.946017,425.993,247,2.181955,1.7825,6.549586,300.170474,9.221093,1.150612,0.8,104.089,0.75625,37.185837,33.660592,11.959017,32.16014,43.525346,30.846328,-12.679018,-1.897721,27.498272,2,309,309,4,11.167883,2026-09-23 08:02:46,2026-09-23 09:10:12,2.196961,1.906,5.885197,267.879029,8.281836,0.98947,0.8,104.089,0.753,35.359873,31.479538,11.595809,32.793695,154,-12.80929,232,41.764518,2.248767,232,41.764518,2.248767,232,41.764518,2.248767
legacy_345,legacy,nam_mo_a_mi_tuo_fo_phase_marker_v1,self_timed_phase_locked_respiration_chant,南無阿彌陀佛,南無,阿,彌陀佛,inspiration_to_expiration_transition,interval_between_two_consecutive_same_phase_taps,2026-09-23,08:09:54,2026-09-23 08:09:54,1790125794407,420,Wed,3,8,9,54,,chant,breath_chant_cycle,1,,1,,false,,,,9,0,344,189,2026-09-23_S01,1,189,0,1.834,1.834,32.715376,-0.301,0.301,-14.098361,4.612332,1,protocol_valid,3,1.973333,0.151738,7.689411,0.249456,30.52396,5,1.8446,0.218255,11.832111,0.226086,32.900635,10,1.7613,0.17416,9.888164,0.169507,34.345816,21,6.838667,22.285231,325.870997,32.19915,29.630438,2026-09-23 08:09,2026-09-23 08,21,257,2026-09-23 08:02:46,2026-09-23 08:11:43,536.761,8.946017,427.827,247,2.181955,1.7825,6.549586,300.170474,9.221093,1.150612,0.8,104.089,0.75625,37.185837,33.660592,11.959017,32.16014,43.525346,30.846328,-12.679018,-1.897721,27.498272,2,309,309,4,11.167883,2026-09-23 08:02:46,2026-09-23 09:10:12,2.196961,1.906,5.885197,267.879029,8.281836,0.98947,0.8,104.089,0.753,35.359873,31.479538,11.595809,32.793695,154,-12.80929,232,41.764518,2.248767,232,41.764518,2.248767,232,41.764518,2.248767
legacy_346,legacy,nam_mo_a_mi_tuo_fo_phase_marker_v1,self_timed_phase_locked_respiration_chant,南無阿彌陀佛,南無,阿,彌陀佛,inspiration_to_expiration_transition,interval_between_two_consecutive_same_phase_taps,2026-09-23,08:09:56,2026-09-23 08:09:56,1790125796457,420,Wed,3,8,9,56,,chant,breath_chant_cycle,1,,1,,false,,,,9,1,345,190,2026-09-23_S01,1,190,0,2.05,2.05,29.268293,0.216,0.216,11.777535,-3.447084,1,protocol_valid,3,2.006333,0.155178,7.734427,0.26197,30.028904,5,1.9444,0.155507,7.997665,0.229518,31.01735,10,1.7962,0.194513,10.829137,0.183815,33.745308,21,6.833857,22.286304,326.116041,32.199183,29.695881,2026-09-23 08:09,2026-09-23 08,21,257,2026-09-23 08:02:46,2026-09-23 08:11:43,536.761,8.946017,429.877,247,2.181955,1.7825,6.549586,300.170474,9.221093,1.150612,0.8,104.089,0.75625,37.185837,33.660592,11.959017,32.16014,43.525346,30.846328,-12.679018,-1.897721,27.498272,2,309,309,4,11.167883,2026-09-23 08:02:46,2026-09-23 09:10:12,2.196961,1.906,5.885197,267.879029,8.281836,0.98947,0.8,104.089,0.753,35.359873,31.479538,11.595809,32.793695,154,-12.80929,232,41.764518,2.248767,232,41.764518,2.248767,232,41.764518,2.248767
legacy_347,legacy,nam_mo_a_mi_tuo_fo_phase_marker_v1,self_timed_phase_locked_respiration_chant,南無阿彌陀佛,南無,阿,彌陀佛,inspiration_to_expiration_transition,interval_between_two_consecutive_same_phase_taps,2026-09-23,08:09:58,2026-09-23 08:09:58,1790125798322,420,Wed,3,8,9,58,,chant,breath_chant_cycle,1,,1,,false,,,,9,2,346,191,2026-09-23_S01,1,191,0,1.865,1.865,32.171582,-0.185,0.185,-9.02439,2.903289,1,protocol_valid,3,1.916333,0.116792,6.094547,0.201098,31.385084,5,1.967,0.125958,6.403575,0.226571,30.602351,10,1.8092,0.194312,10.740236,0.187326,33.504253,21,6.81719,22.290062,326.968447,22.756835,29.937954,2026-09-23 08:09,2026-09-23 08,21,257,2026-09-23 08:02:46,2026-09-23 08:11:43,536.761,8.946017,431.742,247,2.181955,1.7825,6.549586,300.170474,9.221093,1.150612,0.8,104.089,0.75625,37.185837,33.660592,11.959017,32.16014,43.525346,30.846328,-12.679018,-1.897721,27.498272,2,309,309,4,11.167883,2026-09-23 08:02:46,2026-09-23 09:10:12,2.196961,1.906,5.885197,267.879029,8.281836,0.98947,0.8,104.089,0.753,35.359873,31.479538,11.595809,32.793695,154,-12.80929,232,41.764518,2.248767,232,41.764518,2.248767,232,41.764518,2.248767
legacy_348,legacy,nam_mo_a_mi_tuo_fo_phase_marker_v1,self_timed_phase_locked_respiration_chant,南無阿彌陀佛,南無,阿,彌陀佛,inspiration_to_expiration_transition,interval_between_two_consecutive_same_phase_taps,2026-09-23,08:10:00,2026-09-23 08:10:00,1790125800422,420,Wed,3,8,10,0,,chant,breath_chant_cycle,1,,1,,false,,,,9,3,347,192,2026-09-23_S01,1,192,0,2.1,2.1,28.571429,0.235,0.235,12.600536,-3.600153,1,protocol_valid,3,2.005,0.123794,6.174274,0.211483,30.003768,5,1.9968,0.138252,6.923693,0.238069,30.165945,10,1.8607,0.196523,10.561785,0.201151,32.575907,21,1.960571,0.32112,16.378906,0.3898,31.27105,2026-09-23 08:10,2026-09-23 08,35,257,2026-09-23 08:02:46,2026-09-23 08:11:43,536.761,8.946017,433.842,247,2.181955,1.7825,6.549586,300.170474,9.221093,1.150612,0.8,104.089,0.75625,37.185837,33.660592,11.959017,32.16014,43.525346,30.846328,-12.679018,-1.897721,27.498272,2,309,309,4,11.167883,2026-09-23 08:02:46,2026-09-23 09:10:12,2.196961,1.906,5.885197,267.879029,8.281836,0.98947,0.8,104.089,0.753,35.359873,31.479538,11.595809,32.793695,154,-12.80929,232,41.764518,2.248767,232,41.764518,2.248767,232,41.764518,2.248767
legacy_349,legacy,nam_mo_a_mi_tuo_fo_phase_marker_v1,self_timed_phase_locked_respiration_chant,南無阿彌陀佛,南無,阿,彌陀佛,inspiration_to_expiration_transition,interval_between_two_consecutive_same_phase_taps,2026-09-23,08:10:02,2026-09-23 08:10:02,1790125802514,420,Wed,3,8,10,2,,chant,breath_chant_cycle,1,,1,,false,,,,9,4,348,193,2026-09-23_S01,1,193,0,2.092,2.092,28.680688,-0.008,0.008,-0.380952,0.10926,1,protocol_valid,3,2.019,0.133428,6.608612,0.166266,29.8079,5,1.9882,0.1285,6.463123,0.184506,30.281474,10,1.9031,0.196067,10.302514,0.200867,31.846854,21,1.949143,0.311363,15.974339,0.389188,31.411607,2026-09-23 08:10,2026-09-23 08,35,257,2026-09-23 08:02:46,2026-09-23 08:11:43,536.761,8.946017,435.934,247,2.181955,1.7825,6.549586,300.170474,9.221093,1.150612,0.8,104.089,0.75625,37.185837,33.660592,11.959017,32.16014,43.525346,30.846328,-12.679018,-1.897721,27.498272,2,309,309,4,11.167883,2026-09-23 08:02:46,2026-09-23 09:10:12,2.196961,1.906,5.885197,267.879029,8.281836,0.98947,0.8,104.089,0.753,35.359873,31.479538,11.595809,32.793695,154,-12.80929,232,41.764518,2.248767,232,41.764518,2.248767,232,41.764518,2.248767
legacy_350,legacy,nam_mo_a_mi_tuo_fo_phase_marker_v1,self_timed_phase_locked_respiration_chant,南無阿彌陀佛,南無,阿,彌陀佛,inspiration_to_expiration_transition,interval_between_two_consecutive_same_phase_taps,2026-09-23,08:10:04,2026-09-23 08:10:04,1790125804382,420,Wed,3,8,10,4,,chant,breath_chant_cycle,1,,1,,false,,,,9,5,349,194,2026-09-23_S01,1,194,0,1.868,1.868,32.119914,-0.224,0.224,-10.707457,3.439226,1,protocol_valid,3,2.02,0.131697,6.519635,0.158493,29.790677,5,1.995,0.118836,5.956693,0.186876,30.162381,10,1.9198,0.18366,9.566632,0.208381,31.531508,21,1.931714,0.304795,15.778457,0.389469,31.662191,2026-09-23 08:10,2026-09-23 08,35,257,2026-09-23 08:02:46,2026-09-23 08:11:43,536.761,8.946017,437.802,247,2.181955,1.7825,6.549586,300.170474,9.221093,1.150612,0.8,104.089,0.75625,37.185837,33.660592,11.959017,32.16014,43.525346,30.846328,-12.679018,-1.897721,27.498272,2,309,309,4,11.167883,2026-09-23 08:02:46,2026-09-23 09:10:12,2.196961,1.906,5.885197,267.879029,8.281836,0.98947,0.8,104.089,0.753,35.359873,31.479538,11.595809,32.793695,154,-12.80929,232,41.764518,2.248767,232,41.764518,2.248767,232,41.764518,2.248767
legacy_351,legacy,nam_mo_a_mi_tuo_fo_phase_marker_v1,self_timed_phase_locked_respiration_chant,南無阿彌陀佛,南無,阿,彌陀佛,inspiration_to_expiration_transition,interval_between_two_consecutive_same_phase_taps,2026-09-23,08:10:06,2026-09-23 08:10:06,1790125806551,420,Wed,3,8,10,6,,chant,breath_chant_cycle,1,,1,,false,,,,9,6,350,195,2026-09-23_S01,1,195,0,2.169,2.169,27.662517,0.301,0.301,16.11349,-4.457397,1,protocol_valid,3,2.043,0.156368,7.65385,0.265308,29.487707,5,2.0188,0.142221,7.044809,0.221397,29.841226,10,1.9816,0.145859,7.360683,0.221361,30.429288,21,1.93881,0.308662,15.920201,0.395228,31.565026,2026-09-23 08:10,2026-09-23 08,35,257,2026-09-23 08:02:46,2026-09-23 08:11:43,536.761,8.946017,439.971,247,2.181955,1.7825,6.549586,300.170474,9.221093,1.150612,0.8,104.089,0.75625,37.185837,33.660592,11.959017,32.16014,43.525346,30.846328,-12.679018,-1.897721,27.498272,2,309,309,4,11.167883,2026-09-23 08:02:46,2026-09-23 09:10:12,2.196961,1.906,5.885197,267.879029,8.281836,0.98947,0.8,104.089,0.753,35.359873,31.479538,11.595809,32.793695,154,-12.80929,232,41.764518,2.248767,232,41.764518,2.248767,232,41.764518,2.248767
legacy_352,legacy,nam_mo_a_mi_tuo_fo_phase_marker_v1,self_timed_phase_locked_respiration_chant,南無阿彌陀佛,南無,阿,彌陀佛,inspiration_to_expiration_transition,interval_between_two_consecutive_same_phase_taps,2026-09-23,08:10:08,2026-09-23 08:10:08,1790125808485,420,Wed,3,8,10,8,,chant,breath_chant_cycle,1,,1,,false,,,,9,7,351,196,2026-09-23_S01,1,196,0,1.934,1.934,31.023785,-0.235,0.235,-10.834486,3.361268,1,protocol_valid,3,1.990333,0.15821,7.948909,0.270024,30.268739,5,2.0326,0.125987,6.198332,0.221397,29.611667,10,1.9998,0.123698,6.185537,0.225248,30.107009,21,1.934,0.307874,15.919053,0.397561,31.638348,2026-09-23 08:10,2026-09-23 08,35,257,2026-09-23 08:02:46,2026-09-23 08:11:43,536.761,8.946017,441.905,247,2.181955,1.7825,6.549586,300.170474,9.221093,1.150612,0.8,104.089,0.75625,37.185837,33.660592,11.959017,32.16014,43.525346,30.846328,-12.679018,-1.897721,27.498272,2,309,309,4,11.167883,2026-09-23 08:02:46,2026-09-23 09:10:12,2.196961,1.906,5.885197,267.879029,8.281836,0.98947,0.8,104.089,0.753,35.359873,31.479538,11.595809,32.793695,154,-12.80929,232,41.764518,2.248767,232,41.764518,2.248767,232,41.764518,2.248767
legacy_353,legacy,nam_mo_a_mi_tuo_fo_phase_marker_v1,self_timed_phase_locked_respiration_chant,南無阿彌陀佛,南無,阿,彌陀佛,inspiration_to_expiration_transition,interval_between_two_consecutive_same_phase_taps,2026-09-23,08:10:10,2026-09-23 08:10:10,1790125810268,420,Wed,3,8,10,10,,chant,breath_chant_cycle,1,,1,,false,,,,9,8,352,197,2026-09-23_S01,1,197,0,1.783,1.783,33.65115,-0.151,0.151,-7.807653,2.627365,1,protocol_valid,3,1.962,0.194517,9.914238,0.197517,30.779151,5,1.9692,0.159021,8.075415,0.233882,30.627611,10,1.983,0.141229,7.121974,0.222504,30.396778,21,1.928429,0.309574,16.053199,0.310964,31.737024,2026-09-23 08:10,2026-09-23 08,35,257,2026-09-23 08:02:46,2026-09-23 08:11:43,536.761,8.946017,443.688,247,2.181955,1.7825,6.549586,300.170474,9.221093,1.150612,0.8,104.089,0.75625,37.185837,33.660592,11.959017,32.16014,43.525346,30.846328,-12.679018,-1.897721,27.498272,2,309,309,4,11.167883,2026-09-23 08:02:46,2026-09-23 09:10:12,2.196961,1.906,5.885197,267.879029,8.281836,0.98947,0.8,104.089,0.753,35.359873,31.479538,11.595809,32.793695,154,-12.80929,232,41.764518,2.248767,232,41.764518,2.248767,232,41.764518,2.248767
legacy_354,legacy,nam_mo_a_mi_tuo_fo_phase_marker_v1,self_timed_phase_locked_respiration_chant,南無阿彌陀佛,南無,阿,彌陀佛,inspiration_to_expiration_transition,interval_between_two_consecutive_same_phase_taps,2026-09-23,08:10:11,2026-09-23 08:10:11,1790125811872,420,Wed,3,8,10,11,,chant,breath_chant_cycle,1,,1,,false,,,,9,9,353,198,2026-09-23_S01,1,198,0,1.604,1.604,37.406484,-0.179,0.179,-10.03926,3.755334,1,protocol_valid,3,1.773667,0.165198,9.313918,0.165593,34.027139,5,1.8716,0.207252,11.073508,0.22398,32.37277,10,1.9299,0.173798,9.005531,0.207368,31.327122,21,1.861095,0.192303,10.332765,0.199682,32.571585,2026-09-23 08:10,2026-09-23 08,35,257,2026-09-23 08:02:46,2026-09-23 08:11:43,536.761,8.946017,445.292,247,2.181955,1.7825,6.549586,300.170474,9.221093,1.150612,0.8,104.089,0.75625,37.185837,33.660592,11.959017,32.16014,43.525346,30.846328,-12.679018,-1.897721,27.498272,2,309,309,4,11.167883,2026-09-23 08:02:46,2026-09-23 09:10:12,2.196961,1.906,5.885197,267.879029,8.281836,0.98947,0.8,104.089,0.753,35.359873,31.479538,11.595809,32.793695,154,-12.80929,232,41.764518,2.248767,232,41.764518,2.248767,232,41.764518,2.248767
legacy_355,legacy,nam_mo_a_mi_tuo_fo_phase_marker_v1,self_timed_phase_locked_respiration_chant,南無阿彌陀佛,南無,阿,彌陀佛,inspiration_to_expiration_transition,interval_between_two_consecutive_same_phase_taps,2026-09-23,08:10:13,2026-09-23 08:10:13,1790125813790,420,Wed,3,8,10,13,,chant,breath_chant_cycle,1,,1,,false,,,,9,10,354,199,2026-09-23_S01,1,199,0,1.918,1.918,31.282586,0.314,0.314,19.57606,-6.123898,1,protocol_valid,3,1.768333,0.157513,8.907425,0.255575,34.113407,5,1.8816,0.208239,11.067101,0.228398,32.205304,10,1.9383,0.170649,8.804061,0.220845,31.183843,21,1.86019,0.191972,10.32002,0.20963,32.586196,2026-09-23 08:10,2026-09-23 08,35,257,2026-09-23 08:02:46,2026-09-23 08:11:43,536.761,8.946017,447.21,247,2.181955,1.7825,6.549586,300.170474,9.221093,1.150612,0.8,104.089,0.75625,37.185837,33.660592,11.959017,32.16014,43.525346,30.846328,-12.679018,-1.897721,27.498272,2,309,309,4,11.167883,2026-09-23 08:02:46,2026-09-23 09:10:12,2.196961,1.906,5.885197,267.879029,8.281836,0.98947,0.8,104.089,0.753,35.359873,31.479538,11.595809,32.793695,154,-12.80929,232,41.764518,2.248767,232,41.764518,2.248767,232,41.764518,2.248767
legacy_356,legacy,nam_mo_a_mi_tuo_fo_phase_marker_v1,self_timed_phase_locked_respiration_chant,南無阿彌陀佛,南無,阿,彌陀佛,inspiration_to_expiration_transition,interval_between_two_consecutive_same_phase_taps,2026-09-23,08:10:15,2026-09-23 08:10:15,1790125815724,420,Wed,3,8,10,15,,chant,breath_chant_cycle,1,,1,,false,,,,9,11,355,200,2026-09-23_S01,1,200,0,1.934,1.934,31.023785,0.016,0.016,0.834202,-0.258801,1,protocol_valid,3,1.818667,0.186079,10.231608,0.22232,33.237618,5,1.8346,0.143662,7.830704,0.196019,32.877558,10,1.9267,0.166094,8.620667,0.212128,31.359392,21,1.85381,0.186879,10.080795,0.192933,32.681922,2026-09-23 08:10,2026-09-23 08,35,257,2026-09-23 08:02:46,2026-09-23 08:11:43,536.761,8.946017,449.144,247,2.181955,1.7825,6.549586,300.170474,9.221093,1.150612,0.8,104.089,0.75625,37.185837,33.660592,11.959017,32.16014,43.525346,30.846328,-12.679018,-1.897721,27.498272,2,309,309,4,11.167883,2026-09-23 08:02:46,2026-09-23 09:10:12,2.196961,1.906,5.885197,267.879029,8.281836,0.98947,0.8,104.089,0.753,35.359873,31.479538,11.595809,32.793695,154,-12.80929,232,41.764518,2.248767,232,41.764518,2.248767,232,41.764518,2.248767
legacy_357,legacy,nam_mo_a_mi_tuo_fo_phase_marker_v1,self_timed_phase_locked_respiration_chant,南無阿彌陀佛,南無,阿,彌陀佛,inspiration_to_expiration_transition,interval_between_two_consecutive_same_phase_taps,2026-09-23,08:10:17,2026-09-23 08:10:17,1790125817360,420,Wed,3,8,10,17,,chant,breath_chant_cycle,1,,1,,false,,,,9,12,356,201,2026-09-23_S01,1,201,0,1.636,1.636,36.674817,-0.298,0.298,-15.40848,5.651032,1,protocol_valid,3,1.829333,0.167623,9.163043,0.211021,32.993729,5,1.775,0.153587,8.652795,0.234359,34.007764,10,1.9038,0.189661,9.962233,0.220747,31.809715,21,1.850714,0.190048,10.268882,0.203974,32.748658,2026-09-23 08:10,2026-09-23 08,35,257,2026-09-23 08:02:46,2026-09-23 08:11:43,536.761,8.946017,450.78,247,2.181955,1.7825,6.549586,300.170474,9.221093,1.150612,0.8,104.089,0.75625,37.185837,33.660592,11.959017,32.16014,43.525346,30.846328,-12.679018,-1.897721,27.498272,2,309,309,4,11.167883,2026-09-23 08:02:46,2026-09-23 09:10:12,2.196961,1.906,5.885197,267.879029,8.281836,0.98947,0.8,104.089,0.753,35.359873,31.479538,11.595809,32.793695,154,-12.80929,232,41.764518,2.248767,232,41.764518,2.248767,232,41.764518,2.248767
legacy_358,legacy,nam_mo_a_mi_tuo_fo_phase_marker_v1,self_timed_phase_locked_respiration_chant,南無阿彌陀佛,南無,阿,彌陀佛,inspiration_to_expiration_transition,interval_between_two_consecutive_same_phase_taps,2026-09-23,08:10:19,2026-09-23 08:10:19,1790125819161,420,Wed,3,8,10,19,,chant,breath_chant_cycle,1,,1,,false,,,,9,13,357,202,2026-09-23_S01,1,202,0,1.801,1.801,33.314825,0.165,0.165,10.085575,-3.359992,1,protocol_valid,3,1.790333,0.149286,8.338452,0.240862,33.671142,5,1.7786,0.154032,8.660284,0.231776,33.940499,10,1.8739,0.178536,9.527492,0.22748,32.284055,21,1.853857,0.188578,10.172221,0.204552,32.68831,2026-09-23 08:10,2026-09-23 08,35,257,2026-09-23 08:02:46,2026-09-23 08:11:43,536.761,8.946017,452.581,247,2.181955,1.7825,6.549586,300.170474,9.221093,1.150612,0.8,104.089,0.75625,37.185837,33.660592,11.959017,32.16014,43.525346,30.846328,-12.679018,-1.897721,27.498272,2,309,309,4,11.167883,2026-09-23 08:02:46,2026-09-23 09:10:12,2.196961,1.906,5.885197,267.879029,8.281836,0.98947,0.8,104.089,0.753,35.359873,31.479538,11.595809,32.793695,154,-12.80929,232,41.764518,2.248767,232,41.764518,2.248767,232,41.764518,2.248767
legacy_359,legacy,nam_mo_a_mi_tuo_fo_phase_marker_v1,self_timed_phase_locked_respiration_chant,南無阿彌陀佛,南無,阿,彌陀佛,inspiration_to_expiration_transition,interval_between_two_consecutive_same_phase_taps,2026-09-23,08:10:20,2026-09-23 08:10:20,1790125820862,420,Wed,3,8,10,20,,chant,breath_chant_cycle,1,,1,,false,,,,9,14,358,203,2026-09-23_S01,1,203,0,1.701,1.701,35.273369,-0.1,0.1,-5.552471,1.958544,1,protocol_valid,3,1.712667,0.083116,4.853039,0.136428,35.08767,5,1.798,0.130918,7.281308,0.177683,33.513876,10,1.8348,0.167966,9.154466,0.217447,32.943323,21,1.859381,0.18189,9.78227,0.204932,32.56538,2026-09-23 08:10,2026-09-23 08,35,257,2026-09-23 08:02:46,2026-09-23 08:11:43,536.761,8.946017,454.282,247,2.181955,1.7825,6.549586,300.170474,9.221093,1.150612,0.8,104.089,0.75625,37.185837,33.660592,11.959017,32.16014,43.525346,30.846328,-12.679018,-1.897721,27.498272,2,309,309,4,11.167883,2026-09-23 08:02:46,2026-09-23 09:10:12,2.196961,1.906,5.885197,267.879029,8.281836,0.98947,0.8,104.089,0.753,35.359873,31.479538,11.595809,32.793695,154,-12.80929,232,41.764518,2.248767,232,41.764518,2.248767,232,41.764518,2.248767
legacy_360,legacy,nam_mo_a_mi_tuo_fo_phase_marker_v1,self_timed_phase_locked_respiration_chant,南無阿彌陀佛,南無,阿,彌陀佛,inspiration_to_expiration_transition,interval_between_two_consecutive_same_phase_taps,2026-09-23,08:10:22,2026-09-23 08:10:22,1790125822642,420,Wed,3,8,10,22,,chant,breath_chant_cycle,1,,1,,false,,,,9,15,359,204,2026-09-23_S01,1,204,0,1.78,1.78,33.707865,0.079,0.079,4.644327,-1.565503,1,protocol_valid,3,1.760667,0.052729,2.994824,0.090114,34.098686,5,1.7704,0.112554,6.35752,0.181845,33.998932,10,1.826,0.168338,9.218964,0.194705,33.102118,21,1.864714,0.177589,9.523636,0.20556,32.457602,2026-09-23 08:10,2026-09-23 08,35,257,2026-09-23 08:02:46,2026-09-23 08:11:43,536.761,8.946017,456.062,247,2.181955,1.7825,6.549586,300.170474,9.221093,1.150612,0.8,104.089,0.75625,37.185837,33.660592,11.959017,32.16014,43.525346,30.846328,-12.679018,-1.897721,27.498272,2,309,309,4,11.167883,2026-09-23 08:02:46,2026-09-23 09:10:12,2.196961,1.906,5.885197,267.879029,8.281836,0.98947,0.8,104.089,0.753,35.359873,31.479538,11.595809,32.793695,154,-12.80929,232,41.764518,2.248767,232,41.764518,2.248767,232,41.764518,2.248767
legacy_361,legacy,nam_mo_a_mi_tuo_fo_phase_marker_v1,self_timed_phase_locked_respiration_chant,南無阿彌陀佛,南無,阿,彌陀佛,inspiration_to_expiration_transition,interval_between_two_consecutive_same_phase_taps,2026-09-23,08:10:24,2026-09-23 08:10:24,1790125824196,420,Wed,3,8,10,24,,chant,breath_chant_cycle,1,,1,,false,,,,9,16,360,205,2026-09-23_S01,1,205,0,1.554,1.554,38.610039,-0.226,0.226,-12.696629,4.902173,1,protocol_valid,3,1.678333,0.114692,6.833705,0.169288,35.863757,5,1.6944,0.102295,6.03725,0.153738,35.516183,10,1.7645,0.138865,7.86996,0.193517,34.19687,21,1.857714,0.187012,10.066754,0.209006,32.616491,2026-09-23 08:10,2026-09-23 08,35,257,2026-09-23 08:02:46,2026-09-23 08:11:43,536.761,8.946017,457.616,247,2.181955,1.7825,6.549586,300.170474,9.221093,1.150612,0.8,104.089,0.75625,37.185837,33.660592,11.959017,32.16014,43.525346,30.846328,-12.679018,-1.897721,27.498272,2,309,309,4,11.167883,2026-09-23 08:02:46,2026-09-23 09:10:12,2.196961,1.906,5.885197,267.879029,8.281836,0.98947,0.8,104.089,0.753,35.359873,31.479538,11.595809,32.793695,154,-12.80929,232,41.764518,2.248767,232,41.764518,2.248767,232,41.764518,2.248767
legacy_362,legacy,nam_mo_a_mi_tuo_fo_phase_marker_v1,self_timed_phase_locked_respiration_chant,南無阿彌陀佛,南無,阿,彌陀佛,inspiration_to_expiration_transition,interval_between_two_consecutive_same_phase_taps,2026-09-23,08:10:25,2026-09-23 08:10:25,1790125825596,420,Wed,3,8,10,25,,chant,breath_chant_cycle,1,,1,,false,,,,9,17,361,206,2026-09-23_S01,1,206,0,1.4,1.4,42.857143,-0.154,0.154,-9.90991,4.247104,1,protocol_valid,3,1.578,0.191133,12.112387,0.19338,38.391682,5,1.6472,0.168804,10.24792,0.150858,36.752648,10,1.7111,0.166389,9.72408,0.19378,35.380206,21,1.850524,0.201719,10.900631,0.207001,32.815177,2026-09-23 08:10,2026-09-23 08,35,257,2026-09-23 08:02:46,2026-09-23 08:11:43,536.761,8.946017,459.016,247,2.181955,1.7825,6.549586,300.170474,9.221093,1.150612,0.8,104.089,0.75625,37.185837,33.660592,11.959017,32.16014,43.525346,30.846328,-12.679018,-1.897721,27.498272,2,309,309,4,11.167883,2026-09-23 08:02:46,2026-09-23 09:10:12,2.196961,1.906,5.885197,267.879029,8.281836,0.98947,0.8,104.089,0.753,35.359873,31.479538,11.595809,32.793695,154,-12.80929,232,41.764518,2.248767,232,41.764518,2.248767,232,41.764518,2.248767
legacy_363,legacy,nam_mo_a_mi_tuo_fo_phase_marker_v1,self_timed_phase_locked_respiration_chant,南無阿彌陀佛,南無,阿,彌陀佛,inspiration_to_expiration_transition,interval_between_two_consecutive_same_phase_taps,2026-09-23,08:10:27,2026-09-23 08:10:27,1790125827292,420,Wed,3,8,10,27,,chant,breath_chant_cycle,1,,1,,false,,,,9,18,362,207,2026-09-23_S01,1,207,0,1.696,1.696,35.377358,0.296,0.296,21.142857,-7.479784,1,protocol_valid,3,1.55,0.148041,9.551002,0.235936,38.94818,5,1.6262,0.150417,9.249585,0.205334,37.165155,10,1.7024,0.164475,9.661364,0.209107,35.552827,21,1.847857,0.203449,11.010001,0.212721,32.869024,2026-09-23 08:10,2026-09-23 08,35,257,2026-09-23 08:02:46,2026-09-23 08:11:43,536.761,8.946017,460.712,247,2.181955,1.7825,6.549586,300.170474,9.221093,1.150612,0.8,104.089,0.75625,37.185837,33.660592,11.959017,32.16014,43.525346,30.846328,-12.679018,-1.897721,27.498272,2,309,309,4,11.167883,2026-09-23 08:02:46,2026-09-23 09:10:12,2.196961,1.906,5.885197,267.879029,8.281836,0.98947,0.8,104.089,0.753,35.359873,31.479538,11.595809,32.793695,154,-12.80929,232,41.764518,2.248767,232,41.764518,2.248767,232,41.764518,2.248767
legacy_364,legacy,nam_mo_a_mi_tuo_fo_phase_marker_v1,self_timed_phase_locked_respiration_chant,南無阿彌陀佛,南無,阿,彌陀佛,inspiration_to_expiration_transition,interval_between_two_consecutive_same_phase_taps,2026-09-23,08:10:28,2026-09-23 08:10:28,1790125828910,420,Wed,3,8,10,28,,chant,breath_chant_cycle,1,,1,,false,,,,9,19,363,208,2026-09-23_S01,1,208,0,1.618,1.618,37.082818,-0.078,0.078,-4.599057,1.70546,1,protocol_valid,3,1.571333,0.153419,9.763607,0.216449,38.439107,5,1.6096,0.144564,8.981373,0.205239,37.527045,10,1.7038,0.163602,9.602165,0.182884,35.52046,21,1.832,0.207936,11.350208,0.209431,33.170422,2026-09-23 08:10,2026-09-23 08,35,257,2026-09-23 08:02:46,2026-09-23 08:11:43,536.761,8.946017,462.33,247,2.181955,1.7825,6.549586,300.170474,9.221093,1.150612,0.8,104.089,0.75625,37.185837,33.660592,11.959017,32.16014,43.525346,30.846328,-12.679018,-1.897721,27.498272,2,309,309,4,11.167883,2026-09-23 08:02:46,2026-09-23 09:10:12,2.196961,1.906,5.885197,267.879029,8.281836,0.98947,0.8,104.089,0.753,35.359873,31.479538,11.595809,32.793695,154,-12.80929,232,41.764518,2.248767,232,41.764518,2.248767,232,41.764518,2.248767
legacy_365,legacy,nam_mo_a_mi_tuo_fo_phase_marker_v1,self_timed_phase_locked_respiration_chant,南無阿彌陀佛,南無,阿,彌陀佛,inspiration_to_expiration_transition,interval_between_two_consecutive_same_phase_taps,2026-09-23,08:10:30,2026-09-23 08:10:30,1790125830592,420,Wed,3,8,10,30,,chant,breath_chant_cycle,1,,1,,false,,,,9,20,364,209,2026-09-23_S01,1,209,0,1.682,1.682,35.671819,0.064,0.064,3.955501,-1.410999,1,protocol_valid,3,1.665333,0.041585,2.497113,0.071344,36.043999,5,1.59,0.120291,7.565491,0.174293,37.919836,10,1.6802,0.145264,8.645613,0.184046,35.959384,21,1.810429,0.1982,10.947686,0.198837,33.53084,2026-09-23 08:10,2026-09-23 08,35,257,2026-09-23 08:02:46,2026-09-23 08:11:43,536.761,8.946017,464.012,247,2.181955,1.7825,6.549586,300.170474,9.221093,1.150612,0.8,104.089,0.75625,37.185837,33.660592,11.959017,32.16014,43.525346,30.846328,-12.679018,-1.897721,27.498272,2,309,309,4,11.167883,2026-09-23 08:02:46,2026-09-23 09:10:12,2.196961,1.906,5.885197,267.879029,8.281836,0.98947,0.8,104.089,0.753,35.359873,31.479538,11.595809,32.793695,154,-12.80929,232,41.764518,2.248767,232,41.764518,2.248767,232,41.764518,2.248767
legacy_366,legacy,nam_mo_a_mi_tuo_fo_phase_marker_v1,self_timed_phase_locked_respiration_chant,南無阿彌陀佛,南無,阿,彌陀佛,inspiration_to_expiration_transition,interval_between_two_consecutive_same_phase_taps,2026-09-23,08:10:32,2026-09-23 08:10:32,1790125832659,420,Wed,3,8,10,32,,chant,breath_chant_cycle,1,,1,,false,,,,10,0,365,210,2026-09-23_S01,1,210,0,2.067,2.067,29.027576,0.385,0.385,22.889417,-6.644243,1,protocol_valid,3,1.789,0.242872,13.575874,0.275972,33.927405,5,1.6926,0.240561,14.212539,0.248003,36.003343,10,1.6935,0.174275,10.29079,0.201185,35.759763,21,1.821524,0.205955,11.306769,0.211222,33.355231,2026-09-23 08:10,2026-09-23 08,35,257,2026-09-23 08:02:46,2026-09-23 08:11:43,536.761,8.946017,466.079,247,2.181955,1.7825,6.549586,300.170474,9.221093,1.150612,0.8,104.089,0.75625,37.185837,33.660592,11.959017,32.16014,43.525346,30.846328,-12.679018,-1.897721,27.498272,2,309,309,4,11.167883,2026-09-23 08:02:46,2026-09-23 09:10:12,2.196961,1.906,5.885197,267.879029,8.281836,0.98947,0.8,104.089,0.753,35.359873,31.479538,11.595809,32.793695,154,-12.80929,232,41.764518,2.248767,232,41.764518,2.248767,232,41.764518,2.248767
legacy_367,legacy,nam_mo_a_mi_tuo_fo_phase_marker_v1,self_timed_phase_locked_respiration_chant,南無阿彌陀佛,南無,阿,彌陀佛,inspiration_to_expiration_transition,interval_between_two_consecutive_same_phase_taps,2026-09-23,08:10:34,2026-09-23 08:10:34,1790125834344,420,Wed,3,8,10,34,,chant,breath_chant_cycle,1,,1,,false,,,,10,1,366,211,2026-09-23_S01,1,211,0,1.685,1.685,35.608309,-0.382,0.382,-18.48089,6.580732,1,protocol_valid,3,1.811333,0.221419,12.224084,0.383503,33.435901,5,1.7496,0.180054,10.29113,0.27583,34.553576,10,1.6984,0.173164,10.195685,0.231655,35.653112,21,1.804143,0.201053,11.143965,0.224053,33.657136,2026-09-23 08:10,2026-09-23 08,35,257,2026-09-23 08:02:46,2026-09-23 08:11:43,536.761,8.946017,467.764,247,2.181955,1.7825,6.549586,300.170474,9.221093,1.150612,0.8,104.089,0.75625,37.185837,33.660592,11.959017,32.16014,43.525346,30.846328,-12.679018,-1.897721,27.498272,2,309,309,4,11.167883,2026-09-23 08:02:46,2026-09-23 09:10:12,2.196961,1.906,5.885197,267.879029,8.281836,0.98947,0.8,104.089,0.753,35.359873,31.479538,11.595809,32.793695,154,-12.80929,232,41.764518,2.248767,232,41.764518,2.248767,232,41.764518,2.248767
legacy_368,legacy,nam_mo_a_mi_tuo_fo_phase_marker_v1,self_timed_phase_locked_respiration_chant,南無阿彌陀佛,南無,阿,彌陀佛,inspiration_to_expiration_transition,interval_between_two_consecutive_same_phase_taps,2026-09-23,08:10:35,2026-09-23 08:10:35,1790125835795,420,Wed,3,8,10,35,,chant,breath_chant_cycle,1,,1,,false,,,,10,2,367,212,2026-09-23_S01,1,212,0,1.451,1.451,41.350793,-0.234,0.234,-13.88724,5.742484,1,protocol_valid,3,1.734333,0.310949,17.929027,0.316765,35.328892,5,1.7006,0.22581,13.278273,0.297069,35.748263,10,1.6634,0.185083,11.12677,0.242151,36.456709,21,1.784429,0.214627,12.027747,0.224,34.094241,2026-09-23 08:10,2026-09-23 08,35,257,2026-09-23 08:02:46,2026-09-23 08:11:43,536.761,8.946017,469.215,247,2.181955,1.7825,6.549586,300.170474,9.221093,1.150612,0.8,104.089,0.75625,37.185837,33.660592,11.959017,32.16014,43.525346,30.846328,-12.679018,-1.897721,27.498272,2,309,309,4,11.167883,2026-09-23 08:02:46,2026-09-23 09:10:12,2.196961,1.906,5.885197,267.879029,8.281836,0.98947,0.8,104.089,0.753,35.359873,31.479538,11.595809,32.793695,154,-12.80929,232,41.764518,2.248767,232,41.764518,2.248767,232,41.764518,2.248767
legacy_369,legacy,nam_mo_a_mi_tuo_fo_phase_marker_v1,self_timed_phase_locked_respiration_chant,南無阿彌陀佛,南無,阿,彌陀佛,inspiration_to_expiration_transition,interval_between_two_consecutive_same_phase_taps,2026-09-23,08:10:37,2026-09-23 08:10:37,1790125837409,420,Wed,3,8,10,37,,chant,breath_chant_cycle,1,,1,,false,,,,10,3,368,213,2026-09-23_S01,1,213,0,1.614,1.614,37.174721,0.163,0.163,11.233632,-4.176071,1,protocol_valid,3,1.583333,0.119976,7.577456,0.201649,38.044607,5,1.6998,0.226183,13.306441,0.30638,35.766644,10,1.6547,0.185164,11.190163,0.246771,36.646844,21,1.761286,0.204879,11.632328,0.226939,34.503922,2026-09-23 08:10,2026-09-23 08,35,257,2026-09-23 08:02:46,2026-09-23 08:11:43,536.761,8.946017,470.829,247,2.181955,1.7825,6.549586,300.170474,9.221093,1.150612,0.8,104.089,0.75625,37.185837,33.660592,11.959017,32.16014,43.525346,30.846328,-12.679018,-1.897721,27.498272,2,309,309,4,11.167883,2026-09-23 08:02:46,2026-09-23 09:10:12,2.196961,1.906,5.885197,267.879029,8.281836,0.98947,0.8,104.089,0.753,35.359873,31.479538,11.595809,32.793695,154,-12.80929,232,41.764518,2.248767,232,41.764518,2.248767,232,41.764518,2.248767
legacy_370,legacy,nam_mo_a_mi_tuo_fo_phase_marker_v1,self_timed_phase_locked_respiration_chant,南無阿彌陀佛,南無,阿,彌陀佛,inspiration_to_expiration_transition,interval_between_two_consecutive_same_phase_taps,2026-09-23,08:10:38,2026-09-23 08:10:38,1790125838809,420,Wed,3,8,10,38,,chant,breath_chant_cycle,1,,1,,false,,,,10,4,369,214,2026-09-23_S01,1,214,0,1.4,1.4,42.857143,-0.214,0.214,-13.258984,5.682422,1,protocol_valid,3,1.488333,0.111778,7.510284,0.190217,40.460886,5,1.6434,0.263768,16.05011,0.261269,37.203708,10,1.6167,0.195307,12.080573,0.245579,37.561772,21,1.728333,0.204677,11.842472,0.226456,35.178991,2026-09-23 08:10,2026-09-23 08,35,257,2026-09-23 08:02:46,2026-09-23 08:11:43,536.761,8.946017,472.229,247,2.181955,1.7825,6.549586,300.170474,9.221093,1.150612,0.8,104.089,0.75625,37.185837,33.660592,11.959017,32.16014,43.525346,30.846328,-12.679018,-1.897721,27.498272,2,309,309,4,11.167883,2026-09-23 08:02:46,2026-09-23 09:10:12,2.196961,1.906,5.885197,267.879029,8.281836,0.98947,0.8,104.089,0.753,35.359873,31.479538,11.595809,32.793695,154,-12.80929,232,41.764518,2.248767,232,41.764518,2.248767,232,41.764518,2.248767
legacy_371,legacy,nam_mo_a_mi_tuo_fo_phase_marker_v1,self_timed_phase_locked_respiration_chant,南無阿彌陀佛,南無,阿,彌陀佛,inspiration_to_expiration_transition,interval_between_two_consecutive_same_phase_taps,2026-09-23,08:10:40,2026-09-23 08:10:40,1790125840144,420,Wed,3,8,10,40,,chant,breath_chant_cycle,1,,1,,false,,,,10,5,370,215,2026-09-23_S01,1,215,0,1.335,1.335,44.94382,-0.065,0.065,-4.642857,2.086677,1,protocol_valid,3,1.449667,0.145981,10.069942,0.158147,41.658561,5,1.497,0.147311,9.840407,0.181208,40.386957,10,1.5948,0.214458,13.447321,0.24113,38.19515,21,1.702952,0.219036,12.862117,0.216711,35.789653,2026-09-23 08:10,2026-09-23 08,35,257,2026-09-23 08:02:46,2026-09-23 08:11:43,536.761,8.946017,473.564,247,2.181955,1.7825,6.549586,300.170474,9.221093,1.150612,0.8,104.089,0.75625,37.185837,33.660592,11.959017,32.16014,43.525346,30.846328,-12.679018,-1.897721,27.498272,2,309,309,4,11.167883,2026-09-23 08:02:46,2026-09-23 09:10:12,2.196961,1.906,5.885197,267.879029,8.281836,0.98947,0.8,104.089,0.753,35.359873,31.479538,11.595809,32.793695,154,-12.80929,232,41.764518,2.248767,232,41.764518,2.248767,232,41.764518,2.248767
legacy_372,legacy,nam_mo_a_mi_tuo_fo_phase_marker_v1,self_timed_phase_locked_respiration_chant,南無阿彌陀佛,南無,阿,彌陀佛,inspiration_to_expiration_transition,interval_between_two_consecutive_same_phase_taps,2026-09-23,08:10:41,2026-09-23 08:10:41,1790125841757,420,Wed,3,8,10,41,,chant,breath_chant_cycle,1,,1,,false,,,,10,6,371,216,2026-09-23_S01,1,216,0,1.613,1.613,37.197768,0.278,0.278,20.82397,-7.746052,1,protocol_valid,3,1.449333,0.145418,10.033426,0.201877,41.666244,5,1.4826,0.12637,8.523519,0.196134,40.704849,10,1.6161,0.203245,12.576266,0.238737,37.629213,21,1.676476,0.191795,11.44034,0.219241,36.243713,2026-09-23 08:10,2026-09-23 08,35,257,2026-09-23 08:02:46,2026-09-23 08:11:43,536.761,8.946017,475.177,247,2.181955,1.7825,6.549586,300.170474,9.221093,1.150612,0.8,104.089,0.75625,37.185837,33.660592,11.959017,32.16014,43.525346,30.846328,-12.679018,-1.897721,27.498272,2,309,309,4,11.167883,2026-09-23 08:02:46,2026-09-23 09:10:12,2.196961,1.906,5.885197,267.879029,8.281836,0.98947,0.8,104.089,0.753,35.359873,31.479538,11.595809,32.793695,154,-12.80929,232,41.764518,2.248767,232,41.764518,2.248767,232,41.764518,2.248767
legacy_373,legacy,nam_mo_a_mi_tuo_fo_phase_marker_v1,self_timed_phase_locked_respiration_chant,南無阿彌陀佛,南無,阿,彌陀佛,inspiration_to_expiration_transition,interval_between_two_consecutive_same_phase_taps,2026-09-23,08:10:43,2026-09-23 08:10:43,1790125843611,420,Wed,3,8,10,43,,chant,breath_chant_cycle,1,,1,,false,,,,10,7,372,217,2026-09-23_S01,1,217,0,1.854,1.854,32.36246,0.241,0.241,14.941104,-4.835309,1,protocol_valid,3,1.600667,0.25972,16.225722,0.260159,38.168016,5,1.5632,0.205143,13.12328,0.215282,38.907182,10,1.6319,0.215894,13.229624,0.250545,37.327723,21,1.672667,0.187162,11.189457,0.223228,36.307459,2026-09-23 08:10,2026-09-23 08,35,257,2026-09-23 08:02:46,2026-09-23 08:11:43,536.761,8.946017,477.031,247,2.181955,1.7825,6.549586,300.170474,9.221093,1.150612,0.8,104.089,0.75625,37.185837,33.660592,11.959017,32.16014,43.525346,30.846328,-12.679018,-1.897721,27.498272,2,309,309,4,11.167883,2026-09-23 08:02:46,2026-09-23 09:10:12,2.196961,1.906,5.885197,267.879029,8.281836,0.98947,0.8,104.089,0.753,35.359873,31.479538,11.595809,32.793695,154,-12.80929,232,41.764518,2.248767,232,41.764518,2.248767,232,41.764518,2.248767
legacy_374,legacy,nam_mo_a_mi_tuo_fo_phase_marker_v1,self_timed_phase_locked_respiration_chant,南無阿彌陀佛,南無,阿,彌陀佛,inspiration_to_expiration_transition,interval_between_two_consecutive_same_phase_taps,2026-09-23,08:10:45,2026-09-23 08:10:45,1790125845562,420,Wed,3,8,10,45,,chant,breath_chant_cycle,1,,1,,false,,,,10,8,373,218,2026-09-23_S01,1,218,0,1.951,1.951,30.75346,0.097,0.097,5.231931,-1.609,1,protocol_valid,3,1.806,0.174037,9.63662,0.183698,33.437896,5,1.6306,0.270846,16.610176,0.193002,37.62293,10,1.6652,0.238056,14.295936,0.251721,36.694787,21,1.680667,0.195518,11.633367,0.220678,36.169474,2026-09-23 08:10,2026-09-23 08,35,257,2026-09-23 08:02:46,2026-09-23 08:11:43,536.761,8.946017,478.982,247,2.181955,1.7825,6.549586,300.170474,9.221093,1.150612,0.8,104.089,0.75625,37.185837,33.660592,11.959017,32.16014,43.525346,30.846328,-12.679018,-1.897721,27.498272,2,309,309,4,11.167883,2026-09-23 08:02:46,2026-09-23 09:10:12,2.196961,1.906,5.885197,267.879029,8.281836,0.98947,0.8,104.089,0.753,35.359873,31.479538,11.595809,32.793695,154,-12.80929,232,41.764518,2.248767,232,41.764518,2.248767,232,41.764518,2.248767
legacy_375,legacy,nam_mo_a_mi_tuo_fo_phase_marker_v1,self_timed_phase_locked_respiration_chant,南無阿彌陀佛,南無,阿,彌陀佛,inspiration_to_expiration_transition,interval_between_two_consecutive_same_phase_taps,2026-09-23,08:10:47,2026-09-23 08:10:47,1790125847228,420,Wed,3,8,10,47,,chant,breath_chant_cycle,1,,1,,false,,,,10,9,374,219,2026-09-23_S01,1,219,0,1.666,1.666,36.014406,-0.285,0.285,-14.607893,5.260946,1,protocol_valid,3,1.823667,0.144901,7.945592,0.212878,33.043442,5,1.6838,0.238409,14.158967,0.237697,36.254383,10,1.6636,0.237984,14.305375,0.236472,36.729045,21,1.683619,0.194769,11.568485,0.218702,36.103185,2026-09-23 08:10,2026-09-23 08,35,257,2026-09-23 08:02:46,2026-09-23 08:11:43,536.761,8.946017,480.648,247,2.181955,1.7825,6.549586,300.170474,9.221093,1.150612,0.8,104.089,0.75625,37.185837,33.660592,11.959017,32.16014,43.525346,30.846328,-12.679018,-1.897721,27.498272,2,309,309,4,11.167883,2026-09-23 08:02:46,2026-09-23 09:10:12,2.196961,1.906,5.885197,267.879029,8.281836,0.98947,0.8,104.089,0.753,35.359873,31.479538,11.595809,32.793695,154,-12.80929,232,41.764518,2.248767,232,41.764518,2.248767,232,41.764518,2.248767
legacy_376,legacy,nam_mo_a_mi_tuo_fo_phase_marker_v1,self_timed_phase_locked_respiration_chant,南無阿彌陀佛,南無,阿,彌陀佛,inspiration_to_expiration_transition,interval_between_two_consecutive_same_phase_taps,2026-09-23,08:10:48,2026-09-23 08:10:48,1790125848982,420,Wed,3,8,10,48,,chant,breath_chant_cycle,1,,1,,false,,,,10,10,375,220,2026-09-23_S01,1,220,0,1.754,1.754,34.207526,0.088,0.088,5.282113,-1.80688,1,protocol_valid,3,1.790333,0.145933,8.151143,0.210913,33.658464,5,1.7676,0.137395,7.772951,0.197774,34.107124,10,1.6323,0.195895,12.001137,0.201409,37.24704,21,1.67581,0.188074,11.222896,0.219556,36.242468,2026-09-23 08:10,2026-09-23 08,35,257,2026-09-23 08:02:46,2026-09-23 08:11:43,536.761,8.946017,482.402,247,2.181955,1.7825,6.549586,300.170474,9.221093,1.150612,0.8,104.089,0.75625,37.185837,33.660592,11.959017,32.16014,43.525346,30.846328,-12.679018,-1.897721,27.498272,2,309,309,4,11.167883,2026-09-23 08:02:46,2026-09-23 09:10:12,2.196961,1.906,5.885197,267.879029,8.281836,0.98947,0.8,104.089,0.753,35.359873,31.479538,11.595809,32.793695,154,-12.80929,232,41.764518,2.248767,232,41.764518,2.248767,232,41.764518,2.248767
legacy_377,legacy,nam_mo_a_mi_tuo_fo_phase_marker_v1,self_timed_phase_locked_respiration_chant,南無阿彌陀佛,南無,阿,彌陀佛,inspiration_to_expiration_transition,interval_between_two_consecutive_same_phase_taps,2026-09-23,08:10:50,2026-09-23 08:10:50,1790125850764,420,Wed,3,8,10,50,,chant,breath_chant_cycle,1,,1,,false,,,,10,11,376,221,2026-09-23_S01,1,221,0,1.782,1.782,33.670034,0.028,0.028,1.596351,-0.537492,1,protocol_valid,3,1.734,0.060531,3.49083,0.065299,34.630655,5,1.8014,0.107358,5.959713,0.15745,33.401577,10,1.642,0.201126,12.248826,0.185926,37.053213,21,1.668571,0.18041,10.812225,0.209294,36.368479,2026-09-23 08:10,2026-09-23 08,35,257,2026-09-23 08:02:46,2026-09-23 08:11:43,536.761,8.946017,484.184,247,2.181955,1.7825,6.549586,300.170474,9.221093,1.150612,0.8,104.089,0.75625,37.185837,33.660592,11.959017,32.16014,43.525346,30.846328,-12.679018,-1.897721,27.498272,2,309,309,4,11.167883,2026-09-23 08:02:46,2026-09-23 09:10:12,2.196961,1.906,5.885197,267.879029,8.281836,0.98947,0.8,104.089,0.753,35.359873,31.479538,11.595809,32.793695,154,-12.80929,232,41.764518,2.248767,232,41.764518,2.248767,232,41.764518,2.248767
legacy_378,legacy,nam_mo_a_mi_tuo_fo_phase_marker_v1,self_timed_phase_locked_respiration_chant,南無阿彌陀佛,南無,阿,彌陀佛,inspiration_to_expiration_transition,interval_between_two_consecutive_same_phase_taps,2026-09-23,08:10:52,2026-09-23 08:10:52,1790125852435,420,Wed,3,8,10,52,,chant,breath_chant_cycle,1,,1,,false,,,,10,12,377,222,2026-09-23_S01,1,222,0,1.671,1.671,35.906643,-0.111,0.111,-6.228956,2.236609,1,protocol_valid,3,1.735667,0.057726,3.32589,0.080948,34.594734,5,1.7648,0.115805,6.561909,0.159745,34.110414,10,1.664,0.189615,11.395121,0.181619,36.508798,21,1.670238,0.180255,10.792195,0.207506,36.3319,2026-09-23 08:10,2026-09-23 08,35,257,2026-09-23 08:02:46,2026-09-23 08:11:43,536.761,8.946017,485.855,247,2.181955,1.7825,6.549586,300.170474,9.221093,1.150612,0.8,104.089,0.75625,37.185837,33.660592,11.959017,32.16014,43.525346,30.846328,-12.679018,-1.897721,27.498272,2,309,309,4,11.167883,2026-09-23 08:02:46,2026-09-23 09:10:12,2.196961,1.906,5.885197,267.879029,8.281836,0.98947,0.8,104.089,0.753,35.359873,31.479538,11.595809,32.793695,154,-12.80929,232,41.764518,2.248767,232,41.764518,2.248767,232,41.764518,2.248767
legacy_379,legacy,nam_mo_a_mi_tuo_fo_phase_marker_v1,self_timed_phase_locked_respiration_chant,南無阿彌陀佛,南無,阿,彌陀佛,inspiration_to_expiration_transition,interval_between_two_consecutive_same_phase_taps,2026-09-23,08:10:54,2026-09-23 08:10:54,1790125854136,420,Wed,3,8,10,54,,chant,breath_chant_cycle,1,,1,,false,,,,10,13,378,223,2026-09-23_S01,1,223,0,1.701,1.701,35.273369,0.03,0.03,1.795332,-0.633274,1,protocol_valid,3,1.718,0.05742,3.34223,0.081305,34.950015,5,1.7148,0.051339,2.993881,0.073738,35.014395,10,1.6727,0.189061,11.302736,0.167323,36.318663,21,1.665476,0.177934,10.68368,0.206406,36.425164,2026-09-23 08:10,2026-09-23 08,35,257,2026-09-23 08:02:46,2026-09-23 08:11:43,536.761,8.946017,487.556,247,2.181955,1.7825,6.549586,300.170474,9.221093,1.150612,0.8,104.089,0.75625,37.185837,33.660592,11.959017,32.16014,43.525346,30.846328,-12.679018,-1.897721,27.498272,2,309,309,4,11.167883,2026-09-23 08:02:46,2026-09-23 09:10:12,2.196961,1.906,5.885197,267.879029,8.281836,0.98947,0.8,104.089,0.753,35.359873,31.479538,11.595809,32.793695,154,-12.80929,232,41.764518,2.248767,232,41.764518,2.248767,232,41.764518,2.248767
legacy_380,legacy,nam_mo_a_mi_tuo_fo_phase_marker_v1,self_timed_phase_locked_respiration_chant,南無阿彌陀佛,南無,阿,彌陀佛,inspiration_to_expiration_transition,interval_between_two_consecutive_same_phase_taps,2026-09-23,08:10:55,2026-09-23 08:10:55,1790125855871,420,Wed,3,8,10,55,,chant,breath_chant_cycle,1,,1,,false,,,,10,14,379,224,2026-09-23_S01,1,224,0,1.735,1.735,34.582133,0.034,0.034,1.998824,-0.691236,1,protocol_valid,3,1.702333,0.032021,1.880996,0.032062,35.254048,5,1.7286,0.043638,2.524487,0.061565,34.727941,10,1.7062,0.163296,9.570729,0.166301,35.491162,21,1.667095,0.178428,10.702901,0.20579,36.392248,2026-09-23 08:10,2026-09-23 08,35,257,2026-09-23 08:02:46,2026-09-23 08:11:43,536.761,8.946017,489.291,247,2.181955,1.7825,6.549586,300.170474,9.221093,1.150612,0.8,104.089,0.75625,37.185837,33.660592,11.959017,32.16014,43.525346,30.846328,-12.679018,-1.897721,27.498272,2,309,309,4,11.167883,2026-09-23 08:02:46,2026-09-23 09:10:12,2.196961,1.906,5.885197,267.879029,8.281836,0.98947,0.8,104.089,0.753,35.359873,31.479538,11.595809,32.793695,154,-12.80929,232,41.764518,2.248767,232,41.764518,2.248767,232,41.764518,2.248767
legacy_381,legacy,nam_mo_a_mi_tuo_fo_phase_marker_v1,self_timed_phase_locked_respiration_chant,南無阿彌陀佛,南無,阿,彌陀佛,inspiration_to_expiration_transition,interval_between_two_consecutive_same_phase_taps,2026-09-23,08:10:57,2026-09-23 08:10:57,1790125857720,420,Wed,3,8,10,57,,chant,breath_chant_cycle,1,,1,,false,,,,10,15,380,225,2026-09-23_S01,1,225,0,1.849,1.849,32.449973,0.114,0.114,6.570605,-2.13216,1,protocol_valid,3,1.761667,0.07752,4.400372,0.084119,34.101825,5,1.7476,0.070113,4.011946,0.082724,34.37643,10,1.7576,0.103372,5.881443,0.143223,34.241777,21,1.670381,0.181224,10.849263,0.20111,36.332348,2026-09-23 08:10,2026-09-23 08,35,257,2026-09-23 08:02:46,2026-09-23 08:11:43,536.761,8.946017,491.14,247,2.181955,1.7825,6.549586,300.170474,9.221093,1.150612,0.8,104.089,0.75625,37.185837,33.660592,11.959017,32.16014,43.525346,30.846328,-12.679018,-1.897721,27.498272,2,309,309,4,11.167883,2026-09-23 08:02:46,2026-09-23 09:10:12,2.196961,1.906,5.885197,267.879029,8.281836,0.98947,0.8,104.089,0.753,35.359873,31.479538,11.595809,32.793695,154,-12.80929,232,41.764518,2.248767,232,41.764518,2.248767,232,41.764518,2.248767
legacy_382,legacy,nam_mo_a_mi_tuo_fo_phase_marker_v1,self_timed_phase_locked_respiration_chant,南無阿彌陀佛,南無,阿,彌陀佛,inspiration_to_expiration_transition,interval_between_two_consecutive_same_phase_taps,2026-09-23,08:10:59,2026-09-23 08:10:59,1790125859824,420,Wed,3,8,10,59,,chant,breath_chant_cycle,1,,1,,false,,,,10,16,381,226,2026-09-23_S01,1,226,0,2.104,2.104,28.51711,0.255,0.255,13.791239,-3.932863,1,protocol_valid,3,1.896,0.188936,9.965005,0.197511,31.849739,5,1.812,0.17661,9.746674,0.141489,33.345845,10,1.8067,0.1379,7.63271,0.145892,33.373711,21,1.696571,0.202104,11.912486,0.206181,35.851732,2026-09-23 08:10,2026-09-23 08,35,257,2026-09-23 08:02:46,2026-09-23 08:11:43,536.761,8.946017,493.244,247,2.181955,1.7825,6.549586,300.170474,9.221093,1.150612,0.8,104.089,0.75625,37.185837,33.660592,11.959017,32.16014,43.525346,30.846328,-12.679018,-1.897721,27.498272,2,309,309,4,11.167883,2026-09-23 08:02:46,2026-09-23 09:10:12,2.196961,1.906,5.885197,267.879029,8.281836,0.98947,0.8,104.089,0.753,35.359873,31.479538,11.595809,32.793695,154,-12.80929,232,41.764518,2.248767,232,41.764518,2.248767,232,41.764518,2.248767
legacy_383,legacy,nam_mo_a_mi_tuo_fo_phase_marker_v1,self_timed_phase_locked_respiration_chant,南無阿彌陀佛,南無,阿,彌陀佛,inspiration_to_expiration_transition,interval_between_two_consecutive_same_phase_taps,2026-09-23,08:11:01,2026-09-23 08:11:01,1790125861927,420,Wed,3,8,11,1,,chant,breath_chant_cycle,1,,1,,false,,,,10,17,382,227,2026-09-23_S01,1,227,0,2.103,2.103,28.53067,-0.001,0.001,-0.047529,0.01356,1,protocol_valid,3,2.018667,0.146936,7.278888,0.180314,29.832585,5,1.8984,0.195089,10.276507,0.140693,31.870651,10,1.8316,0.166835,9.108687,0.142264,32.990532,21,1.730048,0.20864,12.059797,0.195269,35.169519,2026-09-23 08:11,2026-09-23 08,21,257,2026-09-23 08:02:46,2026-09-23 08:11:43,536.761,8.946017,495.347,247,2.181955,1.7825,6.549586,300.170474,9.221093,1.150612,0.8,104.089,0.75625,37.185837,33.660592,11.959017,32.16014,43.525346,30.846328,-12.679018,-1.897721,27.498272,2,309,309,4,11.167883,2026-09-23 08:02:46,2026-09-23 09:10:12,2.196961,1.906,5.885197,267.879029,8.281836,0.98947,0.8,104.089,0.753,35.359873,31.479538,11.595809,32.793695,154,-12.80929,232,41.764518,2.248767,232,41.764518,2.248767,232,41.764518,2.248767
legacy_384,legacy,nam_mo_a_mi_tuo_fo_phase_marker_v1,self_timed_phase_locked_respiration_chant,南無阿彌陀佛,南無,阿,彌陀佛,inspiration_to_expiration_transition,interval_between_two_consecutive_same_phase_taps,2026-09-23,08:11:03,2026-09-23 08:11:03,1790125863892,420,Wed,3,8,11,3,,chant,breath_chant_cycle,1,,1,,false,,,,10,18,383,228,2026-09-23_S01,1,228,0,1.965,1.965,30.534351,-0.138,0.138,-6.562054,2.003681,1,protocol_valid,3,2.057333,0.079965,3.886807,0.097583,29.194044,5,1.9512,0.161066,8.254706,0.155777,30.922847,10,1.833,0.168003,9.165447,0.115456,32.968621,21,1.742857,0.214617,12.314113,0.196921,34.9389,2026-09-23 08:11,2026-09-23 08,21,257,2026-09-23 08:02:46,2026-09-23 08:11:43,536.761,8.946017,497.312,247,2.181955,1.7825,6.549586,300.170474,9.221093,1.150612,0.8,104.089,0.75625,37.185837,33.660592,11.959017,32.16014,43.525346,30.846328,-12.679018,-1.897721,27.498272,2,309,309,4,11.167883,2026-09-23 08:02:46,2026-09-23 09:10:12,2.196961,1.906,5.885197,267.879029,8.281836,0.98947,0.8,104.089,0.753,35.359873,31.479538,11.595809,32.793695,154,-12.80929,232,41.764518,2.248767,232,41.764518,2.248767,232,41.764518,2.248767
legacy_385,legacy,nam_mo_a_mi_tuo_fo_phase_marker_v1,self_timed_phase_locked_respiration_chant,南無阿彌陀佛,南無,阿,彌陀佛,inspiration_to_expiration_transition,interval_between_two_consecutive_same_phase_taps,2026-09-23,08:11:05,2026-09-23 08:11:05,1790125865977,420,Wed,3,8,11,5,,chant,breath_chant_cycle,1,,1,,false,,,,10,19,384,229,2026-09-23_S01,1,229,0,2.085,2.085,28.776978,0.12,0.12,6.10687,-1.757373,1,protocol_valid,3,2.051,0.07502,3.657728,0.129314,29.280667,5,2.0212,0.112282,5.555204,0.1569,29.761817,10,1.8749,0.173872,9.273662,0.118616,32.244879,21,1.765095,0.224978,12.745927,0.198225,34.543384,2026-09-23 08:11,2026-09-23 08,21,257,2026-09-23 08:02:46,2026-09-23 08:11:43,536.761,8.946017,499.397,247,2.181955,1.7825,6.549586,300.170474,9.221093,1.150612,0.8,104.089,0.75625,37.185837,33.660592,11.959017,32.16014,43.525346,30.846328,-12.679018,-1.897721,27.498272,2,309,309,4,11.167883,2026-09-23 08:02:46,2026-09-23 09:10:12,2.196961,1.906,5.885197,267.879029,8.281836,0.98947,0.8,104.089,0.753,35.359873,31.479538,11.595809,32.793695,154,-12.80929,232,41.764518,2.248767,232,41.764518,2.248767,232,41.764518,2.248767
legacy_386,legacy,nam_mo_a_mi_tuo_fo_phase_marker_v1,self_timed_phase_locked_respiration_chant,南無阿彌陀佛,南無,阿,彌陀佛,inspiration_to_expiration_transition,interval_between_two_consecutive_same_phase_taps,2026-09-23,08:11:08,2026-09-23 08:11:08,1790125868030,420,Wed,3,8,11,8,,chant,breath_chant_cycle,1,,1,,false,,,,10,20,385,230,2026-09-23_S01,1,230,0,2.053,2.053,29.225524,-0.032,0.032,-1.534772,0.448545,1,protocol_valid,3,2.034333,0.06214,3.054545,0.087818,29.512284,5,2.062,0.058017,2.813639,0.092829,29.116927,10,1.9048,0.176461,9.264005,0.118728,31.746678,21,1.782762,0.232565,13.045209,0.178699,34.236417,2026-09-23 08:11,2026-09-23 08,21,257,2026-09-23 08:02:46,2026-09-23 08:11:43,536.761,8.946017,501.45,247,2.181955,1.7825,6.549586,300.170474,9.221093,1.150612,0.8,104.089,0.75625,37.185837,33.660592,11.959017,32.16014,43.525346,30.846328,-12.679018,-1.897721,27.498272,2,309,309,4,11.167883,2026-09-23 08:02:46,2026-09-23 09:10:12,2.196961,1.906,5.885197,267.879029,8.281836,0.98947,0.8,104.089,0.753,35.359873,31.479538,11.595809,32.793695,154,-12.80929,232,41.764518,2.248767,232,41.764518,2.248767,232,41.764518,2.248767
legacy_387,legacy,nam_mo_a_mi_tuo_fo_phase_marker_v1,self_timed_phase_locked_respiration_chant,南無阿彌陀佛,南無,阿,彌陀佛,inspiration_to_expiration_transition,interval_between_two_consecutive_same_phase_taps,2026-09-23,08:11:10,2026-09-23 08:11:10,1790125870230,420,Wed,3,8,11,10,,chant,breath_chant_cycle,1,,1,,false,,,,11,0,386,231,2026-09-23_S01,1,231,0,2.2,2.2,27.272727,0.147,0.147,7.160253,-1.952796,1,protocol_valid,3,2.112667,0.077307,3.659202,0.106379,28.425076,5,2.0812,0.085001,4.084239,0.118403,28.86805,10,1.9466,0.192883,9.908738,0.122997,31.106948,21,1.789095,0.2423,13.543147,0.160367,34.152853,2026-09-23 08:11,2026-09-23 08,21,257,2026-09-23 08:02:46,2026-09-23 08:11:43,536.761,8.946017,503.65,247,2.181955,1.7825,6.549586,300.170474,9.221093,1.150612,0.8,104.089,0.75625,37.185837,33.660592,11.959017,32.16014,43.525346,30.846328,-12.679018,-1.897721,27.498272,2,309,309,4,11.167883,2026-09-23 08:02:46,2026-09-23 09:10:12,2.196961,1.906,5.885197,267.879029,8.281836,0.98947,0.8,104.089,0.753,35.359873,31.479538,11.595809,32.793695,154,-12.80929,232,41.764518,2.248767,232,41.764518,2.248767,232,41.764518,2.248767
legacy_388,legacy,nam_mo_a_mi_tuo_fo_phase_marker_v1,self_timed_phase_locked_respiration_chant,南無阿彌陀佛,南無,阿,彌陀佛,inspiration_to_expiration_transition,interval_between_two_consecutive_same_phase_taps,2026-09-23,08:11:12,2026-09-23 08:11:12,1790125872282,420,Wed,3,8,11,12,,chant,breath_chant_cycle,1,,1,,false,,,,11,1,387,232,2026-09-23_S01,1,232,0,2.052,2.052,29.239766,-0.148,0.148,-6.727273,1.967039,1,protocol_valid,3,2.101667,0.085161,4.052052,0.147501,28.579339,5,2.071,0.084791,4.094202,0.121385,29.009869,10,1.9847,0.168481,8.489015,0.132144,30.44026,21,1.806571,0.247594,13.705173,0.155161,33.849589,2026-09-23 08:11,2026-09-23 08,21,257,2026-09-23 08:02:46,2026-09-23 08:11:43,536.761,8.946017,505.702,247,2.181955,1.7825,6.549586,300.170474,9.221093,1.150612,0.8,104.089,0.75625,37.185837,33.660592,11.959017,32.16014,43.525346,30.846328,-12.679018,-1.897721,27.498272,2,309,309,4,11.167883,2026-09-23 08:02:46,2026-09-23 09:10:12,2.196961,1.906,5.885197,267.879029,8.281836,0.98947,0.8,104.089,0.753,35.359873,31.479538,11.595809,32.793695,154,-12.80929,232,41.764518,2.248767,232,41.764518,2.248767,232,41.764518,2.248767
legacy_389,legacy,nam_mo_a_mi_tuo_fo_phase_marker_v1,self_timed_phase_locked_respiration_chant,南無阿彌陀佛,南無,阿,彌陀佛,inspiration_to_expiration_transition,interval_between_two_consecutive_same_phase_taps,2026-09-23,08:11:14,2026-09-23 08:11:14,1790125874403,420,Wed,3,8,11,14,,chant,breath_chant_cycle,1,,1,,false,,,,11,2,388,233,2026-09-23_S01,1,233,0,2.121,2.121,28.288543,0.069,0.069,3.362573,-0.951223,1,protocol_valid,3,2.124333,0.074056,3.486095,0.115466,28.267012,5,2.1022,0.061552,2.928,0.111016,28.560708,10,2.0267,0.139812,6.898496,0.133651,29.741778,21,1.838476,0.242602,13.195801,0.151606,33.227577,2026-09-23 08:11,2026-09-23 08,21,257,2026-09-23 08:02:46,2026-09-23 08:11:43,536.761,8.946017,507.823,247,2.181955,1.7825,6.549586,300.170474,9.221093,1.150612,0.8,104.089,0.75625,37.185837,33.660592,11.959017,32.16014,43.525346,30.846328,-12.679018,-1.897721,27.498272,2,309,309,4,11.167883,2026-09-23 08:02:46,2026-09-23 09:10:12,2.196961,1.906,5.885197,267.879029,8.281836,0.98947,0.8,104.089,0.753,35.359873,31.479538,11.595809,32.793695,154,-12.80929,232,41.764518,2.248767,232,41.764518,2.248767,232,41.764518,2.248767
legacy_390,legacy,nam_mo_a_mi_tuo_fo_phase_marker_v1,self_timed_phase_locked_respiration_chant,南無阿彌陀佛,南無,阿,彌陀佛,inspiration_to_expiration_transition,interval_between_two_consecutive_same_phase_taps,2026-09-23,08:11:16,2026-09-23 08:11:16,1790125876420,420,Wed,3,8,11,16,,chant,breath_chant_cycle,1,,1,,false,,,,11,3,389,234,2026-09-23_S01,1,234,0,2.017,2.017,29.747149,-0.104,0.104,-4.903347,1.458606,1,protocol_valid,3,2.063333,0.052918,2.564693,0.088252,29.091819,5,2.0886,0.072789,3.485082,0.121542,28.754742,10,2.0549,0.09602,4.672743,0.132742,29.258279,21,1.857667,0.239881,12.913031,0.145724,32.873883,2026-09-23 08:11,2026-09-23 08,21,257,2026-09-23 08:02:46,2026-09-23 08:11:43,536.761,8.946017,509.84,247,2.181955,1.7825,6.549586,300.170474,9.221093,1.150612,0.8,104.089,0.75625,37.185837,33.660592,11.959017,32.16014,43.525346,30.846328,-12.679018,-1.897721,27.498272,2,309,309,4,11.167883,2026-09-23 08:02:46,2026-09-23 09:10:12,2.196961,1.906,5.885197,267.879029,8.281836,0.98947,0.8,104.089,0.753,35.359873,31.479538,11.595809,32.793695,154,-12.80929,232,41.764518,2.248767,232,41.764518,2.248767,232,41.764518,2.248767
legacy_391,legacy,nam_mo_a_mi_tuo_fo_phase_marker_v1,self_timed_phase_locked_respiration_chant,南無阿彌陀佛,南無,阿,彌陀佛,inspiration_to_expiration_transition,interval_between_two_consecutive_same_phase_taps,2026-09-23,08:11:18,2026-09-23 08:11:18,1790125878370,420,Wed,3,8,11,18,,chant,breath_chant_cycle,1,,1,,false,,,,11,4,390,235,2026-09-23_S01,1,235,0,1.95,1.95,30.769231,-0.067,0.067,-3.321765,1.022082,1,protocol_valid,3,2.029333,0.086165,4.245955,0.087479,29.601641,5,2.068,0.096195,4.651601,0.102433,29.063483,10,2.065,0.074958,3.629916,0.104375,29.090205,21,1.883857,0.216278,11.480577,0.145769,32.298269,2026-09-23 08:11,2026-09-23 08,21,257,2026-09-23 08:02:46,2026-09-23 08:11:43,536.761,8.946017,511.79,247,2.181955,1.7825,6.549586,300.170474,9.221093,1.150612,0.8,104.089,0.75625,37.185837,33.660592,11.959017,32.16014,43.525346,30.846328,-12.679018,-1.897721,27.498272,2,309,309,4,11.167883,2026-09-23 08:02:46,2026-09-23 09:10:12,2.196961,1.906,5.885197,267.879029,8.281836,0.98947,0.8,104.089,0.753,35.359873,31.479538,11.595809,32.793695,154,-12.80929,232,41.764518,2.248767,232,41.764518,2.248767,232,41.764518,2.248767
legacy_392,legacy,nam_mo_a_mi_tuo_fo_phase_marker_v1,self_timed_phase_locked_respiration_chant,南無阿彌陀佛,南無,阿,彌陀佛,inspiration_to_expiration_transition,interval_between_two_consecutive_same_phase_taps,2026-09-23,08:11:20,2026-09-23 08:11:20,1790125880323,420,Wed,3,8,11,20,,chant,breath_chant_cycle,1,,1,,false,,,,11,5,391,236,2026-09-23_S01,1,236,0,1.953,1.953,30.721966,0.003,0.003,0.153846,-0.047265,1,protocol_valid,3,1.973333,0.037846,1.917881,0.047424,30.412782,5,2.0186,0.071786,3.556251,0.070843,29.753331,10,2.0499,0.081179,3.960165,0.10438,29.310691,21,1.913286,0.176192,9.208854,0.131852,31.621037,2026-09-23 08:11,2026-09-23 08,21,257,2026-09-23 08:02:46,2026-09-23 08:11:43,536.761,8.946017,513.743,247,2.181955,1.7825,6.549586,300.170474,9.221093,1.150612,0.8,104.089,0.75625,37.185837,33.660592,11.959017,32.16014,43.525346,30.846328,-12.679018,-1.897721,27.498272,2,309,309,4,11.167883,2026-09-23 08:02:46,2026-09-23 09:10:12,2.196961,1.906,5.885197,267.879029,8.281836,0.98947,0.8,104.089,0.753,35.359873,31.479538,11.595809,32.793695,154,-12.80929,232,41.764518,2.248767,232,41.764518,2.248767,232,41.764518,2.248767
legacy_393,legacy,nam_mo_a_mi_tuo_fo_phase_marker_v1,self_timed_phase_locked_respiration_chant,南無阿彌陀佛,南無,阿,彌陀佛,inspiration_to_expiration_transition,interval_between_two_consecutive_same_phase_taps,2026-09-23,08:11:22,2026-09-23 08:11:22,1790125882290,420,Wed,3,8,11,22,,chant,breath_chant_cycle,1,,1,,false,,,,11,6,392,237,2026-09-23_S01,1,237,0,1.967,1.967,30.503305,0.014,0.014,0.716846,-0.218662,1,protocol_valid,3,1.956667,0.009074,0.463736,0.010124,30.664834,5,2.0016,0.071964,3.595318,0.06227,30.006039,10,2.0363,0.082673,4.059984,0.093813,29.507954,21,1.930143,0.162422,8.415012,0.120377,31.302253,2026-09-23 08:11,2026-09-23 08,21,257,2026-09-23 08:02:46,2026-09-23 08:11:43,536.761,8.946017,515.71,247,2.181955,1.7825,6.549586,300.170474,9.221093,1.150612,0.8,104.089,0.75625,37.185837,33.660592,11.959017,32.16014,43.525346,30.846328,-12.679018,-1.897721,27.498272,2,309,309,4,11.167883,2026-09-23 08:02:46,2026-09-23 09:10:12,2.196961,1.906,5.885197,267.879029,8.281836,0.98947,0.8,104.089,0.753,35.359873,31.479538,11.595809,32.793695,154,-12.80929,232,41.764518,2.248767,232,41.764518,2.248767,232,41.764518,2.248767
legacy_394,legacy,nam_mo_a_mi_tuo_fo_phase_marker_v1,self_timed_phase_locked_respiration_chant,南無阿彌陀佛,南無,阿,彌陀佛,inspiration_to_expiration_transition,interval_between_two_consecutive_same_phase_taps,2026-09-23,08:11:24,2026-09-23 08:11:24,1790125884259,420,Wed,3,8,11,24,,chant,breath_chant_cycle,1,,1,,false,,,,11,7,393,238,2026-09-23_S01,1,238,0,1.969,1.969,30.472321,0.002,0.002,0.101678,-0.030984,1,protocol_valid,3,1.963,0.008718,0.444106,0.01,30.565864,5,1.9712,0.02693,1.366149,0.034271,30.442794,10,2.0367,0.082299,4.0408,0.084861,29.501751,21,1.935619,0.161663,8.352009,0.118408,31.212247,2026-09-23 08:11,2026-09-23 08,21,257,2026-09-23 08:02:46,2026-09-23 08:11:43,536.761,8.946017,517.679,247,2.181955,1.7825,6.549586,300.170474,9.221093,1.150612,0.8,104.089,0.75625,37.185837,33.660592,11.959017,32.16014,43.525346,30.846328,-12.679018,-1.897721,27.498272,2,309,309,4,11.167883,2026-09-23 08:02:46,2026-09-23 09:10:12,2.196961,1.906,5.885197,267.879029,8.281836,0.98947,0.8,104.089,0.753,35.359873,31.479538,11.595809,32.793695,154,-12.80929,232,41.764518,2.248767,232,41.764518,2.248767,232,41.764518,2.248767
legacy_395,legacy,nam_mo_a_mi_tuo_fo_phase_marker_v1,self_timed_phase_locked_respiration_chant,南無阿彌陀佛,南無,阿,彌陀佛,inspiration_to_expiration_transition,interval_between_two_consecutive_same_phase_taps,2026-09-23,08:11:26,2026-09-23 08:11:26,1790125886509,420,Wed,3,8,11,26,,chant,breath_chant_cycle,1,,1,,false,,,,11,8,394,239,2026-09-23_S01,1,239,0,2.25,2.25,26.666667,0.281,0.281,14.271204,-3.805654,1,protocol_valid,3,2.062,0.162816,7.896016,0.198702,29.214097,5,2.0178,0.130072,6.446224,0.140686,29.826698,10,2.0532,0.106144,5.169703,0.12594,29.29072,21,1.949857,0.175647,9.008222,0.117929,31.017638,2026-09-23 08:11,2026-09-23 08,21,257,2026-09-23 08:02:46,2026-09-23 08:11:43,536.761,8.946017,519.929,247,2.181955,1.7825,6.549586,300.170474,9.221093,1.150612,0.8,104.089,0.75625,37.185837,33.660592,11.959017,32.16014,43.525346,30.846328,-12.679018,-1.897721,27.498272,2,309,309,4,11.167883,2026-09-23 08:02:46,2026-09-23 09:10:12,2.196961,1.906,5.885197,267.879029,8.281836,0.98947,0.8,104.089,0.753,35.359873,31.479538,11.595809,32.793695,154,-12.80929,232,41.764518,2.248767,232,41.764518,2.248767,232,41.764518,2.248767
legacy_396,legacy,nam_mo_a_mi_tuo_fo_phase_marker_v1,self_timed_phase_locked_respiration_chant,南無阿彌陀佛,南無,阿,彌陀佛,inspiration_to_expiration_transition,interval_between_two_consecutive_same_phase_taps,2026-09-23,08:11:28,2026-09-23 08:11:28,1790125888761,420,Wed,3,8,11,28,,chant,breath_chant_cycle,1,,1,,false,,,,11,9,395,240,2026-09-23_S01,1,240,0,2.252,2.252,26.642984,0.002,0.002,0.088889,-0.023683,1,protocol_valid,3,2.157,0.162816,7.548254,0.198702,27.927324,5,2.0782,0.157866,7.596289,0.140681,29.001448,10,2.0731,0.123361,5.950546,0.116019,29.032466,21,1.977762,0.174843,8.840464,0.116276,30.571379,2026-09-23 08:11,2026-09-23 08,21,257,2026-09-23 08:02:46,2026-09-23 08:11:43,536.761,8.946017,522.181,247,2.181955,1.7825,6.549586,300.170474,9.221093,1.150612,0.8,104.089,0.75625,37.185837,33.660592,11.959017,32.16014,43.525346,30.846328,-12.679018,-1.897721,27.498272,2,309,309,4,11.167883,2026-09-23 08:02:46,2026-09-23 09:10:12,2.196961,1.906,5.885197,267.879029,8.281836,0.98947,0.8,104.089,0.753,35.359873,31.479538,11.595809,32.793695,154,-12.80929,232,41.764518,2.248767,232,41.764518,2.248767,232,41.764518,2.248767
legacy_397,legacy,nam_mo_a_mi_tuo_fo_phase_marker_v1,self_timed_phase_locked_respiration_chant,南無阿彌陀佛,南無,阿,彌陀佛,inspiration_to_expiration_transition,interval_between_two_consecutive_same_phase_taps,2026-09-23,08:11:30,2026-09-23 08:11:30,1790125890866,420,Wed,3,8,11,30,,chant,breath_chant_cycle,1,,1,,false,,,,11,10,396,241,2026-09-23_S01,1,241,0,2.105,2.105,28.503563,-0.147,0.147,-6.527531,1.860579,1,protocol_valid,3,2.202333,0.084299,3.827716,0.103954,27.271071,5,2.1086,0.141518,6.71146,0.15857,28.557768,10,2.0636,0.115937,5.618189,0.115878,29.155549,21,1.994476,0.169065,8.476645,0.120671,30.299762,2026-09-23 08:11,2026-09-23 08,21,257,2026-09-23 08:02:46,2026-09-23 08:11:43,536.761,8.946017,524.286,247,2.181955,1.7825,6.549586,300.170474,9.221093,1.150612,0.8,104.089,0.75625,37.185837,33.660592,11.959017,32.16014,43.525346,30.846328,-12.679018,-1.897721,27.498272,2,309,309,4,11.167883,2026-09-23 08:02:46,2026-09-23 09:10:12,2.196961,1.906,5.885197,267.879029,8.281836,0.98947,0.8,104.089,0.753,35.359873,31.479538,11.595809,32.793695,154,-12.80929,232,41.764518,2.248767,232,41.764518,2.248767,232,41.764518,2.248767
legacy_398,legacy,nam_mo_a_mi_tuo_fo_phase_marker_v1,self_timed_phase_locked_respiration_chant,南無阿彌陀佛,南無,阿,彌陀佛,inspiration_to_expiration_transition,interval_between_two_consecutive_same_phase_taps,2026-09-23,08:11:33,2026-09-23 08:11:33,1790125893264,420,Wed,3,8,11,33,,chant,breath_chant_cycle,1,,1,,false,,,,11,11,397,242,2026-09-23_S01,1,242,0,2.398,2.398,25.020851,0.293,0.293,13.91924,-3.482712,1,protocol_valid,3,2.251667,0.1465,6.506304,0.231795,26.722466,5,2.1948,0.163293,7.440008,0.215884,27.461277,10,2.0982,0.156592,7.463161,0.149791,28.733658,21,2.02381,0.183204,9.052427,0.135048,29.887896,2026-09-23 08:11,2026-09-23 08,21,257,2026-09-23 08:02:46,2026-09-23 08:11:43,536.761,8.946017,526.684,247,2.181955,1.7825,6.549586,300.170474,9.221093,1.150612,0.8,104.089,0.75625,37.185837,33.660592,11.959017,32.16014,43.525346,30.846328,-12.679018,-1.897721,27.498272,2,309,309,4,11.167883,2026-09-23 08:02:46,2026-09-23 09:10:12,2.196961,1.906,5.885197,267.879029,8.281836,0.98947,0.8,104.089,0.753,35.359873,31.479538,11.595809,32.793695,154,-12.80929,232,41.764518,2.248767,232,41.764518,2.248767,232,41.764518,2.248767
legacy_399,legacy,nam_mo_a_mi_tuo_fo_phase_marker_v1,self_timed_phase_locked_respiration_chant,南無阿彌陀佛,南無,阿,彌陀佛,inspiration_to_expiration_transition,interval_between_two_consecutive_same_phase_taps,2026-09-23,08:11:35,2026-09-23 08:11:35,1790125895483,420,Wed,3,8,11,35,,chant,breath_chant_cycle,1,,1,,false,,,,11,12,398,243,2026-09-23_S01,1,243,0,2.219,2.219,27.039207,-0.179,0.179,-7.464554,2.018356,1,protocol_valid,3,2.240667,0.147697,6.591644,0.242786,26.85454,5,2.2448,0.104593,4.659347,0.186751,26.774654,10,2.108,0.161177,7.645964,0.157467,28.608724,21,2.049905,0.168908,8.239794,0.140694,29.465637,2026-09-23 08:11,2026-09-23 08,21,257,2026-09-23 08:02:46,2026-09-23 08:11:43,536.761,8.946017,528.903,247,2.181955,1.7825,6.549586,300.170474,9.221093,1.150612,0.8,104.089,0.75625,37.185837,33.660592,11.959017,32.16014,43.525346,30.846328,-12.679018,-1.897721,27.498272,2,309,309,4,11.167883,2026-09-23 08:02:46,2026-09-23 09:10:12,2.196961,1.906,5.885197,267.879029,8.281836,0.98947,0.8,104.089,0.753,35.359873,31.479538,11.595809,32.793695,154,-12.80929,232,41.764518,2.248767,232,41.764518,2.248767,232,41.764518,2.248767
legacy_400,legacy,nam_mo_a_mi_tuo_fo_phase_marker_v1,self_timed_phase_locked_respiration_chant,南無阿彌陀佛,南無,阿,彌陀佛,inspiration_to_expiration_transition,interval_between_two_consecutive_same_phase_taps,2026-09-23,08:11:37,2026-09-23 08:11:37,1790125897554,420,Wed,3,8,11,37,,chant,breath_chant_cycle,1,,1,,false,,,,11,13,399,244,2026-09-23_S01,1,244,0,2.071,2.071,28.971511,-0.148,0.148,-6.669671,1.932304,1,protocol_valid,3,2.229333,0.163745,7.345008,0.164233,27.010523,5,2.209,0.129933,5.881968,0.200875,27.235623,10,2.1134,0.158675,7.508021,0.163495,28.531161,21,2.067524,0.148793,7.196694,0.144334,29.165549,2026-09-23 08:11,2026-09-23 08,21,257,2026-09-23 08:02:46,2026-09-23 08:11:43,536.761,8.946017,530.974,247,2.181955,1.7825,6.549586,300.170474,9.221093,1.150612,0.8,104.089,0.75625,37.185837,33.660592,11.959017,32.16014,43.525346,30.846328,-12.679018,-1.897721,27.498272,2,309,309,4,11.167883,2026-09-23 08:02:46,2026-09-23 09:10:12,2.196961,1.906,5.885197,267.879029,8.281836,0.98947,0.8,104.089,0.753,35.359873,31.479538,11.595809,32.793695,154,-12.80929,232,41.764518,2.248767,232,41.764518,2.248767,232,41.764518,2.248767
legacy_401,legacy,nam_mo_a_mi_tuo_fo_phase_marker_v1,self_timed_phase_locked_respiration_chant,南無阿彌陀佛,南無,阿,彌陀佛,inspiration_to_expiration_transition,interval_between_two_consecutive_same_phase_taps,2026-09-23,08:11:39,2026-09-23 08:11:39,1790125899737,420,Wed,3,8,11,39,,chant,breath_chant_cycle,1,,1,,false,,,,11,14,400,245,2026-09-23_S01,1,245,0,2.183,2.183,27.485112,0.112,0.112,5.408015,-1.486399,1,protocol_valid,3,2.157667,0.077184,3.577187,0.13124,27.831943,5,2.1952,0.127872,5.825064,0.195153,27.404049,10,2.1367,0.148815,6.964729,0.167701,28.202749,21,2.088857,0.129614,6.205009,0.144256,28.827596,2026-09-23 08:11,2026-09-23 08,21,257,2026-09-23 08:02:46,2026-09-23 08:11:43,536.761,8.946017,533.157,247,2.181955,1.7825,6.549586,300.170474,9.221093,1.150612,0.8,104.089,0.75625,37.185837,33.660592,11.959017,32.16014,43.525346,30.846328,-12.679018,-1.897721,27.498272,2,309,309,4,11.167883,2026-09-23 08:02:46,2026-09-23 09:10:12,2.196961,1.906,5.885197,267.879029,8.281836,0.98947,0.8,104.089,0.753,35.359873,31.479538,11.595809,32.793695,154,-12.80929,232,41.764518,2.248767,232,41.764518,2.248767,232,41.764518,2.248767
legacy_402,legacy,nam_mo_a_mi_tuo_fo_phase_marker_v1,self_timed_phase_locked_respiration_chant,南無阿彌陀佛,南無,阿,彌陀佛,inspiration_to_expiration_transition,interval_between_two_consecutive_same_phase_taps,2026-09-23,08:11:41,2026-09-23 08:11:41,1790125901588,420,Wed,3,8,11,41,,chant,breath_chant_cycle,1,,1,,false,,,,11,15,401,246,2026-09-23_S01,1,246,0,1.851,1.851,32.414911,-0.332,0.332,-15.208429,4.929799,1,protocol_valid,3,2.035,0.168902,8.299869,0.247758,29.623845,5,2.1444,0.201767,9.409005,0.210186,28.186318,10,2.1265,0.165379,7.777061,0.20087,28.372043,21,2.088952,0.129429,6.195896,0.151887,28.825926,2026-09-23 08:11,2026-09-23 08,21,257,2026-09-23 08:02:46,2026-09-23 08:11:43,536.761,8.946017,535.008,247,2.181955,1.7825,6.549586,300.170474,9.221093,1.150612,0.8,104.089,0.75625,37.185837,33.660592,11.959017,32.16014,43.525346,30.846328,-12.679018,-1.897721,27.498272,2,309,309,4,11.167883,2026-09-23 08:02:46,2026-09-23 09:10:12,2.196961,1.906,5.885197,267.879029,8.281836,0.98947,0.8,104.089,0.753,35.359873,31.479538,11.595809,32.793695,154,-12.80929,232,41.764518,2.248767,232,41.764518,2.248767,232,41.764518,2.248767
legacy_403,legacy,nam_mo_a_mi_tuo_fo_phase_marker_v1,self_timed_phase_locked_respiration_chant,南無阿彌陀佛,南無,阿,彌陀佛,inspiration_to_expiration_transition,interval_between_two_consecutive_same_phase_taps,2026-09-23,08:11:43,2026-09-23 08:11:43,1790125903341,420,Wed,3,8,11,43,,chant,breath_chant_cycle,1,,1,,false,,,,11,16,402,247,2026-09-23_S01,1,247,0,1.753,1.753,34.227039,-0.098,0.098,-5.294435,1.812129,1,protocol_valid,3,1.929,0.225362,11.682837,0.244773,31.375687,5,2.0154,0.205253,10.184232,0.19639,30.027556,10,2.1051,0.198784,9.442961,0.203508,28.744417,21,2.072238,0.148629,7.172376,0.153459,29.097827,2026-09-23 08:11,2026-09-23 08,21,257,2026-09-23 08:02:46,2026-09-23 08:11:43,536.761,8.946017,536.761,247,2.181955,1.7825,6.549586,300.170474,9.221093,1.150612,0.8,104.089,0.75625,37.185837,33.660592,11.959017,32.16014,43.525346,30.846328,-12.679018,-1.897721,27.498272,2,309,309,4,11.167883,2026-09-23 08:02:46,2026-09-23 09:10:12,2.196961,1.906,5.885197,267.879029,8.281836,0.98947,0.8,104.089,0.753,35.359873,31.479538,11.595809,32.793695,154,-12.80929,232,41.764518,2.248767,232,41.764518,2.248767,232,41.764518,2.248767
legacy_404,legacy,nam_mo_a_mi_tuo_fo_phase_marker_v1,self_timed_phase_locked_respiration_chant,南無阿彌陀佛,南無,阿,彌陀佛,inspiration_to_expiration_transition,interval_between_two_consecutive_same_phase_taps,2026-09-23,08:49:27,2026-09-23 08:49:27,1790128167902,420,Wed,3,8,49,27,,chant,breath_chant_cycle,1,,1,,false,,,,11,17,403,248,2026-09-23_S02,2,1,1,2264.561,,,,,,,0,session_start,0,,,,,,0,,,,,,0,,,,,,0,,,,,,2026-09-23 08:49,2026-09-23 08,10,257,2026-09-23 08:49:27,2026-09-23 08:49:43,15.58,0.259667,0,10,1.731111,1.751,0.194726,11.248635,0.270569,0.242375,1.452,2,0.252,35.051771,34.266134,3.936591,11.230791,35.499442,34.693634,-0.805807,-14.304057,34.65982,2,309,309,4,11.167883,2026-09-23 08:02:46,2026-09-23 09:10:12,2.196961,1.906,5.885197,267.879029,8.281836,0.98947,0.8,104.089,0.753,35.359873,31.479538,11.595809,32.793695,154,-12.80929,232,41.764518,2.248767,232,41.764518,2.248767,232,41.764518,2.248767
legacy_405,legacy,nam_mo_a_mi_tuo_fo_phase_marker_v1,self_timed_phase_locked_respiration_chant,南無阿彌陀佛,南無,阿,彌陀佛,inspiration_to_expiration_transition,interval_between_two_consecutive_same_phase_taps,2026-09-23,08:49:29,2026-09-23 08:49:29,1790128169897,420,Wed,3,8,49,29,,chant,breath_chant_cycle,1,,1,,false,,,,11,18,404,249,2026-09-23_S02,2,2,0,1.995,1.995,30.075188,,,,,1,protocol_valid,1,1.995,,,,30.075188,1,1.995,,,,30.075188,1,1.995,,,,30.075188,1,1.995,,,,30.075188,2026-09-23 08:49,2026-09-23 08,10,257,2026-09-23 08:49:27,2026-09-23 08:49:43,15.58,0.259667,1.995,10,1.731111,1.751,0.194726,11.248635,0.270569,0.242375,1.452,2,0.252,35.051771,34.266134,3.936591,11.230791,35.499442,34.693634,-0.805807,-14.304057,34.65982,2,309,309,4,11.167883,2026-09-23 08:02:46,2026-09-23 09:10:12,2.196961,1.906,5.885197,267.879029,8.281836,0.98947,0.8,104.089,0.753,35.359873,31.479538,11.595809,32.793695,154,-12.80929,232,41.764518,2.248767,232,41.764518,2.248767,232,41.764518,2.248767
legacy_406,legacy,nam_mo_a_mi_tuo_fo_phase_marker_v1,self_timed_phase_locked_respiration_chant,南無阿彌陀佛,南無,阿,彌陀佛,inspiration_to_expiration_transition,interval_between_two_consecutive_same_phase_taps,2026-09-23,08:49:31,2026-09-23 08:49:31,1790128171349,420,Wed,3,8,49,31,,chant,breath_chant_cycle,1,,1,,false,,,,11,19,405,250,2026-09-23_S02,2,3,0,1.452,1.452,41.322314,-0.543,0.543,-27.218045,11.247126,1,protocol_valid,2,1.7235,0.383959,22.277864,0.543,35.698751,2,1.7235,0.383959,22.277864,0.543,35.698751,2,1.7235,0.383959,22.277864,0.543,35.698751,2,1.7235,0.383959,22.277864,0.543,35.698751,2026-09-23 08:49,2026-09-23 08,10,257,2026-09-23 08:49:27,2026-09-23 08:49:43,15.58,0.259667,3.447,10,1.731111,1.751,0.194726,11.248635,0.270569,0.242375,1.452,2,0.252,35.051771,34.266134,3.936591,11.230791,35.499442,34.693634,-0.805807,-14.304057,34.65982,2,309,309,4,11.167883,2026-09-23 08:02:46,2026-09-23 09:10:12,2.196961,1.906,5.885197,267.879029,8.281836,0.98947,0.8,104.089,0.753,35.359873,31.479538,11.595809,32.793695,154,-12.80929,232,41.764518,2.248767,232,41.764518,2.248767,232,41.764518,2.248767
legacy_407,legacy,nam_mo_a_mi_tuo_fo_phase_marker_v1,self_timed_phase_locked_respiration_chant,南無阿彌陀佛,南無,阿,彌陀佛,inspiration_to_expiration_transition,interval_between_two_consecutive_same_phase_taps,2026-09-23,08:49:32,2026-09-23 08:49:32,1790128172932,420,Wed,3,8,49,32,,chant,breath_chant_cycle,1,,1,,false,,,,11,20,406,251,2026-09-23_S02,2,4,0,1.583,1.583,37.902716,0.131,0.131,9.022039,-3.419598,1,protocol_valid,3,1.676667,0.283359,16.90014,0.394975,36.433406,3,1.676667,0.283359,16.90014,0.394975,36.433406,3,1.676667,0.283359,16.90014,0.394975,36.433406,3,1.676667,0.283359,16.90014,0.394975,36.433406,2026-09-23 08:49,2026-09-23 08,10,257,2026-09-23 08:49:27,2026-09-23 08:49:43,15.58,0.259667,5.03,10,1.731111,1.751,0.194726,11.248635,0.270569,0.242375,1.452,2,0.252,35.051771,34.266134,3.936591,11.230791,35.499442,34.693634,-0.805807,-14.304057,34.65982,2,309,309,4,11.167883,2026-09-23 08:02:46,2026-09-23 09:10:12,2.196961,1.906,5.885197,267.879029,8.281836,0.98947,0.8,104.089,0.753,35.359873,31.479538,11.595809,32.793695,154,-12.80929,232,41.764518,2.248767,232,41.764518,2.248767,232,41.764518,2.248767
legacy_408,legacy,nam_mo_a_mi_tuo_fo_phase_marker_v1,self_timed_phase_locked_respiration_chant,南無阿彌陀佛,南無,阿,彌陀佛,inspiration_to_expiration_transition,interval_between_two_consecutive_same_phase_taps,2026-09-23,08:49:34,2026-09-23 08:49:34,1790128174767,420,Wed,3,8,49,34,,chant,breath_chant_cycle,1,,1,,false,,,,12,0,407,252,2026-09-23_S02,2,5,0,1.835,1.835,32.697548,0.252,0.252,15.919141,-5.205169,1,protocol_valid,3,1.623333,0.19466,11.991347,0.20083,37.307526,4,1.71625,0.244531,14.248003,0.353796,35.499442,4,1.71625,0.244531,14.248003,0.353796,35.499442,4,1.71625,0.244531,14.248003,0.353796,35.499442,2026-09-23 08:49,2026-09-23 08,10,257,2026-09-23 08:49:27,2026-09-23 08:49:43,15.58,0.259667,6.865,10,1.731111,1.751,0.194726,11.248635,0.270569,0.242375,1.452,2,0.252,35.051771,34.266134,3.936591,11.230791,35.499442,34.693634,-0.805807,-14.304057,34.65982,2,309,309,4,11.167883,2026-09-23 08:02:46,2026-09-23 09:10:12,2.196961,1.906,5.885197,267.879029,8.281836,0.98947,0.8,104.089,0.753,35.359873,31.479538,11.595809,32.793695,154,-12.80929,232,41.764518,2.248767,232,41.764518,2.248767,232,41.764518,2.248767
legacy_409,legacy,nam_mo_a_mi_tuo_fo_phase_marker_v1,self_timed_phase_locked_respiration_chant,南無阿彌陀佛,南無,阿,彌陀佛,inspiration_to_expiration_transition,interval_between_two_consecutive_same_phase_taps,2026-09-23,08:49:36,2026-09-23 08:49:36,1790128176360,420,Wed,3,8,49,36,,chant,breath_chant_cycle,1,,1,,false,,,,12,1,408,253,2026-09-23_S02,2,6,0,1.593,1.593,37.664783,-0.242,0.242,-13.188011,4.967236,1,protocol_valid,3,1.670333,0.142693,8.542794,0.247051,36.088349,5,1.6916,0.218826,12.936034,0.329423,35.93251,5,1.6916,0.218826,12.936034,0.329423,35.93251,5,1.6916,0.218826,12.936034,0.329423,35.93251,2026-09-23 08:49,2026-09-23 08,10,257,2026-09-23 08:49:27,2026-09-23 08:49:43,15.58,0.259667,8.458,10,1.731111,1.751,0.194726,11.248635,0.270569,0.242375,1.452,2,0.252,35.051771,34.266134,3.936591,11.230791,35.499442,34.693634,-0.805807,-14.304057,34.65982,2,309,309,4,11.167883,2026-09-23 08:02:46,2026-09-23 09:10:12,2.196961,1.906,5.885197,267.879029,8.281836,0.98947,0.8,104.089,0.753,35.359873,31.479538,11.595809,32.793695,154,-12.80929,232,41.764518,2.248767,232,41.764518,2.248767,232,41.764518,2.248767
legacy_410,legacy,nam_mo_a_mi_tuo_fo_phase_marker_v1,self_timed_phase_locked_respiration_chant,南無阿彌陀佛,南無,阿,彌陀佛,inspiration_to_expiration_transition,interval_between_two_consecutive_same_phase_taps,2026-09-23,08:49:38,2026-09-23 08:49:38,1790128178111,420,Wed,3,8,49,38,,chant,breath_chant_cycle,1,,1,,false,,,,12,2,409,254,2026-09-23_S02,2,7,0,1.751,1.751,34.266134,0.158,0.158,9.918393,-3.39865,1,protocol_valid,3,1.726333,0.122871,7.117467,0.204362,34.876155,5,1.6428,0.150921,9.186826,0.202604,36.770699,6,1.7015,0.19722,11.590975,0.302999,35.654781,6,1.7015,0.19722,11.590975,0.302999,35.654781,2026-09-23 08:49,2026-09-23 08,10,257,2026-09-23 08:49:27,2026-09-23 08:49:43,15.58,0.259667,10.209,10,1.731111,1.751,0.194726,11.248635,0.270569,0.242375,1.452,2,0.252,35.051771,34.266134,3.936591,11.230791,35.499442,34.693634,-0.805807,-14.304057,34.65982,2,309,309,4,11.167883,2026-09-23 08:02:46,2026-09-23 09:10:12,2.196961,1.906,5.885197,267.879029,8.281836,0.98947,0.8,104.089,0.753,35.359873,31.479538,11.595809,32.793695,154,-12.80929,232,41.764518,2.248767,232,41.764518,2.248767,232,41.764518,2.248767
legacy_411,legacy,nam_mo_a_mi_tuo_fo_phase_marker_v1,self_timed_phase_locked_respiration_chant,南無阿彌陀佛,南無,阿,彌陀佛,inspiration_to_expiration_transition,interval_between_two_consecutive_same_phase_taps,2026-09-23,08:49:39,2026-09-23 08:49:39,1790128179680,420,Wed,3,8,49,39,,chant,breath_chant_cycle,1,,1,,false,,,,12,3,410,255,2026-09-23_S02,2,8,0,1.569,1.569,38.240918,-0.182,0.182,-10.394061,3.974784,1,protocol_valid,3,1.637667,0.09888,6.037883,0.170423,36.723945,5,1.6662,0.119805,7.190304,0.212224,36.15442,7,1.682571,0.186872,11.106356,0.286405,36.024229,7,1.682571,0.186872,11.106356,0.286405,36.024229,2026-09-23 08:49,2026-09-23 08,10,257,2026-09-23 08:49:27,2026-09-23 08:49:43,15.58,0.259667,11.778,10,1.731111,1.751,0.194726,11.248635,0.270569,0.242375,1.452,2,0.252,35.051771,34.266134,3.936591,11.230791,35.499442,34.693634,-0.805807,-14.304057,34.65982,2,309,309,4,11.167883,2026-09-23 08:02:46,2026-09-23 09:10:12,2.196961,1.906,5.885197,267.879029,8.281836,0.98947,0.8,104.089,0.753,35.359873,31.479538,11.595809,32.793695,154,-12.80929,232,41.764518,2.248767,232,41.764518,2.248767,232,41.764518,2.248767
legacy_412,legacy,nam_mo_a_mi_tuo_fo_phase_marker_v1,self_timed_phase_locked_respiration_chant,南無阿彌陀佛,南無,阿,彌陀佛,inspiration_to_expiration_transition,interval_between_two_consecutive_same_phase_taps,2026-09-23,08:49:41,2026-09-23 08:49:41,1790128181482,420,Wed,3,8,49,41,,chant,breath_chant_cycle,1,,1,,false,,,,12,4,411,256,2026-09-23_S02,2,9,0,1.802,1.802,33.296337,0.233,0.233,14.850223,-4.94458,1,protocol_valid,3,1.707333,0.122484,7.173995,0.209061,35.267796,5,1.71,0.121799,7.122749,0.206725,35.233144,8,1.6975,0.178088,10.491208,0.279401,35.683242,8,1.6975,0.178088,10.491208,0.279401,35.683242,2026-09-23 08:49,2026-09-23 08,10,257,2026-09-23 08:49:27,2026-09-23 08:49:43,15.58,0.259667,13.58,10,1.731111,1.751,0.194726,11.248635,0.270569,0.242375,1.452,2,0.252,35.051771,34.266134,3.936591,11.230791,35.499442,34.693634,-0.805807,-14.304057,34.65982,2,309,309,4,11.167883,2026-09-23 08:02:46,2026-09-23 09:10:12,2.196961,1.906,5.885197,267.879029,8.281836,0.98947,0.8,104.089,0.753,35.359873,31.479538,11.595809,32.793695,154,-12.80929,232,41.764518,2.248767,232,41.764518,2.248767,232,41.764518,2.248767
legacy_413,legacy,nam_mo_a_mi_tuo_fo_phase_marker_v1,self_timed_phase_locked_respiration_chant,南無阿彌陀佛,南無,阿,彌陀佛,inspiration_to_expiration_transition,interval_between_two_consecutive_same_phase_taps,2026-09-23,08:49:43,2026-09-23 08:49:43,1790128183482,420,Wed,3,8,49,43,,chant,breath_chant_cycle,1,,1,,false,,,,12,5,412,257,2026-09-23_S02,2,10,0,2,2,30,0.198,0.198,10.987791,-3.296337,1,protocol_valid,3,1.790333,0.215737,12.050087,0.216209,33.845752,5,1.743,0.174907,10.034832,0.194667,34.693634,9,1.731111,0.194726,11.248635,0.270569,35.051771,9,1.731111,0.194726,11.248635,0.270569,35.051771,2026-09-23 08:49,2026-09-23 08,10,257,2026-09-23 08:49:27,2026-09-23 08:49:43,15.58,0.259667,15.58,10,1.731111,1.751,0.194726,11.248635,0.270569,0.242375,1.452,2,0.252,35.051771,34.266134,3.936591,11.230791,35.499442,34.693634,-0.805807,-14.304057,34.65982,2,309,309,4,11.167883,2026-09-23 08:02:46,2026-09-23 09:10:12,2.196961,1.906,5.885197,267.879029,8.281836,0.98947,0.8,104.089,0.753,35.359873,31.479538,11.595809,32.793695,154,-12.80929,232,41.764518,2.248767,232,41.764518,2.248767,232,41.764518,2.248767
legacy_414,legacy,nam_mo_a_mi_tuo_fo_phase_marker_v1,self_timed_phase_locked_respiration_chant,南無阿彌陀佛,南無,阿,彌陀佛,inspiration_to_expiration_transition,interval_between_two_consecutive_same_phase_taps,2026-09-23,09:05:14,2026-09-23 09:05:14,1790129114946,420,Wed,3,9,5,14,,chant,breath_chant_cycle,1,,1,,false,,,,12,6,413,258,2026-09-23_S03,3,1,1,931.464,,,,,,,0,session_start,0,,,,,,0,,,,,,0,,,,,,0,,,,,,2026-09-23 09:05,2026-09-23 09,10,52,2026-09-23 09:05:14,2026-09-23 09:05:32,18.039,0.30065,0,10,2.004333,2.052,0.231998,11.57484,0.331447,0.2645,1.652,2.385,0.346,30.303498,29.239766,3.601639,11.885225,29.734696,30.75854,1.023844,0.723823,29.935141,2,309,309,4,11.167883,2026-09-23 08:02:46,2026-09-23 09:10:12,2.196961,1.906,5.885197,267.879029,8.281836,0.98947,0.8,104.089,0.753,35.359873,31.479538,11.595809,32.793695,154,-12.80929,232,41.764518,2.248767,232,41.764518,2.248767,232,41.764518,2.248767
legacy_415,legacy,nam_mo_a_mi_tuo_fo_phase_marker_v1,self_timed_phase_locked_respiration_chant,南無阿彌陀佛,南無,阿,彌陀佛,inspiration_to_expiration_transition,interval_between_two_consecutive_same_phase_taps,2026-09-23,09:05:16,2026-09-23 09:05:16,1790129116744,420,Wed,3,9,5,16,,chant,breath_chant_cycle,1,,1,,false,,,,12,7,414,259,2026-09-23_S03,3,2,0,1.798,1.798,33.370412,,,,,1,protocol_valid,1,1.798,,,,33.370412,1,1.798,,,,33.370412,1,1.798,,,,33.370412,1,1.798,,,,33.370412,2026-09-23 09:05,2026-09-23 09,10,52,2026-09-23 09:05:14,2026-09-23 09:05:32,18.039,0.30065,1.798,10,2.004333,2.052,0.231998,11.57484,0.331447,0.2645,1.652,2.385,0.346,30.303498,29.239766,3.601639,11.885225,29.734696,30.75854,1.023844,0.723823,29.935141,2,309,309,4,11.167883,2026-09-23 08:02:46,2026-09-23 09:10:12,2.196961,1.906,5.885197,267.879029,8.281836,0.98947,0.8,104.089,0.753,35.359873,31.479538,11.595809,32.793695,154,-12.80929,232,41.764518,2.248767,232,41.764518,2.248767,232,41.764518,2.248767
legacy_416,legacy,nam_mo_a_mi_tuo_fo_phase_marker_v1,self_timed_phase_locked_respiration_chant,南無阿彌陀佛,南無,阿,彌陀佛,inspiration_to_expiration_transition,interval_between_two_consecutive_same_phase_taps,2026-09-23,09:05:18,2026-09-23 09:05:18,1790129118857,420,Wed,3,9,5,18,,chant,breath_chant_cycle,1,,1,,false,,,,12,8,415,260,2026-09-23_S03,3,3,0,2.113,2.113,28.395646,0.315,0.315,17.519466,-4.974766,1,protocol_valid,2,1.9555,0.222739,11.390367,0.315,30.883029,2,1.9555,0.222739,11.390367,0.315,30.883029,2,1.9555,0.222739,11.390367,0.315,30.883029,2,1.9555,0.222739,11.390367,0.315,30.883029,2026-09-23 09:05,2026-09-23 09,10,52,2026-09-23 09:05:14,2026-09-23 09:05:32,18.039,0.30065,3.911,10,2.004333,2.052,0.231998,11.57484,0.331447,0.2645,1.652,2.385,0.346,30.303498,29.239766,3.601639,11.885225,29.734696,30.75854,1.023844,0.723823,29.935141,2,309,309,4,11.167883,2026-09-23 08:02:46,2026-09-23 09:10:12,2.196961,1.906,5.885197,267.879029,8.281836,0.98947,0.8,104.089,0.753,35.359873,31.479538,11.595809,32.793695,154,-12.80929,232,41.764518,2.248767,232,41.764518,2.248767,232,41.764518,2.248767
legacy_417,legacy,nam_mo_a_mi_tuo_fo_phase_marker_v1,self_timed_phase_locked_respiration_chant,南無阿彌陀佛,南無,阿,彌陀佛,inspiration_to_expiration_transition,interval_between_two_consecutive_same_phase_taps,2026-09-23,09:05:21,2026-09-23 09:05:21,1790129121005,420,Wed,3,9,5,21,,chant,breath_chant_cycle,1,,1,,false,,,,12,9,416,261,2026-09-23_S03,3,4,0,2.148,2.148,27.932961,0.035,0.035,1.656413,-0.462685,1,protocol_valid,3,2.019667,0.192765,9.544395,0.224109,29.899673,3,2.019667,0.192765,9.544395,0.224109,29.899673,3,2.019667,0.192765,9.544395,0.224109,29.899673,3,2.019667,0.192765,9.544395,0.224109,29.899673,2026-09-23 09:05,2026-09-23 09,10,52,2026-09-23 09:05:14,2026-09-23 09:05:32,18.039,0.30065,6.059,10,2.004333,2.052,0.231998,11.57484,0.331447,0.2645,1.652,2.385,0.346,30.303498,29.239766,3.601639,11.885225,29.734696,30.75854,1.023844,0.723823,29.935141,2,309,309,4,11.167883,2026-09-23 08:02:46,2026-09-23 09:10:12,2.196961,1.906,5.885197,267.879029,8.281836,0.98947,0.8,104.089,0.753,35.359873,31.479538,11.595809,32.793695,154,-12.80929,232,41.764518,2.248767,232,41.764518,2.248767,232,41.764518,2.248767
legacy_418,legacy,nam_mo_a_mi_tuo_fo_phase_marker_v1,self_timed_phase_locked_respiration_chant,南無阿彌陀佛,南無,阿,彌陀佛,inspiration_to_expiration_transition,interval_between_two_consecutive_same_phase_taps,2026-09-23,09:05:23,2026-09-23 09:05:23,1790129123057,420,Wed,3,9,5,23,,chant,breath_chant_cycle,1,,1,,false,,,,12,10,417,262,2026-09-23_S03,3,5,0,2.052,2.052,29.239766,-0.096,0.096,-4.469274,1.306805,1,protocol_valid,3,2.104333,0.048583,2.308725,0.072253,28.522791,4,2.02775,0.15822,7.802739,0.191194,29.734696,4,2.02775,0.15822,7.802739,0.191194,29.734696,4,2.02775,0.15822,7.802739,0.191194,29.734696,2026-09-23 09:05,2026-09-23 09,10,52,2026-09-23 09:05:14,2026-09-23 09:05:32,18.039,0.30065,8.111,10,2.004333,2.052,0.231998,11.57484,0.331447,0.2645,1.652,2.385,0.346,30.303498,29.239766,3.601639,11.885225,29.734696,30.75854,1.023844,0.723823,29.935141,2,309,309,4,11.167883,2026-09-23 08:02:46,2026-09-23 09:10:12,2.196961,1.906,5.885197,267.879029,8.281836,0.98947,0.8,104.089,0.753,35.359873,31.479538,11.595809,32.793695,154,-12.80929,232,41.764518,2.248767,232,41.764518,2.248767,232,41.764518,2.248767
legacy_419,legacy,nam_mo_a_mi_tuo_fo_phase_marker_v1,self_timed_phase_locked_respiration_chant,南無阿彌陀佛,南無,阿,彌陀佛,inspiration_to_expiration_transition,interval_between_two_consecutive_same_phase_taps,2026-09-23,09:05:24,2026-09-23 09:05:24,1790129124807,420,Wed,3,9,5,24,,chant,breath_chant_cycle,1,,1,,false,,,,12,11,418,263,2026-09-23_S03,3,6,0,1.75,1.75,34.285714,-0.302,0.302,-14.717349,5.045948,1,protocol_valid,3,1.983333,0.207695,10.472031,0.224076,30.486147,5,1.9722,0.184944,9.377537,0.224093,30.6449,5,1.9722,0.184944,9.377537,0.224093,30.6449,5,1.9722,0.184944,9.377537,0.224093,30.6449,2026-09-23 09:05,2026-09-23 09,10,52,2026-09-23 09:05:14,2026-09-23 09:05:32,18.039,0.30065,9.861,10,2.004333,2.052,0.231998,11.57484,0.331447,0.2645,1.652,2.385,0.346,30.303498,29.239766,3.601639,11.885225,29.734696,30.75854,1.023844,0.723823,29.935141,2,309,309,4,11.167883,2026-09-23 08:02:46,2026-09-23 09:10:12,2.196961,1.906,5.885197,267.879029,8.281836,0.98947,0.8,104.089,0.753,35.359873,31.479538,11.595809,32.793695,154,-12.80929,232,41.764518,2.248767,232,41.764518,2.248767,232,41.764518,2.248767
legacy_420,legacy,nam_mo_a_mi_tuo_fo_phase_marker_v1,self_timed_phase_locked_respiration_chant,南無阿彌陀佛,南無,阿,彌陀佛,inspiration_to_expiration_transition,interval_between_two_consecutive_same_phase_taps,2026-09-23,09:05:26,2026-09-23 09:05:26,1790129126804,420,Wed,3,9,5,26,,chant,breath_chant_cycle,1,,1,,false,,,,12,12,419,264,2026-09-23_S03,3,7,0,1.997,1.997,30.045068,0.247,0.247,14.114286,-4.240647,1,protocol_valid,3,1.933,0.160851,8.321307,0.275874,31.190183,5,2.012,0.157453,7.825704,0.201652,29.979831,6,1.976333,0.165728,8.385645,0.228858,30.544928,6,1.976333,0.165728,8.385645,0.228858,30.544928,2026-09-23 09:05,2026-09-23 09,10,52,2026-09-23 09:05:14,2026-09-23 09:05:32,18.039,0.30065,11.858,10,2.004333,2.052,0.231998,11.57484,0.331447,0.2645,1.652,2.385,0.346,30.303498,29.239766,3.601639,11.885225,29.734696,30.75854,1.023844,0.723823,29.935141,2,309,309,4,11.167883,2026-09-23 08:02:46,2026-09-23 09:10:12,2.196961,1.906,5.885197,267.879029,8.281836,0.98947,0.8,104.089,0.753,35.359873,31.479538,11.595809,32.793695,154,-12.80929,232,41.764518,2.248767,232,41.764518,2.248767,232,41.764518,2.248767
legacy_421,legacy,nam_mo_a_mi_tuo_fo_phase_marker_v1,self_timed_phase_locked_respiration_chant,南無阿彌陀佛,南無,阿,彌陀佛,inspiration_to_expiration_transition,interval_between_two_consecutive_same_phase_taps,2026-09-23,09:05:28,2026-09-23 09:05:28,1790129128948,420,Wed,3,9,5,28,,chant,breath_chant_cycle,1,,1,,false,,,,12,13,420,265,2026-09-23_S03,3,8,0,2.144,2.144,27.985075,0.147,0.147,7.361042,-2.059993,1,protocol_valid,3,1.963667,0.199104,10.13939,0.203246,30.771952,5,2.0182,0.162939,8.073494,0.213915,29.897717,7,2.000286,0.164025,8.200084,0.217366,30.179234,7,2.000286,0.164025,8.200084,0.217366,30.179234,2026-09-23 09:05,2026-09-23 09,10,52,2026-09-23 09:05:14,2026-09-23 09:05:32,18.039,0.30065,14.002,10,2.004333,2.052,0.231998,11.57484,0.331447,0.2645,1.652,2.385,0.346,30.303498,29.239766,3.601639,11.885225,29.734696,30.75854,1.023844,0.723823,29.935141,2,309,309,4,11.167883,2026-09-23 08:02:46,2026-09-23 09:10:12,2.196961,1.906,5.885197,267.879029,8.281836,0.98947,0.8,104.089,0.753,35.359873,31.479538,11.595809,32.793695,154,-12.80929,232,41.764518,2.248767,232,41.764518,2.248767,232,41.764518,2.248767
legacy_422,legacy,nam_mo_a_mi_tuo_fo_phase_marker_v1,self_timed_phase_locked_respiration_chant,南無阿彌陀佛,南無,阿,彌陀佛,inspiration_to_expiration_transition,interval_between_two_consecutive_same_phase_taps,2026-09-23,09:05:31,2026-09-23 09:05:31,1790129131333,420,Wed,3,9,5,31,,chant,breath_chant_cycle,1,,1,,false,,,,12,14,421,266,2026-09-23_S03,3,9,0,2.385,2.385,25.157233,0.241,0.241,11.240672,-2.827842,1,protocol_valid,3,2.175333,0.195889,9.004991,0.199612,27.729125,5,2.0656,0.230574,11.16256,0.240782,29.342571,8,2.048375,0.203866,9.95258,0.220897,29.551484,8,2.048375,0.203866,9.95258,0.220897,29.551484,2026-09-23 09:05,2026-09-23 09,10,52,2026-09-23 09:05:14,2026-09-23 09:05:32,18.039,0.30065,16.387,10,2.004333,2.052,0.231998,11.57484,0.331447,0.2645,1.652,2.385,0.346,30.303498,29.239766,3.601639,11.885225,29.734696,30.75854,1.023844,0.723823,29.935141,2,309,309,4,11.167883,2026-09-23 08:02:46,2026-09-23 09:10:12,2.196961,1.906,5.885197,267.879029,8.281836,0.98947,0.8,104.089,0.753,35.359873,31.479538,11.595809,32.793695,154,-12.80929,232,41.764518,2.248767,232,41.764518,2.248767,232,41.764518,2.248767
legacy_423,legacy,nam_mo_a_mi_tuo_fo_phase_marker_v1,self_timed_phase_locked_respiration_chant,南無阿彌陀佛,南無,阿,彌陀佛,inspiration_to_expiration_transition,interval_between_two_consecutive_same_phase_taps,2026-09-23,09:05:32,2026-09-23 09:05:32,1790129132985,420,Wed,3,9,5,32,,chant,breath_chant_cycle,1,,1,,false,,,,12,15,422,267,2026-09-23_S03,3,10,0,1.652,1.652,36.319613,-0.733,0.733,-30.733753,11.16238,1,protocol_valid,3,2.060333,0.373594,18.132688,0.545605,29.82064,5,1.9856,0.296453,14.93014,0.4117,30.75854,9,2.004333,0.231998,11.57484,0.331447,30.303498,9,2.004333,0.231998,11.57484,0.331447,30.303498,2026-09-23 09:05,2026-09-23 09,10,52,2026-09-23 09:05:14,2026-09-23 09:05:32,18.039,0.30065,18.039,10,2.004333,2.052,0.231998,11.57484,0.331447,0.2645,1.652,2.385,0.346,30.303498,29.239766,3.601639,11.885225,29.734696,30.75854,1.023844,0.723823,29.935141,2,309,309,4,11.167883,2026-09-23 08:02:46,2026-09-23 09:10:12,2.196961,1.906,5.885197,267.879029,8.281836,0.98947,0.8,104.089,0.753,35.359873,31.479538,11.595809,32.793695,154,-12.80929,232,41.764518,2.248767,232,41.764518,2.248767,232,41.764518,2.248767
legacy_424,legacy,nam_mo_a_mi_tuo_fo_phase_marker_v1,self_timed_phase_locked_respiration_chant,南無阿彌陀佛,南無,阿,彌陀佛,inspiration_to_expiration_transition,interval_between_two_consecutive_same_phase_taps,2026-09-23,09:05:34,2026-09-23 09:05:34,1790129134970,420,Wed,3,9,5,34,,chant,chant,1,,0,,true,manual_undo,,,12,16,,,,,,,,,,,,,,,,,,,,,,,,,,,,,,,,,,,,,,,,,,,,,,,,,,,,,,,,,,,,,,,,,,,,,,,,,,,,,,,,,,,,,,,,,,,,,,,,,,
legacy_425,legacy,nam_mo_a_mi_tuo_fo_phase_marker_v1,self_timed_phase_locked_respiration_chant,南無阿彌陀佛,南無,阿,彌陀佛,inspiration_to_expiration_transition,interval_between_two_consecutive_same_phase_taps,2026-09-23,09:05:36,2026-09-23 09:05:36,1790129136337,420,Wed,3,9,5,36,,chant,chant,1,,0,,true,manual_undo,,,12,17,,,,,,,,,,,,,,,,,,,,,,,,,,,,,,,,,,,,,,,,,,,,,,,,,,,,,,,,,,,,,,,,,,,,,,,,,,,,,,,,,,,,,,,,,,,,,,,,,,
1790129295817_426,v6_breath_chant_research,nam_mo_a_mi_tuo_fo_phase_marker_v1,self_timed_phase_locked_respiration_chant,南無阿彌陀佛,南無,阿,彌陀佛,inspiration_to_expiration_transition,interval_between_two_consecutive_same_phase_taps,2026-09-23,09:08:15,2026-09-23 09:08:15,1790129295817,420,Wed,3,9,8,15,morning,undo,undo,-1,0,0,0,false,,268,642,12,16,,,,,,,,,,,,,,,,,,,,,,,,,,,,,,,,,,,,,,,,,,,,,,,,,,,,,,,,,,,,,,,,,,,,,,,,,,,,,,,,,,,,,,,,,,,,,,,,,,
1790129297020_427,v6_breath_chant_research,nam_mo_a_mi_tuo_fo_phase_marker_v1,self_timed_phase_locked_respiration_chant,南無阿彌陀佛,南無,阿,彌陀佛,inspiration_to_expiration_transition,interval_between_two_consecutive_same_phase_taps,2026-09-23,09:08:17,2026-09-23 09:08:17,1790129297020,420,Wed,3,9,8,17,morning,undo,undo,-1,0,0,0,false,,267,641,12,15,,,,,,,,,,,,,,,,,,,,,,,,,,,,,,,,,,,,,,,,,,,,,,,,,,,,,,,,,,,,,,,,,,,,,,,,,,,,,,,,,,,,,,,,,,,,,,,,,,
1790129298499_428,v6_breath_chant_research,nam_mo_a_mi_tuo_fo_phase_marker_v1,self_timed_phase_locked_respiration_chant,南無阿彌陀佛,南無,阿,彌陀佛,inspiration_to_expiration_transition,interval_between_two_consecutive_same_phase_taps,2026-09-23,09:08:18,2026-09-23 09:08:18,1790129298499,420,Wed,3,9,8,18,morning,bulk_chant_add,bulk_chant_add,7,0,0,0,false,,274,648,13,1,,,,,,,,,,,,,,,,,,,,,,,,,,,,,,,,,,,,,,,,,,,,,,,,,,,,,,,,,,,,,,,,,,,,,,,,,,,,,,,,,,,,,,,,,,,,,,,,,,
1790129312591_429,v6_breath_chant_research,nam_mo_a_mi_tuo_fo_phase_marker_v1,self_timed_phase_locked_respiration_chant,南無阿彌陀佛,南無,阿,彌陀佛,inspiration_to_expiration_transition,interval_between_two_consecutive_same_phase_taps,2026-09-23,09:08:32,2026-09-23 09:08:32,1790129312591,420,Wed,3,9,8,32,morning,breath_chant_cycle,breath_chant_cycle,1,1,1,1,false,,275,649,13,2,423,268,2026-09-23_S04,4,1,1,179.606,,,,,,,0,session_start,0,,,,,,0,,,,,,0,,,,,,0,,,,,,2026-09-23 09:08,2026-09-23 09,13,52,2026-09-23 09:08:32,2026-09-23 09:10:12,99.693,1.66155,0,42,2.431537,2.269,0.593509,24.408824,0.65096,0.34255,1.903,4.889,0.319,25.581655,26.443367,3.99435,15.614119,25.669614,25.497884,-0.17173,-1.688851,24.675755,2,309,309,4,11.167883,2026-09-23 08:02:46,2026-09-23 09:10:12,2.196961,1.906,5.885197,267.879029,8.281836,0.98947,0.8,104.089,0.753,35.359873,31.479538,11.595809,32.793695,154,-12.80929,232,41.764518,2.248767,232,41.764518,2.248767,232,41.764518,2.248767
1790129314941_430,v6_breath_chant_research,nam_mo_a_mi_tuo_fo_phase_marker_v1,self_timed_phase_locked_respiration_chant,南無阿彌陀佛,南無,阿,彌陀佛,inspiration_to_expiration_transition,interval_between_two_consecutive_same_phase_taps,2026-09-23,09:08:34,2026-09-23 09:08:34,1790129314941,420,Wed,3,9,8,34,morning,breath_chant_cycle,breath_chant_cycle,1,1,1,1,false,,276,650,13,3,424,269,2026-09-23_S04,4,2,0,2.35,2.35,25.531915,,,,,1,protocol_valid,1,2.35,,,,25.531915,1,2.35,,,,25.531915,1,2.35,,,,25.531915,1,2.35,,,,25.531915,2026-09-23 09:08,2026-09-23 09,13,52,2026-09-23 09:08:32,2026-09-23 09:10:12,99.693,1.66155,2.35,42,2.431537,2.269,0.593509,24.408824,0.65096,0.34255,1.903,4.889,0.319,25.581655,26.443367,3.99435,15.614119,25.669614,25.497884,-0.17173,-1.688851,24.675755,2,309,309,4,11.167883,2026-09-23 08:02:46,2026-09-23 09:10:12,2.196961,1.906,5.885197,267.879029,8.281836,0.98947,0.8,104.089,0.753,35.359873,31.479538,11.595809,32.793695,154,-12.80929,232,41.764518,2.248767,232,41.764518,2.248767,232,41.764518,2.248767
1790129317026_431,v6_breath_chant_research,nam_mo_a_mi_tuo_fo_phase_marker_v1,self_timed_phase_locked_respiration_chant,南無阿彌陀佛,南無,阿,彌陀佛,inspiration_to_expiration_transition,interval_between_two_consecutive_same_phase_taps,2026-09-23,09:08:37,2026-09-23 09:08:37,1790129317026,420,Wed,3,9,8,37,morning,breath_chant_cycle,breath_chant_cycle,1,1,1,1,false,,277,651,13,4,425,270,2026-09-23_S04,4,3,0,2.085,2.085,28.776978,-0.265,0.265,-11.276596,3.245064,1,protocol_valid,2,2.2175,0.187383,8.450205,0.265,27.154447,2,2.2175,0.187383,8.450205,0.265,27.154447,2,2.2175,0.187383,8.450205,0.265,27.154447,2,2.2175,0.187383,8.450205,0.265,27.154447,2026-09-23 09:08,2026-09-23 09,13,52,2026-09-23 09:08:32,2026-09-23 09:10:12,99.693,1.66155,4.435,42,2.431537,2.269,0.593509,24.408824,0.65096,0.34255,1.903,4.889,0.319,25.581655,26.443367,3.99435,15.614119,25.669614,25.497884,-0.17173,-1.688851,24.675755,2,309,309,4,11.167883,2026-09-23 08:02:46,2026-09-23 09:10:12,2.196961,1.906,5.885197,267.879029,8.281836,0.98947,0.8,104.089,0.753,35.359873,31.479538,11.595809,32.793695,154,-12.80929,232,41.764518,2.248767,232,41.764518,2.248767,232,41.764518,2.248767
1790129319043_432,v6_breath_chant_research,nam_mo_a_mi_tuo_fo_phase_marker_v1,self_timed_phase_locked_respiration_chant,南無阿彌陀佛,南無,阿,彌陀佛,inspiration_to_expiration_transition,interval_between_two_consecutive_same_phase_taps,2026-09-23,09:08:39,2026-09-23 09:08:39,1790129319043,420,Wed,3,9,8,39,morning,breath_chant_cycle,breath_chant_cycle,1,1,1,1,false,,278,652,13,5,426,271,2026-09-23_S04,4,4,0,2.017,2.017,29.747149,-0.068,0.068,-3.261391,0.970171,1,protocol_valid,3,2.150667,0.175944,8.180911,0.193454,28.018681,3,2.150667,0.175944,8.180911,0.193454,28.018681,3,2.150667,0.175944,8.180911,0.193454,28.018681,3,2.150667,0.175944,8.180911,0.193454,28.018681,2026-09-23 09:08,2026-09-23 09,13,52,2026-09-23 09:08:32,2026-09-23 09:10:12,99.693,1.66155,6.452,42,2.431537,2.269,0.593509,24.408824,0.65096,0.34255,1.903,4.889,0.319,25.581655,26.443367,3.99435,15.614119,25.669614,25.497884,-0.17173,-1.688851,24.675755,2,309,309,4,11.167883,2026-09-23 08:02:46,2026-09-23 09:10:12,2.196961,1.906,5.885197,267.879029,8.281836,0.98947,0.8,104.089,0.753,35.359873,31.479538,11.595809,32.793695,154,-12.80929,232,41.764518,2.248767,232,41.764518,2.248767,232,41.764518,2.248767
1790129321280_433,v6_breath_chant_research,nam_mo_a_mi_tuo_fo_phase_marker_v1,self_timed_phase_locked_respiration_chant,南無阿彌陀佛,南無,阿,彌陀佛,inspiration_to_expiration_transition,interval_between_two_consecutive_same_phase_taps,2026-09-23,09:08:41,2026-09-23 09:08:41,1790129321280,420,Wed,3,9,8,41,morning,breath_chant_cycle,breath_chant_cycle,1,1,1,1,false,,279,653,13,6,427,272,2026-09-23_S04,4,5,0,2.237,2.237,26.821636,0.22,0.22,10.907288,-2.925513,1,protocol_valid,3,2.113,0.112641,5.330858,0.162825,28.448588,4,2.17225,0.150003,6.905423,0.202689,27.71942,4,2.17225,0.150003,6.905423,0.202689,27.71942,4,2.17225,0.150003,6.905423,0.202689,27.71942,2026-09-23 09:08,2026-09-23 09,13,52,2026-09-23 09:08:32,2026-09-23 09:10:12,99.693,1.66155,8.689,42,2.431537,2.269,0.593509,24.408824,0.65096,0.34255,1.903,4.889,0.319,25.581655,26.443367,3.99435,15.614119,25.669614,25.497884,-0.17173,-1.688851,24.675755,2,309,309,4,11.167883,2026-09-23 08:02:46,2026-09-23 09:10:12,2.196961,1.906,5.885197,267.879029,8.281836,0.98947,0.8,104.089,0.753,35.359873,31.479538,11.595809,32.793695,154,-12.80929,232,41.764518,2.248767,232,41.764518,2.248767,232,41.764518,2.248767
1790129324238_434,v6_breath_chant_research,nam_mo_a_mi_tuo_fo_phase_marker_v1,self_timed_phase_locked_respiration_chant,南無阿彌陀佛,南無,阿,彌陀佛,inspiration_to_expiration_transition,interval_between_two_consecutive_same_phase_taps,2026-09-23,09:08:44,2026-09-23 09:08:44,1790129324238,420,Wed,3,9,8,44,morning,breath_chant_cycle,breath_chant_cycle,1,1,1,1,false,,280,654,13,7,428,273,2026-09-23_S04,4,6,0,2.958,2.958,20.283976,0.721,0.721,32.230666,-6.53766,1,protocol_valid,3,2.404,0.492227,20.475315,0.53303,25.617587,5,2.3294,0.374642,16.083179,0.400964,26.232331,5,2.3294,0.374642,16.083179,0.400964,26.232331,5,2.3294,0.374642,16.083179,0.400964,26.232331,2026-09-23 09:08,2026-09-23 09,13,52,2026-09-23 09:08:32,2026-09-23 09:10:12,99.693,1.66155,11.647,42,2.431537,2.269,0.593509,24.408824,0.65096,0.34255,1.903,4.889,0.319,25.581655,26.443367,3.99435,15.614119,25.669614,25.497884,-0.17173,-1.688851,24.675755,2,309,309,4,11.167883,2026-09-23 08:02:46,2026-09-23 09:10:12,2.196961,1.906,5.885197,267.879029,8.281836,0.98947,0.8,104.089,0.753,35.359873,31.479538,11.595809,32.793695,154,-12.80929,232,41.764518,2.248767,232,41.764518,2.248767,232,41.764518,2.248767
1790129326454_435,v6_breath_chant_research,nam_mo_a_mi_tuo_fo_phase_marker_v1,self_timed_phase_locked_respiration_chant,南無阿彌陀佛,南無,阿,彌陀佛,inspiration_to_expiration_transition,interval_between_two_consecutive_same_phase_taps,2026-09-23,09:08:46,2026-09-23 09:08:46,1790129326454,420,Wed,3,9,8,46,morning,breath_chant_cycle,breath_chant_cycle,1,1,1,1,false,,281,655,13,8,429,274,2026-09-23_S04,4,7,0,2.216,2.216,27.075812,-0.742,0.742,-25.084517,6.791837,1,protocol_valid,3,2.470333,0.422462,17.101426,0.731575,24.727141,5,2.3026,0.377581,16.398022,0.52996,26.54111,6,2.3105,0.338273,14.640663,0.488601,26.372911,6,2.3105,0.338273,14.640663,0.488601,26.372911,2026-09-23 09:08,2026-09-23 09,13,52,2026-09-23 09:08:32,2026-09-23 09:10:12,99.693,1.66155,13.863,42,2.431537,2.269,0.593509,24.408824,0.65096,0.34255,1.903,4.889,0.319,25.581655,26.443367,3.99435,15.614119,25.669614,25.497884,-0.17173,-1.688851,24.675755,2,309,309,4,11.167883,2026-09-23 08:02:46,2026-09-23 09:10:12,2.196961,1.906,5.885197,267.879029,8.281836,0.98947,0.8,104.089,0.753,35.359873,31.479538,11.595809,32.793695,154,-12.80929,232,41.764518,2.248767,232,41.764518,2.248767,232,41.764518,2.248767
1790129328521_436,v6_breath_chant_research,nam_mo_a_mi_tuo_fo_phase_marker_v1,self_timed_phase_locked_respiration_chant,南無阿彌陀佛,南無,阿,彌陀佛,inspiration_to_expiration_transition,interval_between_two_consecutive_same_phase_taps,2026-09-23,09:08:48,2026-09-23 09:08:48,1790129328521,420,Wed,3,9,8,48,morning,breath_chant_cycle,breath_chant_cycle,1,1,1,1,false,,282,656,13,9,430,275,2026-09-23_S04,4,8,0,2.067,2.067,29.027576,-0.149,0.149,-6.723827,1.951764,1,protocol_valid,3,2.413667,0.477257,19.773115,0.535147,25.462455,5,2.299,0.380251,16.539825,0.534089,26.59123,7,2.275714,0.322222,14.159174,0.450158,26.752149,7,2.275714,0.322222,14.159174,0.450158,26.752149,2026-09-23 09:08,2026-09-23 09,13,52,2026-09-23 09:08:32,2026-09-23 09:10:12,99.693,1.66155,15.93,42,2.431537,2.269,0.593509,24.408824,0.65096,0.34255,1.903,4.889,0.319,25.581655,26.443367,3.99435,15.614119,25.669614,25.497884,-0.17173,-1.688851,24.675755,2,309,309,4,11.167883,2026-09-23 08:02:46,2026-09-23 09:10:12,2.196961,1.906,5.885197,267.879029,8.281836,0.98947,0.8,104.089,0.753,35.359873,31.479538,11.595809,32.793695,154,-12.80929,232,41.764518,2.248767,232,41.764518,2.248767,232,41.764518,2.248767
1790129330424_437,v6_breath_chant_research,nam_mo_a_mi_tuo_fo_phase_marker_v1,self_timed_phase_locked_respiration_chant,南無阿彌陀佛,南無,阿,彌陀佛,inspiration_to_expiration_transition,interval_between_two_consecutive_same_phase_taps,2026-09-23,09:08:50,2026-09-23 09:08:50,1790129330424,420,Wed,3,9,8,50,morning,breath_chant_cycle,breath_chant_cycle,1,1,1,1,false,,283,657,13,10,431,276,2026-09-23_S04,4,9,0,1.903,1.903,31.529164,-0.164,0.164,-7.934204,2.501588,1,protocol_valid,3,2.062,0.15656,7.592623,0.15668,29.210851,5,2.2762,0.404059,17.751473,0.529033,26.947633,8,2.229125,0.326128,14.630301,0.42135,27.349276,8,2.229125,0.326128,14.630301,0.42135,27.349276,2026-09-23 09:08,2026-09-23 09,13,52,2026-09-23 09:08:32,2026-09-23 09:10:12,99.693,1.66155,17.833,42,2.431537,2.269,0.593509,24.408824,0.65096,0.34255,1.903,4.889,0.319,25.581655,26.443367,3.99435,15.614119,25.669614,25.497884,-0.17173,-1.688851,24.675755,2,309,309,4,11.167883,2026-09-23 08:02:46,2026-09-23 09:10:12,2.196961,1.906,5.885197,267.879029,8.281836,0.98947,0.8,104.089,0.753,35.359873,31.479538,11.595809,32.793695,154,-12.80929,232,41.764518,2.248767,232,41.764518,2.248767,232,41.764518,2.248767
1790129332492_438,v6_breath_chant_research,nam_mo_a_mi_tuo_fo_phase_marker_v1,self_timed_phase_locked_respiration_chant,南無阿彌陀佛,南無,阿,彌陀佛,inspiration_to_expiration_transition,interval_between_two_consecutive_same_phase_taps,2026-09-23,09:08:52,2026-09-23 09:08:52,1790129332492,420,Wed,3,9,8,52,morning,breath_chant_cycle,breath_chant_cycle,1,1,1,1,false,,284,658,13,11,432,277,2026-09-23_S04,4,10,0,2.068,2.068,29.01354,0.165,0.165,8.67052,-2.515625,1,protocol_valid,3,2.012667,0.094975,4.718885,0.164501,29.85676,5,2.2424,0.415076,18.510358,0.395881,27.386014,9,2.211222,0.309756,14.008373,0.398431,27.534194,9,2.211222,0.309756,14.008373,0.398431,27.534194,2026-09-23 09:08,2026-09-23 09,13,52,2026-09-23 09:08:32,2026-09-23 09:10:12,99.693,1.66155,19.901,42,2.431537,2.269,0.593509,24.408824,0.65096,0.34255,1.903,4.889,0.319,25.581655,26.443367,3.99435,15.614119,25.669614,25.497884,-0.17173,-1.688851,24.675755,2,309,309,4,11.167883,2026-09-23 08:02:46,2026-09-23 09:10:12,2.196961,1.906,5.885197,267.879029,8.281836,0.98947,0.8,104.089,0.753,35.359873,31.479538,11.595809,32.793695,154,-12.80929,232,41.764518,2.248767,232,41.764518,2.248767,232,41.764518,2.248767
1790129334627_439,v6_breath_chant_research,nam_mo_a_mi_tuo_fo_phase_marker_v1,self_timed_phase_locked_respiration_chant,南無阿彌陀佛,南無,阿,彌陀佛,inspiration_to_expiration_transition,interval_between_two_consecutive_same_phase_taps,2026-09-23,09:08:54,2026-09-23 09:08:54,1790129334627,420,Wed,3,9,8,54,morning,breath_chant_cycle,breath_chant_cycle,1,1,1,1,false,,285,659,13,12,433,278,2026-09-23_S04,4,11,0,2.135,2.135,28.103044,0.067,0.067,3.239845,-0.910495,1,protocol_valid,3,2.035333,0.1194,5.866355,0.125925,29.548583,5,2.0778,0.115259,5.547178,0.142136,28.949827,10,2.2036,0.293034,13.297968,0.376307,27.591079,10,2.2036,0.293034,13.297968,0.376307,27.591079,2026-09-23 09:08,2026-09-23 09,13,52,2026-09-23 09:08:32,2026-09-23 09:10:12,99.693,1.66155,22.036,42,2.431537,2.269,0.593509,24.408824,0.65096,0.34255,1.903,4.889,0.319,25.581655,26.443367,3.99435,15.614119,25.669614,25.497884,-0.17173,-1.688851,24.675755,2,309,309,4,11.167883,2026-09-23 08:02:46,2026-09-23 09:10:12,2.196961,1.906,5.885197,267.879029,8.281836,0.98947,0.8,104.089,0.753,35.359873,31.479538,11.595809,32.793695,154,-12.80929,232,41.764518,2.248767,232,41.764518,2.248767,232,41.764518,2.248767
1790129336876_440,v6_breath_chant_research,nam_mo_a_mi_tuo_fo_phase_marker_v1,self_timed_phase_locked_respiration_chant,南無阿彌陀佛,南無,阿,彌陀佛,inspiration_to_expiration_transition,interval_between_two_consecutive_same_phase_taps,2026-09-23,09:08:56,2026-09-23 09:08:56,1790129336876,420,Wed,3,9,8,56,morning,breath_chant_cycle,breath_chant_cycle,1,1,1,1,false,,286,660,13,13,434,279,2026-09-23_S04,4,12,0,2.249,2.249,26.678524,0.114,0.114,5.339578,-1.424521,1,protocol_valid,3,2.150667,0.091511,4.255024,0.093501,27.931703,5,2.0844,0.12563,6.027136,0.133796,28.87037,10,2.1935,0.289142,13.18177,0.367761,27.70574,11,2.207727,0.278333,12.607231,0.358812,27.50812,2026-09-23 09:08,2026-09-23 09,13,52,2026-09-23 09:08:32,2026-09-23 09:10:12,99.693,1.66155,24.285,42,2.431537,2.269,0.593509,24.408824,0.65096,0.34255,1.903,4.889,0.319,25.581655,26.443367,3.99435,15.614119,25.669614,25.497884,-0.17173,-1.688851,24.675755,2,309,309,4,11.167883,2026-09-23 08:02:46,2026-09-23 09:10:12,2.196961,1.906,5.885197,267.879029,8.281836,0.98947,0.8,104.089,0.753,35.359873,31.479538,11.595809,32.793695,154,-12.80929,232,41.764518,2.248767,232,41.764518,2.248767,232,41.764518,2.248767
1790129339044_441,v6_breath_chant_research,nam_mo_a_mi_tuo_fo_phase_marker_v1,self_timed_phase_locked_respiration_chant,南無阿彌陀佛,南無,阿,彌陀佛,inspiration_to_expiration_transition,interval_between_two_consecutive_same_phase_taps,2026-09-23,09:08:59,2026-09-23 09:08:59,1790129339044,420,Wed,3,9,8,59,morning,breath_chant_cycle,breath_chant_cycle,1,1,1,1,false,,287,661,13,14,435,280,2026-09-23_S04,4,13,0,2.168,2.168,27.675277,-0.081,0.081,-3.601601,0.996753,1,protocol_valid,3,2.184,0.05866,2.685899,0.098886,27.485615,5,2.1046,0.13017,6.185036,0.113216,28.59991,10,2.2018,0.286864,13.028604,0.368054,27.59557,12,2.204417,0.265628,12.049812,0.342984,27.522049,2026-09-23 09:08,2026-09-23 09,13,52,2026-09-23 09:08:32,2026-09-23 09:10:12,99.693,1.66155,26.453,42,2.431537,2.269,0.593509,24.408824,0.65096,0.34255,1.903,4.889,0.319,25.581655,26.443367,3.99435,15.614119,25.669614,25.497884,-0.17173,-1.688851,24.675755,2,309,309,4,11.167883,2026-09-23 08:02:46,2026-09-23 09:10:12,2.196961,1.906,5.885197,267.879029,8.281836,0.98947,0.8,104.089,0.753,35.359873,31.479538,11.595809,32.793695,154,-12.80929,232,41.764518,2.248767,232,41.764518,2.248767,232,41.764518,2.248767
1790129341399_442,v6_breath_chant_research,nam_mo_a_mi_tuo_fo_phase_marker_v1,self_timed_phase_locked_respiration_chant,南無阿彌陀佛,南無,阿,彌陀佛,inspiration_to_expiration_transition,interval_between_two_consecutive_same_phase_taps,2026-09-23,09:09:01,2026-09-23 09:09:01,1790129341399,420,Wed,3,9,9,1,morning,breath_chant_cycle,breath_chant_cycle,1,1,1,1,false,,288,662,13,15,436,281,2026-09-23_S04,4,14,0,2.355,2.355,25.477707,0.187,0.187,8.625461,-2.19757,1,protocol_valid,3,2.257333,0.093778,4.154376,0.144101,26.610503,5,2.195,0.11065,5.041018,0.121465,27.389618,10,2.2356,0.28255,12.638682,0.366021,27.168626,13,2.216,0.257726,11.630233,0.33279,27.364792,2026-09-23 09:09,2026-09-23 09,24,52,2026-09-23 09:08:32,2026-09-23 09:10:12,99.693,1.66155,28.808,42,2.431537,2.269,0.593509,24.408824,0.65096,0.34255,1.903,4.889,0.319,25.581655,26.443367,3.99435,15.614119,25.669614,25.497884,-0.17173,-1.688851,24.675755,2,309,309,4,11.167883,2026-09-23 08:02:46,2026-09-23 09:10:12,2.196961,1.906,5.885197,267.879029,8.281836,0.98947,0.8,104.089,0.753,35.359873,31.479538,11.595809,32.793695,154,-12.80929,232,41.764518,2.248767,232,41.764518,2.248767,232,41.764518,2.248767
1790129343634_443,v6_breath_chant_research,nam_mo_a_mi_tuo_fo_phase_marker_v1,self_timed_phase_locked_respiration_chant,南無阿彌陀佛,南無,阿,彌陀佛,inspiration_to_expiration_transition,interval_between_two_consecutive_same_phase_taps,2026-09-23,09:09:03,2026-09-23 09:09:03,1790129343634,420,Wed,3,9,9,3,morning,breath_chant_cycle,breath_chant_cycle,1,1,1,1,false,,289,663,13,16,437,282,2026-09-23_S04,4,15,0,2.235,2.235,26.845638,-0.12,0.12,-5.095541,1.367931,1,protocol_valid,3,2.252667,0.094744,4.205838,0.157113,26.666207,5,2.2284,0.084952,3.812231,0.131269,26.956038,10,2.2354,0.28255,12.639795,0.278947,27.171026,14,2.217357,0.247667,11.169475,0.321462,27.32771,2026-09-23 09:09,2026-09-23 09,24,52,2026-09-23 09:08:32,2026-09-23 09:10:12,99.693,1.66155,31.043,42,2.431537,2.269,0.593509,24.408824,0.65096,0.34255,1.903,4.889,0.319,25.581655,26.443367,3.99435,15.614119,25.669614,25.497884,-0.17173,-1.688851,24.675755,2,309,309,4,11.167883,2026-09-23 08:02:46,2026-09-23 09:10:12,2.196961,1.906,5.885197,267.879029,8.281836,0.98947,0.8,104.089,0.753,35.359873,31.479538,11.595809,32.793695,154,-12.80929,232,41.764518,2.248767,232,41.764518,2.248767,232,41.764518,2.248767
1790129345876_444,v6_breath_chant_research,nam_mo_a_mi_tuo_fo_phase_marker_v1,self_timed_phase_locked_respiration_chant,南無阿彌陀佛,南無,阿,彌陀佛,inspiration_to_expiration_transition,interval_between_two_consecutive_same_phase_taps,2026-09-23,09:09:05,2026-09-23 09:09:05,1790129345876,420,Wed,3,9,9,5,morning,breath_chant_cycle,breath_chant_cycle,1,1,1,1,false,,290,664,13,17,438,283,2026-09-23_S04,4,16,0,2.242,2.242,26.76182,0.007,0.007,0.313199,-0.083818,1,protocol_valid,3,2.277333,0.067352,2.957508,0.084997,26.361721,5,2.2498,0.067154,2.984901,0.118299,26.687793,10,2.1638,0.12699,5.868831,0.129007,27.81881,15,2.219,0.238743,10.759028,0.309774,27.289984,2026-09-23 09:09,2026-09-23 09,24,52,2026-09-23 09:08:32,2026-09-23 09:10:12,99.693,1.66155,33.285,42,2.431537,2.269,0.593509,24.408824,0.65096,0.34255,1.903,4.889,0.319,25.581655,26.443367,3.99435,15.614119,25.669614,25.497884,-0.17173,-1.688851,24.675755,2,309,309,4,11.167883,2026-09-23 08:02:46,2026-09-23 09:10:12,2.196961,1.906,5.885197,267.879029,8.281836,0.98947,0.8,104.089,0.753,35.359873,31.479538,11.595809,32.793695,154,-12.80929,232,41.764518,2.248767,232,41.764518,2.248767,232,41.764518,2.248767
1790129348764_445,v6_breath_chant_research,nam_mo_a_mi_tuo_fo_phase_marker_v1,self_timed_phase_locked_respiration_chant,南無阿彌陀佛,南無,阿,彌陀佛,inspiration_to_expiration_transition,interval_between_two_consecutive_same_phase_taps,2026-09-23,09:09:08,2026-09-23 09:09:08,1790129348764,420,Wed,3,9,9,8,morning,breath_chant_cycle,breath_chant_cycle,1,1,1,1,false,,291,665,13,18,439,284,2026-09-23_S04,4,17,0,2.888,2.888,20.775623,0.646,0.646,28.813559,-5.986197,1,protocol_valid,3,2.455,0.375005,15.275166,0.456818,24.79436,5,2.3776,0.293118,12.328324,0.34159,25.507213,10,2.231,0.262831,11.780849,0.246058,27.188791,16,2.260812,0.284905,12.601883,0.342613,26.882836,2026-09-23 09:09,2026-09-23 09,24,52,2026-09-23 09:08:32,2026-09-23 09:10:12,99.693,1.66155,36.173,42,2.431537,2.269,0.593509,24.408824,0.65096,0.34255,1.903,4.889,0.319,25.581655,26.443367,3.99435,15.614119,25.669614,25.497884,-0.17173,-1.688851,24.675755,2,309,309,4,11.167883,2026-09-23 08:02:46,2026-09-23 09:10:12,2.196961,1.906,5.885197,267.879029,8.281836,0.98947,0.8,104.089,0.753,35.359873,31.479538,11.595809,32.793695,154,-12.80929,232,41.764518,2.248767,232,41.764518,2.248767,232,41.764518,2.248767
1790129350997_446,v6_breath_chant_research,nam_mo_a_mi_tuo_fo_phase_marker_v1,self_timed_phase_locked_respiration_chant,南無阿彌陀佛,南無,阿,彌陀佛,inspiration_to_expiration_transition,interval_between_two_consecutive_same_phase_taps,2026-09-23,09:09:10,2026-09-23 09:09:10,1790129350997,420,Wed,3,9,9,10,morning,breath_chant_cycle,breath_chant_cycle,1,1,1,1,false,,292,666,13,19,440,285,2026-09-23_S04,4,18,0,2.233,2.233,26.869682,-0.655,0.655,-22.680055,6.094059,1,protocol_valid,3,2.454333,0.375593,15.303272,0.650516,24.802375,5,2.3906,0.282757,11.827851,0.463894,25.346094,10,2.2476,0.256487,11.411615,0.324385,26.973002,17,2.259176,0.27594,12.214207,0.369948,26.882062,2026-09-23 09:09,2026-09-23 09,24,52,2026-09-23 09:08:32,2026-09-23 09:10:12,99.693,1.66155,38.406,42,2.431537,2.269,0.593509,24.408824,0.65096,0.34255,1.903,4.889,0.319,25.581655,26.443367,3.99435,15.614119,25.669614,25.497884,-0.17173,-1.688851,24.675755,2,309,309,4,11.167883,2026-09-23 08:02:46,2026-09-23 09:10:12,2.196961,1.906,5.885197,267.879029,8.281836,0.98947,0.8,104.089,0.753,35.359873,31.479538,11.595809,32.793695,154,-12.80929,232,41.764518,2.248767,232,41.764518,2.248767,232,41.764518,2.248767
1790129352912_447,v6_breath_chant_research,nam_mo_a_mi_tuo_fo_phase_marker_v1,self_timed_phase_locked_respiration_chant,南無阿彌陀佛,南無,阿,彌陀佛,inspiration_to_expiration_transition,interval_between_two_consecutive_same_phase_taps,2026-09-23,09:09:12,2026-09-23 09:09:12,1790129352912,420,Wed,3,9,9,12,morning,breath_chant_cycle,breath_chant_cycle,1,1,1,1,false,,293,667,13,20,441,286,2026-09-23_S04,4,19,0,1.915,1.915,31.331593,-0.318,0.318,-14.240931,4.461911,1,protocol_valid,3,2.345333,0.496131,21.153981,0.514854,26.325633,5,2.3026,0.355673,15.446583,0.486702,26.516871,10,2.2488,0.254718,11.326844,0.336803,26.953245,18,2.240056,0.279723,12.487337,0.367096,27.129259,2026-09-23 09:09,2026-09-23 09,24,52,2026-09-23 09:08:32,2026-09-23 09:10:12,99.693,1.66155,40.321,42,2.431537,2.269,0.593509,24.408824,0.65096,0.34255,1.903,4.889,0.319,25.581655,26.443367,3.99435,15.614119,25.669614,25.497884,-0.17173,-1.688851,24.675755,2,309,309,4,11.167883,2026-09-23 08:02:46,2026-09-23 09:10:12,2.196961,1.906,5.885197,267.879029,8.281836,0.98947,0.8,104.089,0.753,35.359873,31.479538,11.595809,32.793695,154,-12.80929,232,41.764518,2.248767,232,41.764518,2.248767,232,41.764518,2.248767
1790129357801_448,v6_breath_chant_research,nam_mo_a_mi_tuo_fo_phase_marker_v1,self_timed_phase_locked_respiration_chant,南無阿彌陀佛,南無,阿,彌陀佛,inspiration_to_expiration_transition,interval_between_two_consecutive_same_phase_taps,2026-09-23,09:09:17,2026-09-23 09:09:17,1790129357801,420,Wed,3,9,9,17,morning,breath_chant_cycle,breath_chant_cycle,1,1,1,1,false,,294,668,14,0,442,287,2026-09-23_S04,4,20,0,4.889,4.889,12.272448,2.974,2.974,155.300261,-19.059144,1,protocol_valid,3,3.012333,1.633,54.210471,2.114923,23.491241,5,2.8334,1.202307,42.433354,1.56462,23.602233,10,2.5309,0.864491,34.157435,1.046747,25.279136,19,2.379474,0.665739,27.978434,0.786539,26.347321,2026-09-23 09:09,2026-09-23 09,24,52,2026-09-23 09:08:32,2026-09-23 09:10:12,99.693,1.66155,45.21,42,2.431537,2.269,0.593509,24.408824,0.65096,0.34255,1.903,4.889,0.319,25.581655,26.443367,3.99435,15.614119,25.669614,25.497884,-0.17173,-1.688851,24.675755,2,309,309,4,11.167883,2026-09-23 08:02:46,2026-09-23 09:10:12,2.196961,1.906,5.885197,267.879029,8.281836,0.98947,0.8,104.089,0.753,35.359873,31.479538,11.595809,32.793695,154,-12.80929,232,41.764518,2.248767,232,41.764518,2.248767,232,41.764518,2.248767
1790129362491_449,v6_breath_chant_research,nam_mo_a_mi_tuo_fo_phase_marker_v1,self_timed_phase_locked_respiration_chant,南無阿彌陀佛,南無,阿,彌陀佛,inspiration_to_expiration_transition,interval_between_two_consecutive_same_phase_taps,2026-09-23,09:09:22,2026-09-23 09:09:22,1790129362491,420,Wed,3,9,9,22,morning,breath_chant_cycle,breath_chant_cycle,1,1,1,1,false,,295,669,14,1,443,288,2026-09-23_S04,4,21,0,4.69,4.69,12.793177,-0.199,0.199,-4.070362,0.520729,1,protocol_valid,3,3.831333,1.662573,43.394121,2.107638,18.799073,5,3.323,1.385716,41.700749,1.534147,20.808505,10,2.7864,1.084142,38.908329,1.048158,23.748149,20,2.495,0.828739,33.216004,0.766921,25.669614,2026-09-23 09:09,2026-09-23 09,24,52,2026-09-23 09:08:32,2026-09-23 09:10:12,99.693,1.66155,49.9,42,2.431537,2.269,0.593509,24.408824,0.65096,0.34255,1.903,4.889,0.319,25.581655,26.443367,3.99435,15.614119,25.669614,25.497884,-0.17173,-1.688851,24.675755,2,309,309,4,11.167883,2026-09-23 08:02:46,2026-09-23 09:10:12,2.196961,1.906,5.885197,267.879029,8.281836,0.98947,0.8,104.089,0.753,35.359873,31.479538,11.595809,32.793695,154,-12.80929,232,41.764518,2.248767,232,41.764518,2.248767,232,41.764518,2.248767
1790129365015_450,v6_breath_chant_research,nam_mo_a_mi_tuo_fo_phase_marker_v1,self_timed_phase_locked_respiration_chant,南無阿彌陀佛,南無,阿,彌陀佛,inspiration_to_expiration_transition,interval_between_two_consecutive_same_phase_taps,2026-09-23,09:09:25,2026-09-23 09:09:25,1790129365015,420,Wed,3,9,9,25,morning,breath_chant_cycle,breath_chant_cycle,1,1,1,1,false,,296,670,14,2,444,289,2026-09-23_S04,4,22,0,2.524,2.524,23.771791,-2.166,2.166,-46.183369,10.978614,1,protocol_valid,3,4.034333,1.311766,32.515065,1.538044,16.279139,5,3.2502,1.423333,43.792176,1.849119,21.407738,10,2.8139,1.07242,38.111516,1.272474,23.457476,21,2.496381,0.80778,32.35804,0.890695,25.579241,2026-09-23 09:09,2026-09-23 09,24,52,2026-09-23 09:08:32,2026-09-23 09:10:12,99.693,1.66155,52.424,42,2.431537,2.269,0.593509,24.408824,0.65096,0.34255,1.903,4.889,0.319,25.581655,26.443367,3.99435,15.614119,25.669614,25.497884,-0.17173,-1.688851,24.675755,2,309,309,4,11.167883,2026-09-23 08:02:46,2026-09-23 09:10:12,2.196961,1.906,5.885197,267.879029,8.281836,0.98947,0.8,104.089,0.753,35.359873,31.479538,11.595809,32.793695,154,-12.80929,232,41.764518,2.248767,232,41.764518,2.248767,232,41.764518,2.248767
1790129367417_451,v6_breath_chant_research,nam_mo_a_mi_tuo_fo_phase_marker_v1,self_timed_phase_locked_respiration_chant,南無阿彌陀佛,南無,阿,彌陀佛,inspiration_to_expiration_transition,interval_between_two_consecutive_same_phase_taps,2026-09-23,09:09:27,2026-09-23 09:09:27,1790129367417,420,Wed,3,9,9,27,morning,breath_chant_cycle,breath_chant_cycle,1,1,1,1,false,,297,671,14,3,445,290,2026-09-23_S04,4,23,0,2.402,2.402,24.979184,-0.122,0.122,-4.833597,1.207393,1,protocol_valid,3,3.205333,1.287205,40.158233,1.534021,20.514717,5,3.284,1.394861,42.474444,1.843279,21.029639,10,2.8373,1.059232,37.332409,1.271597,23.187866,21,2.498857,0.807388,32.310306,0.88914,25.552921,2026-09-23 09:09,2026-09-23 09,24,52,2026-09-23 09:08:32,2026-09-23 09:10:12,99.693,1.66155,54.826,42,2.431537,2.269,0.593509,24.408824,0.65096,0.34255,1.903,4.889,0.319,25.581655,26.443367,3.99435,15.614119,25.669614,25.497884,-0.17173,-1.688851,24.675755,2,309,309,4,11.167883,2026-09-23 08:02:46,2026-09-23 09:10:12,2.196961,1.906,5.885197,267.879029,8.281836,0.98947,0.8,104.089,0.753,35.359873,31.479538,11.595809,32.793695,154,-12.80929,232,41.764518,2.248767,232,41.764518,2.248767,232,41.764518,2.248767
1790129369853_452,v6_breath_chant_research,nam_mo_a_mi_tuo_fo_phase_marker_v1,self_timed_phase_locked_respiration_chant,南無阿彌陀佛,南無,阿,彌陀佛,inspiration_to_expiration_transition,interval_between_two_consecutive_same_phase_taps,2026-09-23,09:09:29,2026-09-23 09:09:29,1790129369853,420,Wed,3,9,9,29,morning,breath_chant_cycle,breath_chant_cycle,1,1,1,1,false,,298,672,14,4,446,291,2026-09-23_S04,4,24,0,2.436,2.436,24.630542,0.034,0.034,1.415487,-0.348642,1,protocol_valid,3,2.454,0.06296,2.56562,0.089554,24.460506,5,3.3882,1.281913,37.834623,1.089403,19.689428,10,2.8454,1.055437,37.092759,1.271018,23.10315,21,2.515571,0.802008,31.881731,0.889042,25.355472,2026-09-23 09:09,2026-09-23 09,24,52,2026-09-23 09:08:32,2026-09-23 09:10:12,99.693,1.66155,57.262,42,2.431537,2.269,0.593509,24.408824,0.65096,0.34255,1.903,4.889,0.319,25.581655,26.443367,3.99435,15.614119,25.669614,25.497884,-0.17173,-1.688851,24.675755,2,309,309,4,11.167883,2026-09-23 08:02:46,2026-09-23 09:10:12,2.196961,1.906,5.885197,267.879029,8.281836,0.98947,0.8,104.089,0.753,35.359873,31.479538,11.595809,32.793695,154,-12.80929,232,41.764518,2.248767,232,41.764518,2.248767,232,41.764518,2.248767
1790129372285_453,v6_breath_chant_research,nam_mo_a_mi_tuo_fo_phase_marker_v1,self_timed_phase_locked_respiration_chant,南無阿彌陀佛,南無,阿,彌陀佛,inspiration_to_expiration_transition,interval_between_two_consecutive_same_phase_taps,2026-09-23,09:09:32,2026-09-23 09:09:32,1790129372285,420,Wed,3,9,9,32,morning,breath_chant_cycle,breath_chant_cycle,1,1,1,1,false,,299,673,14,5,447,292,2026-09-23_S04,4,25,0,2.432,2.432,24.671053,-0.004,0.004,-0.164204,0.040511,1,protocol_valid,3,2.423333,0.018583,0.766842,0.024207,24.76026,5,2.8968,1.003463,34.640383,1.084852,22.169149,10,2.8651,1.044561,36.458088,1.271017,22.885691,21,2.535333,0.794183,31.324604,0.887681,25.113753,2026-09-23 09:09,2026-09-23 09,24,52,2026-09-23 09:08:32,2026-09-23 09:10:12,99.693,1.66155,59.694,42,2.431537,2.269,0.593509,24.408824,0.65096,0.34255,1.903,4.889,0.319,25.581655,26.443367,3.99435,15.614119,25.669614,25.497884,-0.17173,-1.688851,24.675755,2,309,309,4,11.167883,2026-09-23 08:02:46,2026-09-23 09:10:12,2.196961,1.906,5.885197,267.879029,8.281836,0.98947,0.8,104.089,0.753,35.359873,31.479538,11.595809,32.793695,154,-12.80929,232,41.764518,2.248767,232,41.764518,2.248767,232,41.764518,2.248767
1790129374473_454,v6_breath_chant_research,nam_mo_a_mi_tuo_fo_phase_marker_v1,self_timed_phase_locked_respiration_chant,南無阿彌陀佛,南無,阿,彌陀佛,inspiration_to_expiration_transition,interval_between_two_consecutive_same_phase_taps,2026-09-23,09:09:34,2026-09-23 09:09:34,1790129374473,420,Wed,3,9,9,34,morning,breath_chant_cycle,breath_chant_cycle,1,1,1,1,false,,300,674,14,6,448,293,2026-09-23_S04,4,26,0,2.188,2.188,27.422303,-0.244,0.244,-10.032895,2.751251,1,protocol_valid,3,2.352,0.142042,6.039211,0.172557,25.574633,5,2.3964,0.125079,5.219461,0.13747,25.094975,10,2.8597,1.048273,36.656739,1.255281,22.95174,21,2.533,0.795175,31.39261,0.874621,25.142356,2026-09-23 09:09,2026-09-23 09,24,52,2026-09-23 09:08:32,2026-09-23 09:10:12,99.693,1.66155,61.882,42,2.431537,2.269,0.593509,24.408824,0.65096,0.34255,1.903,4.889,0.319,25.581655,26.443367,3.99435,15.614119,25.669614,25.497884,-0.17173,-1.688851,24.675755,2,309,309,4,11.167883,2026-09-23 08:02:46,2026-09-23 09:10:12,2.196961,1.906,5.885197,267.879029,8.281836,0.98947,0.8,104.089,0.753,35.359873,31.479538,11.595809,32.793695,154,-12.80929,232,41.764518,2.248767,232,41.764518,2.248767,232,41.764518,2.248767
1790129376707_455,v6_breath_chant_research,nam_mo_a_mi_tuo_fo_phase_marker_v1,self_timed_phase_locked_respiration_chant,南無阿彌陀佛,南無,阿,彌陀佛,inspiration_to_expiration_transition,interval_between_two_consecutive_same_phase_taps,2026-09-23,09:09:36,2026-09-23 09:09:36,1790129376707,420,Wed,3,9,9,36,morning,breath_chant_cycle,breath_chant_cycle,1,1,1,1,false,,301,675,14,7,449,294,2026-09-23_S04,4,27,0,2.234,2.234,26.857654,0.046,0.046,2.102377,-0.564649,1,protocol_valid,3,2.284667,0.129651,5.674824,0.175573,26.317004,5,2.3384,0.118164,5.053211,0.125324,25.712147,10,2.7943,1.066553,38.168865,1.236243,23.559943,21,2.498524,0.791514,31.679249,0.858801,25.455388,2026-09-23 09:09,2026-09-23 09,24,52,2026-09-23 09:08:32,2026-09-23 09:10:12,99.693,1.66155,64.116,42,2.431537,2.269,0.593509,24.408824,0.65096,0.34255,1.903,4.889,0.319,25.581655,26.443367,3.99435,15.614119,25.669614,25.497884,-0.17173,-1.688851,24.675755,2,309,309,4,11.167883,2026-09-23 08:02:46,2026-09-23 09:10:12,2.196961,1.906,5.885197,267.879029,8.281836,0.98947,0.8,104.089,0.753,35.359873,31.479538,11.595809,32.793695,154,-12.80929,232,41.764518,2.248767,232,41.764518,2.248767,232,41.764518,2.248767
1790129378876_456,v6_breath_chant_research,nam_mo_a_mi_tuo_fo_phase_marker_v1,self_timed_phase_locked_respiration_chant,南無阿彌陀佛,南無,阿,彌陀佛,inspiration_to_expiration_transition,interval_between_two_consecutive_same_phase_taps,2026-09-23,09:09:38,2026-09-23 09:09:38,1790129378876,420,Wed,3,9,9,38,morning,breath_chant_cycle,breath_chant_cycle,1,1,1,1,false,,302,676,14,8,450,295,2026-09-23_S04,4,28,0,2.169,2.169,27.662517,-0.065,0.065,-2.909579,0.804863,1,protocol_valid,3,2.197,0.033422,1.521236,0.056307,27.314158,5,2.2918,0.131952,5.757549,0.128348,26.248814,10,2.7879,1.07048,38.397353,1.23188,23.639226,21,2.496286,0.792418,31.743896,0.858278,25.483327,2026-09-23 09:09,2026-09-23 09,24,52,2026-09-23 09:08:32,2026-09-23 09:10:12,99.693,1.66155,66.285,42,2.431537,2.269,0.593509,24.408824,0.65096,0.34255,1.903,4.889,0.319,25.581655,26.443367,3.99435,15.614119,25.669614,25.497884,-0.17173,-1.688851,24.675755,2,309,309,4,11.167883,2026-09-23 08:02:46,2026-09-23 09:10:12,2.196961,1.906,5.885197,267.879029,8.281836,0.98947,0.8,104.089,0.753,35.359873,31.479538,11.595809,32.793695,154,-12.80929,232,41.764518,2.248767,232,41.764518,2.248767,232,41.764518,2.248767
1790129381159_457,v6_breath_chant_research,nam_mo_a_mi_tuo_fo_phase_marker_v1,self_timed_phase_locked_respiration_chant,南無阿彌陀佛,南無,阿,彌陀佛,inspiration_to_expiration_transition,interval_between_two_consecutive_same_phase_taps,2026-09-23,09:09:41,2026-09-23 09:09:41,1790129381159,420,Wed,3,9,9,41,morning,breath_chant_cycle,breath_chant_cycle,1,1,1,1,false,,303,677,14,9,451,296,2026-09-23_S04,4,29,0,2.283,2.283,26.281209,0.114,0.114,5.255878,-1.381308,1,protocol_valid,3,2.228667,0.057187,2.565966,0.092793,26.933794,5,2.2612,0.105175,4.651274,0.140422,26.578947,10,2.8247,1.043113,36.92829,0.732278,23.134188,21,2.506571,0.787957,31.435642,0.857873,25.352547,2026-09-23 09:09,2026-09-23 09,24,52,2026-09-23 09:08:32,2026-09-23 09:10:12,99.693,1.66155,68.568,42,2.431537,2.269,0.593509,24.408824,0.65096,0.34255,1.903,4.889,0.319,25.581655,26.443367,3.99435,15.614119,25.669614,25.497884,-0.17173,-1.688851,24.675755,2,309,309,4,11.167883,2026-09-23 08:02:46,2026-09-23 09:10:12,2.196961,1.906,5.885197,267.879029,8.281836,0.98947,0.8,104.089,0.753,35.359873,31.479538,11.595809,32.793695,154,-12.80929,232,41.764518,2.248767,232,41.764518,2.248767,232,41.764518,2.248767
1790129383128_458,v6_breath_chant_research,nam_mo_a_mi_tuo_fo_phase_marker_v1,self_timed_phase_locked_respiration_chant,南無阿彌陀佛,南無,阿,彌陀佛,inspiration_to_expiration_transition,interval_between_two_consecutive_same_phase_taps,2026-09-23,09:09:43,2026-09-23 09:09:43,1790129383128,420,Wed,3,9,9,43,morning,breath_chant_cycle,breath_chant_cycle,1,1,1,1,false,,304,678,14,10,452,297,2026-09-23_S04,4,30,0,1.969,1.969,30.472321,-0.314,0.314,-13.753833,4.191112,1,protocol_valid,3,2.140333,0.158951,7.426447,0.236212,28.138682,5,2.1686,0.11998,5.532621,0.171707,27.739201,10,2.5327,0.775387,30.615016,0.736741,24.954175,21,2.509714,0.785557,31.300655,0.85995,25.302221,2026-09-23 09:09,2026-09-23 09,24,52,2026-09-23 09:08:32,2026-09-23 09:10:12,99.693,1.66155,70.537,42,2.431537,2.269,0.593509,24.408824,0.65096,0.34255,1.903,4.889,0.319,25.581655,26.443367,3.99435,15.614119,25.669614,25.497884,-0.17173,-1.688851,24.675755,2,309,309,4,11.167883,2026-09-23 08:02:46,2026-09-23 09:10:12,2.196961,1.906,5.885197,267.879029,8.281836,0.98947,0.8,104.089,0.753,35.359873,31.479538,11.595809,32.793695,154,-12.80929,232,41.764518,2.248767,232,41.764518,2.248767,232,41.764518,2.248767
1790129385661_459,v6_breath_chant_research,nam_mo_a_mi_tuo_fo_phase_marker_v1,self_timed_phase_locked_respiration_chant,南無阿彌陀佛,南無,阿,彌陀佛,inspiration_to_expiration_transition,interval_between_two_consecutive_same_phase_taps,2026-09-23,09:09:45,2026-09-23 09:09:45,1790129385661,420,Wed,3,9,9,45,morning,breath_chant_cycle,breath_chant_cycle,1,1,1,1,false,,305,679,14,11,453,298,2026-09-23_S04,4,31,0,2.533,2.533,23.687327,0.564,0.564,28.643982,-6.784994,1,protocol_valid,3,2.261667,0.282605,12.495411,0.456449,26.813619,5,2.2376,0.20383,9.109328,0.32936,26.992206,10,2.317,0.180065,7.771463,0.238426,26.04359,21,2.531857,0.77901,30.768322,0.869019,25.048592,2026-09-23 09:09,2026-09-23 09,24,52,2026-09-23 09:08:32,2026-09-23 09:10:12,99.693,1.66155,73.07,42,2.431537,2.269,0.593509,24.408824,0.65096,0.34255,1.903,4.889,0.319,25.581655,26.443367,3.99435,15.614119,25.669614,25.497884,-0.17173,-1.688851,24.675755,2,309,309,4,11.167883,2026-09-23 08:02:46,2026-09-23 09:10:12,2.196961,1.906,5.885197,267.879029,8.281836,0.98947,0.8,104.089,0.753,35.359873,31.479538,11.595809,32.793695,154,-12.80929,232,41.764518,2.248767,232,41.764518,2.248767,232,41.764518,2.248767
1790129388198_460,v6_breath_chant_research,nam_mo_a_mi_tuo_fo_phase_marker_v1,self_timed_phase_locked_respiration_chant,南無阿彌陀佛,南無,阿,彌陀佛,inspiration_to_expiration_transition,interval_between_two_consecutive_same_phase_taps,2026-09-23,09:09:48,2026-09-23 09:09:48,1790129388198,420,Wed,3,9,9,48,morning,breath_chant_cycle,breath_chant_cycle,1,1,1,1,false,,306,680,14,12,454,299,2026-09-23_S04,4,32,0,2.537,2.537,23.64998,0.004,0.004,0.157916,-0.037347,1,protocol_valid,3,2.346333,0.326786,13.927534,0.398818,25.936543,5,2.2982,0.243646,10.601586,0.327759,26.350671,10,2.3183,0.181764,7.84041,0.234936,26.031409,21,2.551,0.773691,30.328943,0.868646,24.836541,2026-09-23 09:09,2026-09-23 09,24,52,2026-09-23 09:08:32,2026-09-23 09:10:12,99.693,1.66155,75.607,42,2.431537,2.269,0.593509,24.408824,0.65096,0.34255,1.903,4.889,0.319,25.581655,26.443367,3.99435,15.614119,25.669614,25.497884,-0.17173,-1.688851,24.675755,2,309,309,4,11.167883,2026-09-23 08:02:46,2026-09-23 09:10:12,2.196961,1.906,5.885197,267.879029,8.281836,0.98947,0.8,104.089,0.753,35.359873,31.479538,11.595809,32.793695,154,-12.80929,232,41.764518,2.248767,232,41.764518,2.248767,232,41.764518,2.248767
1790129390467_461,v6_breath_chant_research,nam_mo_a_mi_tuo_fo_phase_marker_v1,self_timed_phase_locked_respiration_chant,南無阿彌陀佛,南無,阿,彌陀佛,inspiration_to_expiration_transition,interval_between_two_consecutive_same_phase_taps,2026-09-23,09:09:50,2026-09-23 09:09:50,1790129390467,420,Wed,3,9,9,50,morning,breath_chant_cycle,breath_chant_cycle,1,1,1,1,false,,307,681,14,13,455,300,2026-09-23_S04,4,33,0,2.269,2.269,26.443367,-0.268,0.268,-10.563658,2.793387,1,protocol_valid,3,2.446333,0.153588,6.278302,0.189526,24.593558,5,2.3182,0.234314,10.107597,0.349475,26.106841,10,2.305,0.179815,7.801072,0.251091,26.177827,21,2.551952,0.773313,30.302808,0.870522,24.825344,2026-09-23 09:09,2026-09-23 09,24,52,2026-09-23 09:08:32,2026-09-23 09:10:12,99.693,1.66155,77.876,42,2.431537,2.269,0.593509,24.408824,0.65096,0.34255,1.903,4.889,0.319,25.581655,26.443367,3.99435,15.614119,25.669614,25.497884,-0.17173,-1.688851,24.675755,2,309,309,4,11.167883,2026-09-23 08:02:46,2026-09-23 09:10:12,2.196961,1.906,5.885197,267.879029,8.281836,0.98947,0.8,104.089,0.753,35.359873,31.479538,11.595809,32.793695,154,-12.80929,232,41.764518,2.248767,232,41.764518,2.248767,232,41.764518,2.248767
1790129392471_462,v6_breath_chant_research,nam_mo_a_mi_tuo_fo_phase_marker_v1,self_timed_phase_locked_respiration_chant,南無阿彌陀佛,南無,阿,彌陀佛,inspiration_to_expiration_transition,interval_between_two_consecutive_same_phase_taps,2026-09-23,09:09:52,2026-09-23 09:09:52,1790129392471,420,Wed,3,9,9,52,morning,breath_chant_cycle,breath_chant_cycle,1,1,1,1,false,,308,682,14,14,456,301,2026-09-23_S04,4,34,0,2.004,2.004,29.94012,-0.265,0.265,-11.679154,3.496753,1,protocol_valid,3,2.27,0.266501,11.74015,0.266504,26.677822,5,2.2624,0.274557,12.135673,0.339176,26.838623,10,2.2618,0.19601,8.666086,0.266172,26.708785,21,2.544143,0.778197,30.587796,0.871534,24.933193,2026-09-23 09:09,2026-09-23 09,24,52,2026-09-23 09:08:32,2026-09-23 09:10:12,99.693,1.66155,79.88,42,2.431537,2.269,0.593509,24.408824,0.65096,0.34255,1.903,4.889,0.319,25.581655,26.443367,3.99435,15.614119,25.669614,25.497884,-0.17173,-1.688851,24.675755,2,309,309,4,11.167883,2026-09-23 08:02:46,2026-09-23 09:10:12,2.196961,1.906,5.885197,267.879029,8.281836,0.98947,0.8,104.089,0.753,35.359873,31.479538,11.595809,32.793695,154,-12.80929,232,41.764518,2.248767,232,41.764518,2.248767,232,41.764518,2.248767
1790129394787_463,v6_breath_chant_research,nam_mo_a_mi_tuo_fo_phase_marker_v1,self_timed_phase_locked_respiration_chant,南無阿彌陀佛,南無,阿,彌陀佛,inspiration_to_expiration_transition,interval_between_two_consecutive_same_phase_taps,2026-09-23,09:09:54,2026-09-23 09:09:54,1790129394787,420,Wed,3,9,9,54,morning,breath_chant_cycle,breath_chant_cycle,1,1,1,1,false,,309,683,14,15,457,302,2026-09-23_S04,4,35,0,2.316,2.316,25.906736,0.312,0.312,15.568862,-4.033384,1,protocol_valid,3,2.196333,0.168215,7.658908,0.289456,27.430074,5,2.3318,0.22036,9.450227,0.244647,25.925506,10,2.2502,0.18809,8.358825,0.27395,26.832354,21,2.542286,0.778718,30.630607,0.87391,24.953623,2026-09-23 09:09,2026-09-23 09,24,52,2026-09-23 09:08:32,2026-09-23 09:10:12,99.693,1.66155,82.196,42,2.431537,2.269,0.593509,24.408824,0.65096,0.34255,1.903,4.889,0.319,25.581655,26.443367,3.99435,15.614119,25.669614,25.497884,-0.17173,-1.688851,24.675755,2,309,309,4,11.167883,2026-09-23 08:02:46,2026-09-23 09:10:12,2.196961,1.906,5.885197,267.879029,8.281836,0.98947,0.8,104.089,0.753,35.359873,31.479538,11.595809,32.793695,154,-12.80929,232,41.764518,2.248767,232,41.764518,2.248767,232,41.764518,2.248767
1790129397274_464,v6_breath_chant_research,nam_mo_a_mi_tuo_fo_phase_marker_v1,self_timed_phase_locked_respiration_chant,南無阿彌陀佛,南無,阿,彌陀佛,inspiration_to_expiration_transition,interval_between_two_consecutive_same_phase_taps,2026-09-23,09:09:57,2026-09-23 09:09:57,1790129397274,420,Wed,3,9,9,57,morning,breath_chant_cycle,breath_chant_cycle,1,1,1,1,false,,310,684,14,16,458,303,2026-09-23_S04,4,36,0,2.487,2.487,24.125452,0.171,0.171,7.38342,-1.781283,1,protocol_valid,3,2.269,0.244906,10.79357,0.25158,26.657436,5,2.3226,0.210605,9.067623,0.25915,26.013131,10,2.2801,0.200462,8.791829,0.279397,26.502668,21,2.554286,0.775681,30.367834,0.874745,24.82409,2026-09-23 09:09,2026-09-23 09,24,52,2026-09-23 09:08:32,2026-09-23 09:10:12,99.693,1.66155,84.683,42,2.431537,2.269,0.593509,24.408824,0.65096,0.34255,1.903,4.889,0.319,25.581655,26.443367,3.99435,15.614119,25.669614,25.497884,-0.17173,-1.688851,24.675755,2,309,309,4,11.167883,2026-09-23 08:02:46,2026-09-23 09:10:12,2.196961,1.906,5.885197,267.879029,8.281836,0.98947,0.8,104.089,0.753,35.359873,31.479538,11.595809,32.793695,154,-12.80929,232,41.764518,2.248767,232,41.764518,2.248767,232,41.764518,2.248767
1790129399691_465,v6_breath_chant_research,nam_mo_a_mi_tuo_fo_phase_marker_v1,self_timed_phase_locked_respiration_chant,南無阿彌陀佛,南無,阿,彌陀佛,inspiration_to_expiration_transition,interval_between_two_consecutive_same_phase_taps,2026-09-23,09:09:59,2026-09-23 09:09:59,1790129399691,420,Wed,3,9,9,59,morning,breath_chant_cycle,breath_chant_cycle,1,1,1,1,false,,311,685,14,17,459,304,2026-09-23_S04,4,37,0,2.417,2.417,24.824162,-0.07,0.07,-2.814636,0.69871,1,protocol_valid,3,2.406667,0.085967,3.572038,0.130654,24.952117,5,2.2986,0.185392,8.065444,0.224561,26.247967,10,2.2984,0.204106,8.880364,0.279531,26.299319,21,2.562619,0.773094,30.168131,0.862878,24.731821,2026-09-23 09:09,2026-09-23 09,24,52,2026-09-23 09:08:32,2026-09-23 09:10:12,99.693,1.66155,87.1,42,2.431537,2.269,0.593509,24.408824,0.65096,0.34255,1.903,4.889,0.319,25.581655,26.443367,3.99435,15.614119,25.669614,25.497884,-0.17173,-1.688851,24.675755,2,309,309,4,11.167883,2026-09-23 08:02:46,2026-09-23 09:10:12,2.196961,1.906,5.885197,267.879029,8.281836,0.98947,0.8,104.089,0.753,35.359873,31.479538,11.595809,32.793695,154,-12.80929,232,41.764518,2.248767,232,41.764518,2.248767,232,41.764518,2.248767
1790129401843_466,v6_breath_chant_research,nam_mo_a_mi_tuo_fo_phase_marker_v1,self_timed_phase_locked_respiration_chant,南無阿彌陀佛,南無,阿,彌陀佛,inspiration_to_expiration_transition,interval_between_two_consecutive_same_phase_taps,2026-09-23,09:10:01,2026-09-23 09:10:01,1790129401843,420,Wed,3,9,10,1,morning,breath_chant_cycle,breath_chant_cycle,1,1,1,1,false,,312,686,14,18,460,305,2026-09-23_S04,4,38,0,2.152,2.152,27.881041,-0.265,0.265,-10.964005,3.056879,1,protocol_valid,3,2.352,0.176706,7.513009,0.19381,25.610218,5,2.2752,0.197078,8.662003,0.224561,26.535502,10,2.2967,0.205371,8.94199,0.290683,26.321172,21,2.527571,0.774288,30.633671,0.852419,25.070174,2026-09-23 09:10,2026-09-23 09,5,52,2026-09-23 09:08:32,2026-09-23 09:10:12,99.693,1.66155,89.252,42,2.431537,2.269,0.593509,24.408824,0.65096,0.34255,1.903,4.889,0.319,25.581655,26.443367,3.99435,15.614119,25.669614,25.497884,-0.17173,-1.688851,24.675755,2,309,309,4,11.167883,2026-09-23 08:02:46,2026-09-23 09:10:12,2.196961,1.906,5.885197,267.879029,8.281836,0.98947,0.8,104.089,0.753,35.359873,31.479538,11.595809,32.793695,154,-12.80929,232,41.764518,2.248767,232,41.764518,2.248767,232,41.764518,2.248767
1790129404361_467,v6_breath_chant_research,nam_mo_a_mi_tuo_fo_phase_marker_v1,self_timed_phase_locked_respiration_chant,南無阿彌陀佛,南無,阿,彌陀佛,inspiration_to_expiration_transition,interval_between_two_consecutive_same_phase_taps,2026-09-23,09:10:04,2026-09-23 09:10:04,1790129404361,420,Wed,3,9,10,4,morning,breath_chant_cycle,breath_chant_cycle,1,1,1,1,false,,313,687,14,19,461,306,2026-09-23_S04,4,39,0,2.518,2.518,23.828435,0.366,0.366,17.007435,-4.052606,1,protocol_valid,3,2.362333,0.189025,8.00161,0.319516,25.511213,5,2.378,0.148258,6.234576,0.244091,25.313165,10,2.3202,0.216758,9.342227,0.297364,26.075894,21,2.541143,0.771359,30.354797,0.853381,24.925353,2026-09-23 09:10,2026-09-23 09,5,52,2026-09-23 09:08:32,2026-09-23 09:10:12,99.693,1.66155,91.77,42,2.431537,2.269,0.593509,24.408824,0.65096,0.34255,1.903,4.889,0.319,25.581655,26.443367,3.99435,15.614119,25.669614,25.497884,-0.17173,-1.688851,24.675755,2,309,309,4,11.167883,2026-09-23 08:02:46,2026-09-23 09:10:12,2.196961,1.906,5.885197,267.879029,8.281836,0.98947,0.8,104.089,0.753,35.359873,31.479538,11.595809,32.793695,154,-12.80929,232,41.764518,2.248767,232,41.764518,2.248767,232,41.764518,2.248767
1790129406830_468,v6_breath_chant_research,nam_mo_a_mi_tuo_fo_phase_marker_v1,self_timed_phase_locked_respiration_chant,南無阿彌陀佛,南無,阿,彌陀佛,inspiration_to_expiration_transition,interval_between_two_consecutive_same_phase_taps,2026-09-23,09:10:06,2026-09-23 09:10:06,1790129406830,420,Wed,3,9,10,6,morning,breath_chant_cycle,breath_chant_cycle,1,1,1,1,false,,314,688,14,20,462,307,2026-09-23_S04,4,40,0,2.469,2.469,24.301337,-0.049,0.049,-1.945989,0.472901,1,protocol_valid,3,2.379667,0.198681,8.349131,0.26111,25.336938,5,2.4086,0.148052,6.146794,0.229936,24.992085,10,2.3702,0.181554,7.659872,0.230972,25.458796,21,2.567524,0.758235,29.53178,0.534926,24.590579,2026-09-23 09:10,2026-09-23 09,5,52,2026-09-23 09:08:32,2026-09-23 09:10:12,99.693,1.66155,94.239,42,2.431537,2.269,0.593509,24.408824,0.65096,0.34255,1.903,4.889,0.319,25.581655,26.443367,3.99435,15.614119,25.669614,25.497884,-0.17173,-1.688851,24.675755,2,309,309,4,11.167883,2026-09-23 08:02:46,2026-09-23 09:10:12,2.196961,1.906,5.885197,267.879029,8.281836,0.98947,0.8,104.089,0.753,35.359873,31.479538,11.595809,32.793695,154,-12.80929,232,41.764518,2.248767,232,41.764518,2.248767,232,41.764518,2.248767
1790129409418_469,v6_breath_chant_research,nam_mo_a_mi_tuo_fo_phase_marker_v1,self_timed_phase_locked_respiration_chant,南無阿彌陀佛,南無,阿,彌陀佛,inspiration_to_expiration_transition,interval_between_two_consecutive_same_phase_taps,2026-09-23,09:10:09,2026-09-23 09:10:09,1790129409418,420,Wed,3,9,10,9,morning,breath_chant_cycle,breath_chant_cycle,1,1,1,1,false,,315,689,15,0,463,308,2026-09-23_S04,4,41,0,2.588,2.588,23.183926,0.119,0.119,4.819765,-1.117411,1,protocol_valid,3,2.525,0.059808,2.368635,0.091,23.771233,5,2.4288,0.167089,6.879484,0.234916,24.80378,10,2.3757,0.187761,7.903401,0.234349,25.408456,21,2.457952,0.541178,22.017418,0.533735,25.110173,2026-09-23 09:10,2026-09-23 09,5,52,2026-09-23 09:08:32,2026-09-23 09:10:12,99.693,1.66155,96.827,42,2.431537,2.269,0.593509,24.408824,0.65096,0.34255,1.903,4.889,0.319,25.581655,26.443367,3.99435,15.614119,25.669614,25.497884,-0.17173,-1.688851,24.675755,2,309,309,4,11.167883,2026-09-23 08:02:46,2026-09-23 09:10:12,2.196961,1.906,5.885197,267.879029,8.281836,0.98947,0.8,104.089,0.753,35.359873,31.479538,11.595809,32.793695,154,-12.80929,232,41.764518,2.248767,232,41.764518,2.248767,232,41.764518,2.248767
1790129412284_470,v6_breath_chant_research,nam_mo_a_mi_tuo_fo_phase_marker_v1,self_timed_phase_locked_respiration_chant,南無阿彌陀佛,南無,阿,彌陀佛,inspiration_to_expiration_transition,interval_between_two_consecutive_same_phase_taps,2026-09-23,09:10:12,2026-09-23 09:10:12,1790129412284,420,Wed,3,9,10,12,morning,breath_chant_cycle,breath_chant_cycle,1,1,1,1,false,,316,690,15,1,464,309,2026-09-23_S04,4,42,0,2.866,2.866,20.935101,0.278,0.278,10.741886,-2.248825,1,protocol_valid,3,2.641,0.203738,7.71441,0.213828,22.806788,5,2.5186,0.256105,10.168548,0.238643,24.025968,10,2.4086,0.240564,9.987721,0.23564,25.136968,21,2.371095,0.210179,8.864214,0.232723,25.497884,2026-09-23 09:10,2026-09-23 09,5,52,2026-09-23 09:08:32,2026-09-23 09:10:12,99.693,1.66155,99.693,42,2.431537,2.269,0.593509,24.408824,0.65096,0.34255,1.903,4.889,0.319,25.581655,26.443367,3.99435,15.614119,25.669614,25.497884,-0.17173,-1.688851,24.675755,2,309,309,4,11.167883,2026-09-23 08:02:46,2026-09-23 09:10:12,2.196961,1.906,5.885197,267.879029,8.281836,0.98947,0.8,104.089,0.753,35.359873,31.479538,11.595809,32.793695,154,-12.80929,232,41.764518,2.248767,232,41.764518,2.248767,232,41.764518,2.248767
